niv,siruta,name,postal,jud,sirsup,tip,med,regiune,nuts
1,10,JUDEŢUL ALBA,,1,1,40,0,7,RO121
2,1017,MUNICIPIUL ALBA IULIA,,1,10,1,1,7,RO121
3,1026,ALBA IULIA,510005,1,1017,9,1,7,RO121
3,1035,BĂRĂBANŢ,510001,1,1017,10,1,7,RO121
3,1044,MICEŞTI,510002,1,1017,10,1,7,RO121
3,1053,OARDA,510003,1,1017,10,1,7,RO121
3,1062,PÂCLIŞA,510004,1,1017,10,1,7,RO121
2,1213,MUNICIPIUL AIUD,,1,10,4,1,7,RO121
3,1222,AIUD,515200,1,1213,9,1,7,RO121
3,1231,AIUDUL DE SUS,515201,1,1213,10,1,7,RO121
3,1277,CIUMBRUD,515202,1,1213,11,1,7,RO121
3,1240,GÂMBAŞ,515203,1,1213,10,1,7,RO121
3,1286,GÂRBOVA DE JOS,515204,1,1213,11,1,7,RO121
3,1295,GÂRBOVA DE SUS,515205,1,1213,11,1,7,RO121
3,1302,GÂRBOVIŢA,515206,1,1213,11,1,7,RO121
3,1259,MĂGINA,515207,1,1213,10,1,7,RO121
3,1268,PĂGIDA,515208,1,1213,10,1,7,RO121
3,1311,SÂNCRAI,515209,1,1213,11,1,7,RO121
3,1320,ŢIFRA,515210,1,1213,11,1,7,RO121
2,1348,MUNICIPIUL BLAJ,,1,10,4,1,7,RO121
3,1357,BLAJ,515400,1,1348,9,1,7,RO121
3,1366,DELENI-OBÂRŞIE,515401,1,1348,10,1,7,RO121
3,1375,FLITEŞTI,515402,1,1348,10,1,7,RO121
3,1384,IZVOARELE,515403,1,1348,10,1,7,RO121
3,1428,MĂNĂRADE,515404,1,1348,11,1,7,RO121
3,1393,PETRISAT,515405,1,1348,10,1,7,RO121
3,1437,SPĂTAC,515406,1,1348,11,1,7,RO121
3,1400,TIUR,515407,1,1348,10,1,7,RO121
3,1419,VEZA,515408,1,1348,10,1,7,RO121
2,1874,MUNICIPIUL SEBEŞ,,1,10,4,1,7,RO121
3,1883,SEBEŞ,515800,1,1874,9,1,7,RO121
3,1892,LANCRĂM,515801,1,1874,10,1,7,RO121
3,1909,PETREŞTI,515850,1,1874,10,1,7,RO121
3,1918,RĂHĂU,515802,1,1874,11,1,7,RO121
2,1151,ORAŞ ABRUD,,1,10,2,1,7,RO121
3,1160,ABRUD,515100,1,1151,17,1,7,RO121
3,1179,ABRUD-SAT,515101,1,1151,18,1,7,RO121
3,1188,GURA CORNEI,515102,1,1151,18,1,7,RO121
3,1197,SOHARU,515103,1,1151,18,1,7,RO121
2,2915,ORAŞ BAIA DE ARIEŞ,,1,10,2,1,7,RO121
3,2924,BAIA DE ARIEŞ,515300,1,2915,17,1,7,RO121
3,2933,BRĂZEŞTI,515301,1,2915,19,1,7,RO121
3,2942,CIOARA DE SUS,515302,1,2915,19,1,7,RO121
3,2951,MUNCELU,515303,1,2915,19,1,7,RO121
3,2960,SARTĂŞ,515304,1,2915,19,1,7,RO121
3,2979,SIMULEŞTI,515305,1,2915,19,1,7,RO121
2,1455,ORAŞ CÂMPENI,,1,10,2,1,7,RO121
3,1464,CÂMPENI,515500,1,1455,17,1,7,RO121
3,1473,BONCEŞTI,515501,1,1455,18,1,7,RO121
3,1482,BORLEŞTI,515502,1,1455,18,1,7,RO121
3,1491,BOTEŞTI,515503,1,1455,18,1,7,RO121
3,1507,CERTEGE,515504,1,1455,18,1,7,RO121
3,1516,COASTA VÂSCULUI,515505,1,1455,18,1,7,RO121
3,1525,DĂNDUŢ,515506,1,1455,18,1,7,RO121
3,1534,DEALU BISTRII,515507,1,1455,18,1,7,RO121
3,1543,DEALU CAPSEI,515508,1,1455,18,1,7,RO121
3,1552,DRIC,515509,1,1455,18,1,7,RO121
3,1561,FAŢA ABRUDULUI,515510,1,1455,18,1,7,RO121
3,1570,FLOREŞTI,515511,1,1455,18,1,7,RO121
3,1589,FURDUIEŞTI,515512,1,1455,18,1,7,RO121
3,1598,MIHOEŞTI,515513,1,1455,18,1,7,RO121
3,1605,MOTORĂŞTI,515514,1,1455,18,1,7,RO121
3,1614,PESTE VALEA BISTRII,515515,1,1455,18,1,7,RO121
3,1623,PODURI,515516,1,1455,18,1,7,RO121
3,1632,SORLIŢA,515517,1,1455,18,1,7,RO121
3,1641,TOMUŞEŞTI,515518,1,1455,18,1,7,RO121
3,1650,VALEA BISTRII,515519,1,1455,18,1,7,RO121
3,1669,VALEA CASELOR,515520,1,1455,18,1,7,RO121
3,1678,VÂRŞI,515521,1,1455,18,1,7,RO121
2,1696,ORAŞ CUGIR,,1,10,2,1,7,RO121
3,1703,CUGIR,515600,1,1696,17,1,7,RO121
3,1712,BOCŞITURA,515601,1,1696,18,1,7,RO121
3,1721,BUCURU,515602,1,1696,18,1,7,RO121
3,1730,CĂLENE,515603,1,1696,18,1,7,RO121
3,1749,FEŢENI,515604,1,1696,18,1,7,RO121
3,1758,GOAŞELE,515605,1,1696,18,1,7,RO121
3,1767,MUGEŞTI,515606,1,1696,18,1,7,RO121
3,1776,VINEREA,515607,1,1696,18,1,7,RO121
2,1794,ORAŞ OCNA MUREŞ,,1,10,2,1,7,RO121
3,1801,OCNA MUREŞ,515700,1,1794,17,1,7,RO121
3,1838,CISTEIU DE MUREŞ,515701,1,1794,19,1,7,RO121
3,1847,MICOŞLACA,515702,1,1794,19,1,7,RO121
3,1856,RĂZBOIENI-CETATE,515703,1,1794,19,1,7,RO121
3,1810,UIOARA DE JOS,515704,1,1794,18,1,7,RO121
3,1829,UIOARA DE SUS,515705,1,1794,18,1,7,RO121
2,8096,ORAŞ TEIUŞ,,1,10,2,1,7,RO121
3,8103,TEIUŞ,515900,1,8096,17,1,7,RO121
3,8112,BELDIU,515901,1,8096,19,1,7,RO121
3,8121,CĂPUD,515902,1,8096,19,1,7,RO121
3,8130,COŞLARIU NOU,515903,1,8096,19,1,7,RO121
3,8149,PEŢELCA,515904,1,8096,19,1,7,RO121
2,1936,ORAŞ ZLATNA,,1,10,2,1,7,RO121
3,1945,ZLATNA,516100,1,1936,17,1,7,RO121
3,1954,BOTEŞTI,516101,1,1936,19,1,7,RO121
3,1963,BUDENI,516102,1,1936,19,1,7,RO121
3,1972,DEALU ROATEI,516103,1,1936,19,1,7,RO121
3,1981,DOBROT,516104,1,1936,19,1,7,RO121
3,1990,DUMBRAVA,516105,1,1936,19,1,7,RO121
3,2005,FENEŞ,516106,1,1936,19,1,7,RO121
3,2014,GALAŢI,516107,1,1936,19,1,7,RO121
3,2023,IZVORU AMPOIULUI,516108,1,1936,19,1,7,RO121
3,2032,PĂTRÂNGENI,516109,1,1936,19,1,7,RO121
3,2050,PÂRĂU GRUIULUI,516110,1,1936,19,1,7,RO121
3,2041,PIRITA,516111,1,1936,19,1,7,RO121
3,2069,PODU LUI PAUL,516112,1,1936,19,1,7,RO121
3,2078,RUNC,516113,1,1936,19,1,7,RO121
3,2087,RUŞI,516114,1,1936,19,1,7,RO121
3,2096,SUSENI,516115,1,1936,19,1,7,RO121
3,2103,TRÂMPOIELE,516116,1,1936,19,1,7,RO121
3,2112,VALEA MICĂ,516117,1,1936,19,1,7,RO121
3,2121,VÂLTORI,516118,1,1936,19,1,7,RO121
2,2130,ALBAC,,1,10,3,3,7,RO121
3,2149,ALBAC,517005,1,2130,22,3,7,RO121
3,2158,BĂRĂŞTI,517006,1,2130,23,3,7,RO121
3,2167,BUDĂIEŞTI,517007,1,2130,23,3,7,RO121
3,2176,CIONEŞTI,517008,1,2130,23,3,7,RO121
3,2185,COSTEŞTI,517009,1,2130,23,3,7,RO121
3,2194,DEALU LĂMĂŞOI,517011,1,2130,23,3,7,RO121
3,2201,DEVE,517012,1,2130,23,3,7,RO121
3,2210,DUPĂ PLEŞE,517013,1,2130,23,3,7,RO121
3,2229,FAŢA,517014,1,2130,23,3,7,RO121
3,2238,PLEŞEŞTI,517016,1,2130,23,3,7,RO121
3,2247,POTIONCI,517017,1,2130,23,3,7,RO121
3,2256,ROGOZ,517018,1,2130,23,3,7,RO121
3,2265,ROŞEŞTI,517019,1,2130,23,3,7,RO121
3,2274,RUSEŞTI,517021,1,2130,23,3,7,RO121
3,2283,SOHODOL,517022,1,2130,23,3,7,RO121
3,2292,TAMBOREŞTI,517023,1,2130,23,3,7,RO121
2,2309,ALMAŞU MARE,,1,10,3,3,7,RO121
3,2318,ALMAŞU MARE,517030,1,2309,22,3,7,RO121
3,2327,ALMAŞU DE MIJLOC,517031,1,2309,23,3,7,RO121
3,2336,BRĂDET,517032,1,2309,23,3,7,RO121
3,2345,CHEILE CIBULUI,517033,1,2309,23,3,7,RO121
3,2354,CIB,517034,1,2309,23,3,7,RO121
3,2363,GLOD,517036,1,2309,23,3,7,RO121
3,2372,NĂDĂŞTIA,517038,1,2309,23,3,7,RO121
2,2381,ARIEŞENI,,1,10,3,3,7,RO121
3,2390,ARIEŞENI,517040,1,2381,22,3,7,RO121
3,2407,AVRĂMEŞTI,517041,1,2381,23,3,7,RO121
3,2416,BUBEŞTI,517042,1,2381,23,3,7,RO121
3,2425,CASA DE PIATRĂ,517043,1,2381,23,3,7,RO121
3,2434,COBLEŞ,517044,1,2381,23,3,7,RO121
3,2443,DEALU BAJULUI,517046,1,2381,23,3,7,RO121
3,2452,FAŢA CRISTESEI,517047,1,2381,23,3,7,RO121
3,2461,FAŢA LĂPUŞULUI,517048,1,2381,23,3,7,RO121
3,2470,GALBENA,517049,1,2381,23,3,7,RO121
3,2489,HODOBANA,517051,1,2381,23,3,7,RO121
3,2498,IZLAZ,517052,1,2381,23,3,7,RO121
3,2504,PĂNTEŞTI,517053,1,2381,23,3,7,RO121
3,2513,PĂTRĂHĂIŢEŞTI,517054,1,2381,23,3,7,RO121
3,2522,POIENIŢA,517056,1,2381,23,3,7,RO121
3,2531,RAVICEŞTI,517057,1,2381,23,3,7,RO121
3,2540,STURU,517058,1,2381,23,3,7,RO121
3,2559,ŞTEI-ARIEŞENI,517059,1,2381,23,3,7,RO121
3,2568,VANVUCEŞTI,517061,1,2381,23,3,7,RO121
2,2577,AVRAM IANCU,,1,10,3,3,7,RO121
3,2586,AVRAM IANCU,517065,1,2577,22,3,7,RO121
3,2595,ACHIMEŢEŞTI,517066,1,2577,23,3,7,RO121
3,2602,AVRĂMEŞTI,517067,1,2577,23,3,7,RO121
3,2611,BĂDĂI,517068,1,2577,23,3,7,RO121
3,2620,BOLDEŞTI,517069,1,2577,23,3,7,RO121
3,2639,CĂLUGĂREŞTI,517071,1,2577,23,3,7,RO121
3,2648,CĂSOAIA,517072,1,2577,23,3,7,RO121
3,2657,CÂNDEŞTI,517073,1,2577,23,3,7,RO121
3,2666,CÂRĂŞTI,517074,1,2577,23,3,7,RO121
3,2675,CÂRŢULEŞTI,517076,1,2577,23,3,7,RO121
3,2684,COCEŞTI,517077,1,2577,23,3,7,RO121
3,2693,COCOŞEŞTI,517078,1,2577,23,3,7,RO121
3,2700,COROIEŞTI,517079,1,2577,23,3,7,RO121
3,2719,DEALU CRIŞULUI,517081,1,2577,23,3,7,RO121
3,2728,DOLEŞTI,517082,1,2577,23,3,7,RO121
3,2737,DUMĂCEŞTI,517083,1,2577,23,3,7,RO121
3,2746,GOJEIEŞTI,517084,1,2577,23,3,7,RO121
3,2755,HELEREŞTI,517086,1,2577,23,3,7,RO121
3,2764,INCEŞTI,517087,1,2577,23,3,7,RO121
3,2773,JOJEI,517088,1,2577,23,3,7,RO121
3,2782,MĂRTEŞTI,517089,1,2577,23,3,7,RO121
3,2791,ORGEŞTI,517091,1,2577,23,3,7,RO121
3,2808,PĂTRUŢEŞTI,517092,1,2577,23,3,7,RO121
3,2817,PLAI,517093,1,2577,23,3,7,RO121
3,2826,PUŞELEŞTI,517094,1,2577,23,3,7,RO121
3,2835,ŞOICEŞTI,517096,1,2577,23,3,7,RO121
3,2844,ŞTERTEŞTI,517097,1,2577,23,3,7,RO121
3,2853,TÂRSA,517098,1,2577,23,3,7,RO121
3,2862,TÂRSA-PLAI,517099,1,2577,23,3,7,RO121
3,2871,VALEA MACIULUI,517101,1,2577,23,3,7,RO121
3,2880,VALEA UŢULUI,517102,1,2577,23,3,7,RO121
3,2899,VERDEŞTI,517103,1,2577,23,3,7,RO121
3,2906,VIDRIŞOARA,517104,1,2577,23,3,7,RO121
2,2988,BERGHIN,,1,10,3,3,7,RO121
3,2997,BERGHIN,517110,1,2988,22,3,7,RO121
3,3002,GHIRBOM,517111,1,2988,23,3,7,RO121
3,3011,HENIG,517112,1,2988,23,3,7,RO121
3,3020,STRAJA,517113,1,2988,23,3,7,RO121
2,3039,BISTRA,,1,10,3,3,7,RO121
3,3048,BISTRA,517115,1,3039,22,3,7,RO121
3,3057,ARONEŞTI,517116,1,3039,23,3,7,RO121
3,3066,BĂLEŞTI,517117,1,3039,23,3,7,RO121
3,3075,BĂLEŞTI-CĂTUN,517118,1,3039,23,3,7,RO121
3,3084,BÂRLEŞTI,517119,1,3039,23,3,7,RO121
3,3093,CHELETENI,517121,1,3039,23,3,7,RO121
3,3100,CIULDEŞTI,517122,1,3039,23,3,7,RO121
3,3119,CREŢEŞTI,517123,1,3039,23,3,7,RO121
3,3137,DÂMBURENI,517124,1,3039,23,3,7,RO121
3,3128,DEALU MUNTELUI,517126,1,3039,23,3,7,RO121
3,3146,DURĂŞTI,517127,1,3039,23,3,7,RO121
3,3155,GĂNEŞTI,517128,1,3039,23,3,7,RO121
3,3164,GÂRDE,517129,1,3039,23,3,7,RO121
3,3173,HODIŞEŞTI,517131,1,3039,23,3,7,RO121
3,3182,HUDRICEŞTI,517132,1,3039,23,3,7,RO121
3,3191,LIPAIA,517133,1,3039,23,3,7,RO121
3,3208,LUNCA LARGĂ,517134,1,3039,23,3,7,RO121
3,3217,LUNCA MERILOR,517136,1,3039,23,3,7,RO121
3,3226,MIHĂIEŞTI,517137,1,3039,23,3,7,RO121
3,3235,NĂMAŞ,517138,1,3039,23,3,7,RO121
3,3244,NOVĂCEŞTI,517139,1,3039,23,3,7,RO121
3,3253,PERJEŞTI,517141,1,3039,23,3,7,RO121
3,3262,POIANA,517142,1,3039,23,3,7,RO121
3,3271,POIU,517143,1,3039,23,3,7,RO121
3,3280,RĂTITIŞ,517144,1,3039,23,3,7,RO121
3,3299,RUNCURI,517146,1,3039,23,3,7,RO121
3,3306,SĂLĂGEŞTI,517147,1,3039,23,3,7,RO121
3,3315,ŞTEFANCA,517148,1,3039,23,3,7,RO121
3,3324,TOLĂCEŞTI,517149,1,3039,23,3,7,RO121
3,3333,TOMNATEC,517151,1,3039,23,3,7,RO121
3,3342,TRIŞOREŞTI,517152,1,3039,23,3,7,RO121
3,3351,ŢĂRĂNEŞTI,517153,1,3039,23,3,7,RO121
3,3379,VÂRŞII MARI,517156,1,3039,23,3,7,RO121
3,3388,VÂRŞII MICI,517157,1,3039,23,3,7,RO121
3,3360,VÂRŞI-RONTU,517154,1,3039,23,3,7,RO121
2,3397,BLANDIANA,,1,10,3,3,7,RO121
3,3404,BLANDIANA,517160,1,3397,22,3,7,RO121
3,3413,ACMARIU,517161,1,3397,23,3,7,RO121
3,3422,IBRU,517162,1,3397,23,3,7,RO121
3,3431,POIENI,517163,1,3397,23,3,7,RO121
3,3440,RĂCĂTĂU,517164,1,3397,23,3,7,RO121
2,9026,BUCERDEA GRÂNOASĂ,,1,10,3,3,7,RO121
3,4204,BUCERDEA GRÂNOASĂ,517261,1,9026,22,3,7,RO121
3,4213,CORNU,517262,1,9026,23,3,7,RO121
3,4222,PĂDURE,517263,1,9026,23,3,7,RO121
3,4231,PÂNCA,517264,1,9026,23,3,7,RO121
2,3459,BUCIUM,,1,10,3,3,7,RO121
3,3468,BUCIUM,517165,1,3459,22,3,7,RO121
3,3477,ANGHELEŞTI,517166,1,3459,23,3,7,RO121
3,3486,BISERICANI,517167,1,3459,23,3,7,RO121
3,3495,BUCIUM-SAT,517168,1,3459,23,3,7,RO121
3,3501,CERBU,517169,1,3459,23,3,7,RO121
3,3510,CIUCULEŞTI,517171,1,3459,23,3,7,RO121
3,3529,COLEŞENI,517172,1,3459,23,3,7,RO121
3,3538,DOGĂREŞTI,517173,1,3459,23,3,7,RO121
3,3547,FEREŞTI,517174,1,3459,23,3,7,RO121
3,3556,FLOREŞTI,517176,1,3459,23,3,7,RO121
3,3565,GURA IZBITEI,517177,1,3459,23,3,7,RO121
3,3574,HELEŞTI,517178,1,3459,23,3,7,RO121
3,3583,IZBICIOARA,517179,1,3459,23,3,7,RO121
3,3592,IZBITA,517181,1,3459,23,3,7,RO121
3,3609,JURCUIEŞTI,517182,1,3459,23,3,7,RO121
3,3618,LUPULEŞTI,517183,1,3459,23,3,7,RO121
3,3627,MĂGURA,517184,1,3459,23,3,7,RO121
3,3636,MUNTARI,517186,1,3459,23,3,7,RO121
3,3645,PETRENI,517187,1,3459,23,3,7,RO121
3,3654,POIANA,517188,1,3459,23,3,7,RO121
3,3663,POIENI,517189,1,3459,23,3,7,RO121
3,3672,STÂLNIŞOARA,517191,1,3459,23,3,7,RO121
3,3681,VALEA ABRUZEL,517192,1,3459,23,3,7,RO121
3,3690,VALEA ALBĂ,517193,1,3459,23,3,7,RO121
3,3707,VALEA CERBULUI,517194,1,3459,23,3,7,RO121
3,3716,VALEA NEGRILESII,517196,1,3459,23,3,7,RO121
3,3725,VALEA POIENII,517197,1,3459,23,3,7,RO121
3,3734,VALEA ŞESII,517198,1,3459,23,3,7,RO121
3,3743,VĂLENI,517199,1,3459,23,3,7,RO121
3,3752,VÂLCEA,517201,1,3459,23,3,7,RO121
2,4106,CÂLNIC,,1,10,3,3,7,RO121
3,4115,CÂLNIC,517205,1,4106,22,3,7,RO121
3,4133,DEAL,517207,1,4106,23,3,7,RO121
2,3761,CENADE,,1,10,3,3,7,RO121
3,3770,CENADE,517210,1,3761,22,3,7,RO121
3,3789,CAPU DEALULUI,517211,1,3761,23,3,7,RO121
3,3798,GORGAN,517212,1,3761,23,3,7,RO121
2,3805,CERGĂU,,1,10,3,3,7,RO121
3,3814,CERGĂU MARE,517216,1,3805,22,3,7,RO121
3,3823,CERGĂU MIC,517217,1,3805,23,3,7,RO121
3,3832,LUPU,517218,1,3805,23,3,7,RO121
2,3841,CERU-BĂCĂINŢI,,1,10,3,3,7,RO121
3,3850,CERU-BĂCĂINŢI,517220,1,3841,22,3,7,RO121
3,3869,BOLOVĂNEŞTI,517221,1,3841,23,3,7,RO121
3,3878,BULBUC,517222,1,3841,23,3,7,RO121
3,3887,CUCUTA,517223,1,3841,23,3,7,RO121
3,3896,CURPENI,517224,1,3841,23,3,7,RO121
3,3903,DUMBRĂVIŢA,517226,1,3841,23,3,7,RO121
3,3912,FÂNTÂNELE,517227,1,3841,23,3,7,RO121
3,3921,GROŞI,517228,1,3841,23,3,7,RO121
3,3930,VALEA MARE,517229,1,3841,23,3,7,RO121
3,3949,VIEZURI,517231,1,3841,23,3,7,RO121
2,3958,CETATEA DE BALTĂ,,1,10,3,3,7,RO121
3,3967,CETATEA DE BALTĂ,517235,1,3958,22,3,7,RO121
3,3976,CRACIUNELU DE SUS,517236,1,3958,23,3,7,RO121
3,3985,SÂNTĂMĂRIE,517237,1,3958,23,3,7,RO121
3,3994,TĂTÂRLAUA,517238,1,3958,23,3,7,RO121
2,1071,CIUGUD,,1,10,3,3,7,RO121
3,1080,CIUGUD,517240,1,1071,22,3,7,RO121
3,1099,DRÂMBAR,517241,1,1071,23,3,7,RO121
3,1115,HĂPRIA,517243,1,1071,23,3,7,RO121
3,1106,LIMBA,517242,1,1071,23,3,7,RO121
3,1124,ŞEUŞA,517244,1,1071,23,3,7,RO121
3,1133,TELEAC,517246,1,1071,23,3,7,RO121
2,4008,CIURULEASA,,1,10,3,3,7,RO121
3,4017,CIURULEASA,517250,1,4008,22,3,7,RO121
3,4026,BIDIGEŞTI,517251,1,4008,23,3,7,RO121
3,4035,BODREŞTI,517252,1,4008,23,3,7,RO121
3,4044,BOGLEŞTI,517253,1,4008,23,3,7,RO121
3,4053,BUNINGINEA,517254,1,4008,23,3,7,RO121
3,4062,GHEDULEŞTI,517256,1,4008,23,3,7,RO121
3,4071,MĂTIŞEŞTI,517257,1,4008,23,3,7,RO121
3,4080,MORĂREŞTI,517258,1,4008,23,3,7,RO121
3,4099,VULCAN,517259,1,4008,23,3,7,RO121
2,4188,CRĂCIUNELU DE JOS,,1,10,3,3,7,RO121
3,4197,CRĂCIUNELU DE JOS,517260,1,4188,22,3,7,RO121
2,4142,CRICĂU,,1,10,3,3,7,RO121
3,4151,CRICĂU,517265,1,4142,22,3,7,RO121
3,4160,CRAIVA,517266,1,4142,23,3,7,RO121
3,4179,TIBRU,517267,1,4142,23,3,7,RO121
2,9019,CUT,,1,10,3,3,7,RO121
3,4124,CUT,517206,1,9019,22,3,7,RO121
2,4240,DAIA ROMÂNĂ,,1,10,3,3,7,RO121
3,4259,DAIA ROMÂNĂ,517270,1,4240,22,3,7,RO121
2,4268,DOŞTAT,,1,10,3,3,7,RO121
3,4277,DOŞTAT,517275,1,4268,22,3,7,RO121
3,4286,BOZ,517276,1,4268,23,3,7,RO121
3,4295,DEALU DOŞTATULUI,517277,1,4268,23,3,7,RO121
2,4302,FĂRĂU,,1,10,3,3,7,RO121
3,4311,FĂRĂU,517280,1,4302,22,3,7,RO121
3,4320,HERIA,517281,1,4302,23,3,7,RO121
3,4339,MEDVEŞ,517282,1,4302,23,3,7,RO121
3,4348,SÂNBENEDIC,517283,1,4302,23,3,7,RO121
3,4357,ŞILEA,517284,1,4302,23,3,7,RO121
2,4366,GALDA DE JOS,,1,10,3,3,7,RO121
3,4375,GALDA DE JOS,517285,1,4366,22,3,7,RO121
3,4384,BENIC,517286,1,4366,23,3,7,RO121
3,4393,CETEA,517287,1,4366,23,3,7,RO121
3,4400,GALDA DE SUS,517288,1,4366,23,3,7,RO121
3,4419,LUPŞENI,517289,1,4366,23,3,7,RO121
3,4428,MĂGURA,517291,1,4366,23,3,7,RO121
3,4437,MESENTEA,517292,1,4366,23,3,7,RO121
3,4446,OIEJDEA,517293,1,4366,23,3,7,RO121
3,4455,POIANA GALDEI,517294,1,4366,23,3,7,RO121
3,4464,RĂICANI,517296,1,4366,23,3,7,RO121
3,4473,ZĂGRIŞ,517297,1,4366,23,3,7,RO121
2,4482,GÂRBOVA,,1,10,3,3,7,RO121
3,4491,GÂRBOVA,517305,1,4482,22,3,7,RO121
3,4507,CĂRPINIŞ,517306,1,4482,23,3,7,RO121
3,4516,RECIU,517307,1,4482,23,3,7,RO121
2,4525,GÂRDA DE SUS,,1,10,3,3,7,RO121
3,4534,GÂRDA DE SUS,517310,1,4525,22,3,7,RO121
3,4543,BIHARIA,517311,1,4525,23,3,7,RO121
3,4552,DEALU FRUMOS,517312,1,4525,23,3,7,RO121
3,4561,DEALU ORDÂNCUŞII,517313,1,4525,23,3,7,RO121
3,4570,DOBREŞTI,517314,1,4525,23,3,7,RO121
3,4598,GÂRDA SEACĂ,517316,1,4525,23,3,7,RO121
3,4589,GHEŢARI,517317,1,4525,23,3,7,RO121
3,4605,HANĂŞEŞTI,517318,1,4525,23,3,7,RO121
3,4614,HUZĂREŞTI,517319,1,4525,23,3,7,RO121
3,4623,IZVOARELE,517321,1,4525,23,3,7,RO121
3,4632,MUNUNĂ,517322,1,4525,23,3,7,RO121
3,4641,OCOALE,517323,1,4525,23,3,7,RO121
3,4650,PLAI,517324,1,4525,23,3,7,RO121
3,4669,PLIŞTI,517326,1,4525,23,3,7,RO121
3,4678,SCOARŢA,517327,1,4525,23,3,7,RO121
3,4696,SNIDE,517328,1,4525,23,3,7,RO121
3,4687,SUCEŞTI,517329,1,4525,23,3,7,RO121
2,4703,HOPÂRTA,,1,10,3,3,7,RO121
3,4712,HOPÂRTA,517335,1,4703,22,3,7,RO121
3,4721,SILIVAŞ,517336,1,4703,23,3,7,RO121
3,4730,ŞPĂLNACA,517337,1,4703,23,3,7,RO121
3,4749,TURDAŞ,517338,1,4703,23,3,7,RO121
3,4758,VAMA SEACĂ,517339,1,4703,23,3,7,RO121
2,4767,HOREA,,1,10,3,3,7,RO121
3,4776,HOREA,517340,1,4767,22,3,7,RO121
3,4785,BABA,517341,1,4767,23,3,7,RO121
3,4794,BUTEŞTI,517342,1,4767,23,3,7,RO121
3,4801,DÂRLEŞTI,517343,1,4767,23,3,7,RO121
3,4810,FERICET,517344,1,4767,23,3,7,RO121
3,4829,GIURGIUŢ,517346,1,4767,23,3,7,RO121
3,4838,MĂNCEŞTI,517347,1,4767,23,3,7,RO121
3,4847,MĂTIŞEŞTI,517348,1,4767,23,3,7,RO121
3,4856,NICULEŞTI,517349,1,4767,23,3,7,RO121
3,4865,PĂTRUŞEŞTI,517351,1,4767,23,3,7,RO121
3,4874,PETREASA,517352,1,4767,23,3,7,RO121
3,4883,PRELUCA,517353,1,4767,23,3,7,RO121
3,4892,TEIU,517354,1,4767,23,3,7,RO121
3,4909,TRIFEŞTI,517356,1,4767,23,3,7,RO121
3,4918,ZÂNZEŞTI,517357,1,4767,23,3,7,RO121
2,4927,IGHIU,,1,10,3,3,7,RO121
3,4936,IGHIU,517360,1,4927,22,3,7,RO121
3,4945,BUCERDEA VINOASĂ,517361,1,4927,23,3,7,RO121
3,4954,IGHIEL,517362,1,4927,23,3,7,RO121
3,4963,ŞARD,517363,1,4927,23,3,7,RO121
3,4972,ŢELNA,517364,1,4927,23,3,7,RO121
2,4981,ÎNTREGALDE,,1,10,3,3,7,RO121
3,4990,ÎNTREGALDE,517365,1,4981,22,3,7,RO121
3,5005,DEALU GEOAGIULUI,517366,1,4981,23,3,7,RO121
3,5014,GHIONCANI,517367,1,4981,23,3,7,RO121
3,5023,ILIEŞTI,517368,1,4981,23,3,7,RO121
3,5032,IVĂNIŞ,517369,1,4981,23,3,7,RO121
3,5041,MĂRINEŞTI,517371,1,4981,23,3,7,RO121
3,5050,MODOLEŞTI,517372,1,4981,23,3,7,RO121
3,5069,NECRILEŞTI,517373,1,4981,23,3,7,RO121
3,5078,POPEŞTI,517374,1,4981,23,3,7,RO121
3,5087,SFÂRCEA,517376,1,4981,23,3,7,RO121
3,5096,TECŞEŞTI,517377,1,4981,23,3,7,RO121
2,5103,JIDVEI,,1,10,3,3,7,RO121
3,5112,JIDVEI,517385,1,5103,22,3,7,RO121
3,5121,BĂLCACIU,517386,1,5103,23,3,7,RO121
3,5130,CĂPÂLNA DE JOS,517387,1,5103,23,3,7,RO121
3,5149,FEISA,517388,1,5103,23,3,7,RO121
3,5158,VESEUŞ,517389,1,5103,23,3,7,RO121
2,5167,LIVEZILE,,1,10,3,3,7,RO121
3,5176,LIVEZILE,517390,1,5167,22,3,7,RO121
3,5185,IZVOARELE,517391,1,5167,23,3,7,RO121
3,5194,POIANA AIUDULUI,517392,1,5167,23,3,7,RO121
3,5201,VĂLIŞOARA,517393,1,5167,23,3,7,RO121
2,5210,LOPADEA NOUĂ,,1,10,3,3,7,RO121
3,5229,LOPADEA NOUĂ,517395,1,5210,22,3,7,RO121
3,5238,ASINIP,517396,1,5210,23,3,7,RO121
3,5256,BĂGĂU,517397,1,5210,23,3,7,RO121
3,5247,BEŢA,517398,1,5210,23,3,7,RO121
3,5265,CICÂRD,517399,1,5210,23,3,7,RO121
3,5274,CIUGUZEL,517401,1,5210,23,3,7,RO121
3,5283,OCNIŞOARA,517402,1,5210,23,3,7,RO121
3,5292,ODVEREM,517403,1,5210,23,3,7,RO121
2,5309,LUNCA MUREŞULUI,,1,10,3,3,7,RO121
3,5318,LUNCA MUREŞULUI,517405,1,5309,22,3,7,RO121
3,5327,GURA ARIEŞULUI,517406,1,5309,23,3,7,RO121
2,5336,LUPŞA,,1,10,3,3,7,RO121
3,5345,LUPŞA,517410,1,5336,22,3,7,RO121
3,5354,BÂRDEŞTI,517411,1,5336,23,3,7,RO121
3,5363,BÂRZAN,517412,1,5336,23,3,7,RO121
3,5372,CURMĂTURĂ,517413,1,5336,23,3,7,RO121
3,5381,DUPĂ DEAL,517414,1,5336,23,3,7,RO121
3,5390,GEAMĂNA,517416,1,5336,23,3,7,RO121
3,5407,HĂDĂRĂU,517417,1,5336,23,3,7,RO121
3,5416,HOLOBANI,517418,1,5336,23,3,7,RO121
3,5425,LAZURI,517419,1,5336,23,3,7,RO121
3,5434,LUNCA,517421,1,5336,23,3,7,RO121
3,5443,MĂNĂSTIRE,517422,1,5336,23,3,7,RO121
3,5452,MĂRGAIA,517423,1,5336,23,3,7,RO121
3,5461,MUŞCA,517424,1,5336,23,3,7,RO121
3,5489,PÂRÂU-CĂRBUNĂRI,517426,1,5336,23,3,7,RO121
3,5470,PIŢIGA,517427,1,5336,23,3,7,RO121
3,5498,POŞOGANI,517428,1,5336,23,3,7,RO121
3,5504,ŞASA,517429,1,5336,23,3,7,RO121
3,5513,TRIFEŞTI,517431,1,5336,23,3,7,RO121
3,5522,VALEA HOLHORII,517432,1,5336,23,3,7,RO121
3,5531,VALEA LUPŞII,517433,1,5336,23,3,7,RO121
3,5540,VALEA ŞESII,517434,1,5336,23,3,7,RO121
3,5559,VĂI,517436,1,5336,23,3,7,RO121
3,5568,VINŢA,517437,1,5336,23,3,7,RO121
2,5577,METEŞ,,1,10,3,3,7,RO121
3,5586,METEŞ,517445,1,5577,22,3,7,RO121
3,5595,AMPOIŢA,517446,1,5577,23,3,7,RO121
3,5602,ISCA,517447,1,5577,23,3,7,RO121
3,5611,LUNCA AMPOIŢEI,517448,1,5577,23,3,7,RO121
3,5620,LUNCA METEŞULUI,517449,1,5577,23,3,7,RO121
3,5639,PĂDUREA,517451,1,5577,23,3,7,RO121
3,5648,POIANA AMPOIULUI,517452,1,5577,23,3,7,RO121
3,5657,POIANA URSULUI,517453,1,5577,23,3,7,RO121
3,5666,PRESACA AMPOIULUI,517454,1,5577,23,3,7,RO121
3,5675,REMETEA,517456,1,5577,23,3,7,RO121
3,5684,TĂUŢI,517457,1,5577,23,3,7,RO121
3,5693,VĂLENI,517458,1,5577,23,3,7,RO121
2,5700,MIHALŢ,,1,10,3,3,7,RO121
3,5719,MIHALŢ,517465,1,5700,22,3,7,RO121
3,5728,CISTEI,517466,1,5700,23,3,7,RO121
3,5737,OBREJA,517467,1,5700,23,3,7,RO121
3,5746,ZĂRIEŞ,517468,1,5700,23,3,7,RO121
2,5755,MIRĂSLĂU,,1,10,3,3,7,RO121
3,5764,MIRĂSLĂU,517470,1,5755,22,3,7,RO121
3,5773,CICĂU,517471,1,5755,23,3,7,RO121
3,5782,DECEA,517472,1,5755,23,3,7,RO121
3,5791,LOPADEA VECHE,517473,1,5755,23,3,7,RO121
3,5808,ORMENIŞ,517474,1,5755,23,3,7,RO121
3,5817,RACHIŞ,517476,1,5755,23,3,7,RO121
2,5826,MOGOŞ,,1,10,3,3,7,RO121
3,5835,MOGOŞ,517480,1,5826,22,3,7,RO121
3,5844,BĂRBEŞTI,517481,1,5826,23,3,7,RO121
3,5853,BÂRLEŞTI,517482,1,5826,23,3,7,RO121
3,5862,BÂRLEŞTI-CĂTUN,517483,1,5826,23,3,7,RO121
3,5871,BÂRZOGANI,517484,1,5826,23,3,7,RO121
3,5880,BOCEŞTI,517486,1,5826,23,3,7,RO121
3,5899,BOGDĂNEŞTI,517487,1,5826,23,3,7,RO121
3,5906,BUTEŞTI,517488,1,5826,23,3,7,RO121
3,5915,COJOCANI,517489,1,5826,23,3,7,RO121
3,5924,CRISTEŞTI,517491,1,5826,23,3,7,RO121
3,5933,MĂMĂLIGANI,517492,1,5826,23,3,7,RO121
3,5942,NEGREŞTI,517493,1,5826,23,3,7,RO121
3,5951,ONCEŞTI,517494,1,5826,23,3,7,RO121
3,5960,POIENILE-MOGOŞ,517496,1,5826,23,3,7,RO121
3,5979,TOMEŞTI,517497,1,5826,23,3,7,RO121
3,5997,VALEA BARNII,517498,1,5826,23,3,7,RO121
3,5988,VALEA BÂRLUŢEŞTI,517499,1,5826,23,3,7,RO121
3,6002,VALEA COCEŞTI,517501,1,5826,23,3,7,RO121
3,6011,VALEA GIOGEŞTI,517502,1,5826,23,3,7,RO121
3,6020,VALEA MLACII,517503,1,5826,23,3,7,RO121
3,6039,VALEA ŢUPILOR,517504,1,5826,23,3,7,RO121
2,6048,NOŞLAC,,1,10,3,3,7,RO121
3,6057,NOŞLAC,517515,1,6048,22,3,7,RO121
3,6066,CĂPTĂLAN,517516,1,6048,23,3,7,RO121
3,6075,COPAND,517517,1,6048,23,3,7,RO121
3,6084,GĂBUD,517518,1,6048,23,3,7,RO121
3,6093,STÂNA DE MUREŞ,517519,1,6048,23,3,7,RO121
3,6100,VALEA CIUCIULUI,517521,1,6048,23,3,7,RO121
2,6119,OCOLIŞ,,1,10,3,3,7,RO121
3,6128,OCOLIŞ,517525,1,6119,22,3,7,RO121
3,6137,LUNCA LARGĂ,517526,1,6119,23,3,7,RO121
3,6146,RUNC,517527,1,6119,23,3,7,RO121
3,6155,VIDOLM,517528,1,6119,23,3,7,RO121
2,6164,OHABA,,1,10,3,3,7,RO121
3,6173,OHABA,517530,1,6164,22,3,7,RO121
3,6182,COLIBI,517531,1,6164,23,3,7,RO121
3,6191,MĂGHIERAT,517532,1,6164,23,3,7,RO121
3,6208,SECĂŞEL,517533,1,6164,23,3,7,RO121
2,6217,PIANU,,1,10,3,3,7,RO121
3,6226,PIANU DE SUS,517537,1,6217,22,3,7,RO121
3,6235,PIANU DE JOS,517536,1,6217,23,3,7,RO121
3,6244,PLAIURI,517538,1,6217,23,3,7,RO121
3,6253,PURCĂREŢI,517539,1,6217,23,3,7,RO121
3,6262,STRUNGARI,517541,1,6217,23,3,7,RO121
2,6271,POIANA VADULUI,,1,10,3,3,7,RO121
3,6280,POIANA VADULUI,517545,1,6271,22,3,7,RO121
3,6299,COSTEŞTI,517546,1,6271,23,3,7,RO121
3,6306,DUDUIENI,517547,1,6271,23,3,7,RO121
3,6315,FĂGETU DE JOS,517548,1,6271,23,3,7,RO121
3,6324,FĂGETU DE SUS,517549,1,6271,23,3,7,RO121
3,6333,HĂNĂŞEŞTI,517551,1,6271,23,3,7,RO121
3,6342,LUPĂIEŞTI,517552,1,6271,23,3,7,RO121
3,6351,MORCĂNEŞTI,517553,1,6271,23,3,7,RO121
3,6360,PĂŞTEŞTI,517554,1,6271,23,3,7,RO121
3,6379,PETELEI,517556,1,6271,23,3,7,RO121
3,6388,STĂNEŞTI,517557,1,6271,23,3,7,RO121
2,6397,PONOR,,1,10,3,3,7,RO121
3,6404,PONOR,517565,1,6397,22,3,7,RO121
3,6413,DUPA DEAL,517566,1,6397,23,3,7,RO121
3,6422,GEOGEL,517567,1,6397,23,3,7,RO121
3,6431,MĂCĂREŞTI,517568,1,6397,23,3,7,RO121
3,6459,VALE IN JOS,517569,1,6397,23,3,7,RO121
3,6440,VALEA BUCURULUI,517571,1,6397,23,3,7,RO121
2,6468,POŞAGA,,1,10,3,3,7,RO121
3,6477,POŞAGA DE JOS,517581,1,6468,22,3,7,RO121
3,6486,CORŢEŞTI,517576,1,6468,23,3,7,RO121
3,6495,INCEŞTI,517577,1,6468,23,3,7,RO121
3,6501,LUNCA,517578,1,6468,23,3,7,RO121
3,6510,ORĂŞTI,517579,1,6468,23,3,7,RO121
3,6529,POŞAGA DE SUS,517582,1,6468,23,3,7,RO121
3,6538,SĂGAGEA,517583,1,6468,23,3,7,RO121
2,6547,RĂDEŞTI,,1,10,3,3,7,RO121
3,6556,RĂDEŞTI,517585,1,6547,22,3,7,RO121
3,6565,LEORINŢ,517586,1,6547,23,3,7,RO121
3,6574,MEŞCREAC,517587,1,6547,23,3,7,RO121
3,6583,ŞOIMUŞ,517588,1,6547,23,3,7,RO121
2,6627,RÂMEŢ,,1,10,3,3,7,RO121
3,6636,RÂMEŢ,517590,1,6627,22,3,7,RO121
3,6645,BOŢANI,517591,1,6627,23,3,7,RO121
3,6654,BRĂDEŞTI,517592,1,6627,23,3,7,RO121
3,6663,CHEIA,517593,1,6627,23,3,7,RO121
3,6672,COTORĂŞTI,517594,1,6627,23,3,7,RO121
3,6681,FLOREŞTI,517596,1,6627,23,3,7,RO121
3,6690,OLTENI,517597,1,6627,23,3,7,RO121
3,6707,VALEA FĂGETULUI,517598,1,6627,23,3,7,RO121
3,6716,VALEA INZELULUI,517599,1,6627,23,3,7,RO121
3,6725,VALEA MĂNĂSTIRII,517601,1,6627,23,3,7,RO121
3,6734,VALEA POIENII,517602,1,6627,23,3,7,RO121
3,6743,VALEA UZEI,517603,1,6627,23,3,7,RO121
3,6752,VLĂDEŞTI,517604,1,6627,23,3,7,RO121
2,6592,RIMETEA,,1,10,3,3,7,RO121
3,6609,RIMETEA,517610,1,6592,22,3,7,RO121
3,6618,COLŢEŞTI,517611,1,6592,23,3,7,RO121
2,6930,ROŞIA DE SECAŞ,,1,10,3,3,7,RO121
3,6949,ROŞA DE SECAŞ,517640,1,6930,22,3,7,RO121
3,6958,TĂU,517641,1,6930,23,3,7,RO121
3,6967,UNGUREI,517642,1,6930,23,3,7,RO121
2,6761,ROŞIA MONTANĂ,,1,10,3,3,7,RO121
3,6770,ROŞIA MONTANĂ,517615,1,6761,22,3,7,RO121
3,6789,BĂLMOŞEŞTI,517616,1,6761,23,3,7,RO121
3,6798,BLIDEŞTI,517617,1,6761,23,3,7,RO121
3,6805,BUNTA,517618,1,6761,23,3,7,RO121
3,6814,CĂRPINIŞ,517619,1,6761,23,3,7,RO121
3,6823,COASTA HENŢII,517621,1,6761,23,3,7,RO121
3,6832,CORNA,517622,1,6761,23,3,7,RO121
3,6841,CURĂTURI,517623,1,6761,23,3,7,RO121
3,6850,DĂROAIA,517624,1,6761,23,3,7,RO121
3,6869,GÂRDA-BĂRBULEŞTI,517626,1,6761,23,3,7,RO121
3,6878,GURA ROŞIEI,517627,1,6761,23,3,7,RO121
3,6887,IACOBEŞTI,517628,1,6761,23,3,7,RO121
3,6896,IGNĂŢEŞTI,517629,1,6761,23,3,7,RO121
3,6903,ŞOAL,517631,1,6761,23,3,7,RO121
3,6912,ŢARINA,517632,1,6761,23,3,7,RO121
3,6921,VÂRTOP,517633,1,6761,23,3,7,RO121
2,6976,SĂLCIUA,,1,10,3,3,7,RO121
3,6985,SĂLCIUA DE JOS,517648,1,6976,22,3,7,RO121
3,6994,DEALU CASELOR,517646,1,6976,23,3,7,RO121
3,7008,DUMEŞTI,517647,1,6976,23,3,7,RO121
3,7017,SĂLCIUA DE SUS,517649,1,6976,23,3,7,RO121
3,7026,SUB PIATRĂ,517651,1,6976,23,3,7,RO121
3,7035,VALEA LARGĂ,517652,1,6976,23,3,7,RO121
2,7044,SĂLIŞTEA,,1,10,3,3,7,RO121
3,7053,SĂLIŞTEA,517655,1,7044,22,3,7,RO121
3,7062,MĂRGINENI,517656,1,7044,23,3,7,RO121
3,7071,SĂLIŞTEA-DEAL,517657,1,7044,23,3,7,RO121
3,7080,TĂRTĂRIA,517658,1,7044,23,3,7,RO121
2,7099,SĂSCIORI,,1,10,3,3,7,RO121
3,7106,SĂSCIORI,517660,1,7099,22,3,7,RO121
3,7115,CĂPÂLNA,517661,1,7099,23,3,7,RO121
3,7124,DUMBRAVA,517662,1,7099,23,3,7,RO121
3,7133,LAZ,517663,1,7099,23,3,7,RO121
3,7142,LOMAN,517664,1,7099,23,3,7,RO121
3,7151,PLEŞI,517666,1,7099,23,3,7,RO121
3,7160,RĂCHITA,517667,1,7099,23,3,7,RO121
3,7179,SEBEŞEL,517668,1,7099,23,3,7,RO121
3,7188,TONEA,517669,1,7099,23,3,7,RO121
2,7348,SÂNCEL,,1,10,3,3,7,RO121
3,7357,SÂNCEL,517670,1,7348,22,3,7,RO121
3,7366,ICLOD,517671,1,7348,23,3,7,RO121
3,7375,PĂNADE,517672,1,7348,23,3,7,RO121
2,7384,SÂNTIMBRU,,1,10,3,3,7,RO121
3,7393,SÂNTIMBRU,517675,1,7384,22,3,7,RO121
3,7400,COŞLARIU,517676,1,7384,23,3,7,RO121
3,7419,DUMITRA,517677,1,7384,23,3,7,RO121
3,7428,GALTIU,517678,1,7384,23,3,7,RO121
3,7437,TOTOI,517679,1,7384,23,3,7,RO121
2,7197,SCĂRIŞOARA,,1,10,3,3,7,RO121
3,7204,SCĂRIŞOARA,517680,1,7197,22,3,7,RO121
3,7213,BÂRLEŞTI,517681,1,7197,23,3,7,RO121
3,7222,BOTEŞTI,517682,1,7197,23,3,7,RO121
3,7231,FAŢA-LĂZEŞTI,517683,1,7197,23,3,7,RO121
3,7240,FLOREŞTI,517684,1,7197,23,3,7,RO121
3,7259,LĂZEŞTI,517686,1,7197,23,3,7,RO121
3,7268,LESPEZEA,517687,1,7197,23,3,7,RO121
3,7277,MAŢEI,517688,1,7197,23,3,7,RO121
3,7286,NEGEŞTI,517689,1,7197,23,3,7,RO121
3,7295,PRELUCĂ,517691,1,7197,23,3,7,RO121
3,7302,RUNC,517692,1,7197,23,3,7,RO121
3,7311,SFOARTEA,517693,1,7197,23,3,7,RO121
3,7320,ŞTIULEŢI,517694,1,7197,23,3,7,RO121
3,7339,TRÂNCEŞTI,517696,1,7197,23,3,7,RO121
2,7446,SOHODOL,,1,10,3,3,7,RO121
3,7455,SOHODOL,517700,1,7446,22,3,7,RO121
3,7464,BĂZEŞTI,517701,1,7446,23,3,7,RO121
3,7473,BILĂNEŞTI,517702,1,7446,23,3,7,RO121
3,7482,BOBĂREŞTI,517703,1,7446,23,3,7,RO121
3,7491,BRĂDEANA,517704,1,7446,23,3,7,RO121
3,7507,BURZONEŞTI,517706,1,7446,23,3,7,RO121
3,7516,DEONCEŞTI,517707,1,7446,23,3,7,RO121
3,7525,DILIMANI,517708,1,7446,23,3,7,RO121
3,7534,FURDUIEŞTI,517709,1,7446,23,3,7,RO121
3,7543,GURA SOHODOL,517711,1,7446,23,3,7,RO121
3,7552,HOANCĂ,517712,1,7446,23,3,7,RO121
3,7561,JOLDIŞEŞTI,517713,1,7446,23,3,7,RO121
3,7570,LAZURI,517714,1,7446,23,3,7,RO121
3,7589,LEHEŞTI,517716,1,7446,23,3,7,RO121
3,7598,LUMINEŞTI,517717,1,7446,23,3,7,RO121
3,7605,MEDREŞTI,517718,1,7446,23,3,7,RO121
3,7614,MORĂREŞTI,517719,1,7446,23,3,7,RO121
3,7623,MUNEŞTI,517721,1,7446,23,3,7,RO121
3,7632,NĂPĂIEŞTI,517722,1,7446,23,3,7,RO121
3,7641,NELEGEŞTI,517723,1,7446,23,3,7,RO121
3,7650,NICOREŞTI,517724,1,7446,23,3,7,RO121
3,7669,PELEŞ,517726,1,7446,23,3,7,RO121
3,7678,POIANA,517727,1,7446,23,3,7,RO121
3,7687,ROBEŞTI,517728,1,7446,23,3,7,RO121
3,7712,SEBIŞEŞTI,517729,1,7446,23,3,7,RO121
3,7696,SICOIEŞTI,517731,1,7446,23,3,7,RO121
3,7703,SURDEŞTI,517732,1,7446,23,3,7,RO121
3,7721,ŞIMOCEŞTI,517733,1,7446,23,3,7,RO121
3,7730,ŢOCI,517734,1,7446,23,3,7,RO121
3,7749,VALEA VERDE,517736,1,7446,23,3,7,RO121
3,7758,VLĂDOŞEŞTI,517737,1,7446,23,3,7,RO121
2,7767,STREMŢ,,1,10,3,3,7,RO121
3,7776,STREMŢ,517745,1,7767,22,3,7,RO121
3,7785,FAŢA PIETRII,517746,1,7767,23,3,7,RO121
3,7794,GEOAGIU DE SUS,517747,1,7767,23,3,7,RO121
3,7801,GEOMAL,517748,1,7767,23,3,7,RO121
2,7810,ŞIBOT,,1,10,3,3,7,RO121
3,7829,ŞIBOT,517750,1,7810,22,3,7,RO121
3,7838,BALOMIRU DE CÂMP,517751,1,7810,23,3,7,RO121
3,7847,BĂCĂINŢI,517752,1,7810,23,3,7,RO121
3,7856,SĂRĂCSĂU,517753,1,7810,23,3,7,RO121
2,7865,ŞONA,,1,10,3,3,7,RO121
3,7874,ŞONA,517755,1,7865,22,3,7,RO121
3,7883,ALECUŞ,517756,1,7865,23,3,7,RO121
3,7892,BIIA,517757,1,7865,23,3,7,RO121
3,7909,DOPTĂU,517758,1,7865,23,3,7,RO121
3,7918,LUNCA TÂRNAVEI,517759,1,7865,23,3,7,RO121
3,7927,SÂNMICLĂUŞ,517761,1,7865,23,3,7,RO121
3,7936,VALEA SASULUI,517762,1,7865,23,3,7,RO121
2,7945,ŞPRING,,1,10,3,3,7,RO121
3,7954,ŞPRING,517765,1,7945,22,3,7,RO121
3,7963,CARPEN,517766,1,7945,23,3,7,RO121
3,7972,CARPENII DE SUS,517767,1,7945,23,3,7,RO121
3,7981,CUNŢA,517768,1,7945,23,3,7,RO121
3,7990,DRAŞOV,517769,1,7945,23,3,7,RO121
3,8005,VINGARD,517771,1,7945,23,3,7,RO121
2,8014,ŞUGAG,,1,10,3,3,7,RO121
3,8023,ŞUGAG,517775,1,8014,22,3,7,RO121
3,8032,ARŢI,517776,1,8014,23,3,7,RO121
3,8041,BÂRSANA,517777,1,8014,23,3,7,RO121
3,8050,DOBRA,517778,1,8014,23,3,7,RO121
3,8069,JIDOŞTINA,517779,1,8014,23,3,7,RO121
3,8078,MĂRTINIE,517781,1,8014,23,3,7,RO121
3,8087,TĂU BISTRA,517782,1,8014,23,3,7,RO121
2,8158,UNIREA,,1,10,3,3,7,RO121
3,8167,UNIREA,517785,1,8158,22,3,7,RO121
3,8176,CIUGUDU DE JOS,517786,1,8158,23,3,7,RO121
3,8185,CIUGUDU DE SUS,517787,1,8158,23,3,7,RO121
3,8194,DUMBRAVA,517788,1,8158,23,3,7,RO121
3,8201,INOC,517789,1,8158,23,3,7,RO121
3,8210,MĂHĂCENI,517791,1,8158,23,3,7,RO121
2,8229,VADU MOŢILOR,,1,10,3,3,7,RO121
3,8238,VADU MOŢILOR,517795,1,8229,22,3,7,RO121
3,8247,BODEŞTI,517796,1,8229,23,3,7,RO121
3,8256,BURZEŞTI,517797,1,8229,23,3,7,RO121
3,8265,DEALU FRUMOS,517798,1,8229,23,3,7,RO121
3,8274,LĂZEŞTI,517799,1,8229,23,3,7,RO121
3,8283,NECŞEŞTI,517801,1,8229,23,3,7,RO121
3,8292,PODURI-BRICEŞTI,517802,1,8229,23,3,7,RO121
3,8309,POPEŞTII DE JOS,517803,1,8229,23,3,7,RO121
3,8318,POPEŞTII DE SUS,517804,1,8229,23,3,7,RO121
3,8327,TOMUŢEŞTI,517806,1,8229,23,3,7,RO121
3,8336,TOŢEŞTI,517807,1,8229,23,3,7,RO121
3,8345,VÂLTORI,517808,1,8229,23,3,7,RO121
2,8354,VALEA LUNGĂ,,1,10,3,3,7,RO121
3,8363,VALEA LUNGĂ,517815,1,8354,22,3,7,RO121
3,8372,FĂGET,517816,1,8354,23,3,7,RO121
3,8381,GLOGOVEŢ,517817,1,8354,23,3,7,RO121
3,8390,LODROMAN,517818,1,8354,23,3,7,RO121
3,8407,LUNCA,517819,1,8354,23,3,7,RO121
3,8416,TĂUNI,517821,1,8354,23,3,7,RO121
2,8425,VIDRA,,1,10,3,3,7,RO121
3,8434,VIDRA,517825,1,8425,22,3,7,RO121
3,8443,BĂI,517826,1,8425,23,3,7,RO121
3,8452,BOBĂREŞTI,517827,1,8425,23,3,7,RO121
3,8461,BOGDĂNEŞTI,517828,1,8425,23,3,7,RO121
3,8470,BORDEŞTII POIENI,517829,1,8425,23,3,7,RO121
3,8489,CULDEŞTI,517831,1,8425,23,3,7,RO121
3,8498,DEALU GOIEŞTI,517832,1,8425,23,3,7,RO121
3,8504,DOS,517833,1,8425,23,3,7,RO121
3,8513,DOSU LUNCII,517834,1,8425,23,3,7,RO121
3,8522,DOSU VĂSEŞTI,517836,1,8425,23,3,7,RO121
3,8531,DRĂGOIEŞTI-LUNCĂ,517837,1,8425,23,3,7,RO121
3,8540,FICĂREŞTI,517838,1,8425,23,3,7,RO121
3,8559,GLIGOREŞTI,517839,1,8425,23,3,7,RO121
3,8568,GOIEŞTI,517841,1,8425,23,3,7,RO121
3,8577,HAIDUCEŞTI,517842,1,8425,23,3,7,RO121
3,8586,HĂRĂŞTI,517843,1,8425,23,3,7,RO121
3,8595,HOANCĂ,517844,1,8425,23,3,7,RO121
3,8602,JEFLEŞTI,517846,1,8425,23,3,7,RO121
3,8611,LUNCA,517847,1,8425,23,3,7,RO121
3,8620,LUNCA BISERICII,517848,1,8425,23,3,7,RO121
3,8639,LUNCA DE JOS,517852,1,8425,23,3,7,RO121
3,8648,LUNCA GOIEŞTI,517849,1,8425,23,3,7,RO121
3,8657,LUNCA VESEŞTI,517851,1,8425,23,3,7,RO121
3,8666,MODOLEŞTI,517853,1,8425,23,3,7,RO121
3,8675,NEMEŞI,517854,1,8425,23,3,7,RO121
3,8684,OIDEŞTI,517856,1,8425,23,3,7,RO121
3,8693,PITĂRCEŞTI,517857,1,8425,23,3,7,RO121
3,8700,PLEŞCUŢA,517858,1,8425,23,3,7,RO121
3,8719,POIENI,517859,1,8425,23,3,7,RO121
3,8728,PONOREL,517861,1,8425,23,3,7,RO121
3,8737,PUIULEŢEŞTI,517862,1,8425,23,3,7,RO121
3,8746,RUNC,517863,1,8425,23,3,7,RO121
3,8755,SEGAJ,517864,1,8425,23,3,7,RO121
3,8764,URDEŞ,517866,1,8425,23,3,7,RO121
3,8773,VALEA MORII,517867,1,8425,23,3,7,RO121
3,8782,VĂSEŞTI,517868,1,8425,23,3,7,RO121
3,8791,VÂLCĂNEASA,517869,1,8425,23,3,7,RO121
3,8808,VÂLCEŞTI,517871,1,8425,23,3,7,RO121
3,8817,VÂRTĂNEŞTI,517872,1,8425,23,3,7,RO121
2,8826,VINŢU DE JOS,,1,10,3,3,7,RO121
3,8835,VINŢU DE JOS,517875,1,8826,22,3,7,RO121
3,8853,CÂMPU GOBLII,517876,1,8826,23,3,7,RO121
3,8844,CIOCAŞU,517877,1,8826,23,3,7,RO121
3,8862,CRIŞENI,517878,1,8826,23,3,7,RO121
3,8871,DEALU FERULUI,517879,1,8826,23,3,7,RO121
3,8880,GURA CUŢULUI,517881,1,8826,23,3,7,RO121
3,8899,HAŢEGANA,517882,1,8826,23,3,7,RO121
3,8906,INURI,517883,1,8826,23,3,7,RO121
3,8915,LAZ,517884,1,8826,23,3,7,RO121
3,8924,MĂTĂCINA,517886,1,8826,23,3,7,RO121
3,8933,MERETEU,517887,1,8826,23,3,7,RO121
3,8942,PÂRĂU LUI MIHAI,517888,1,8826,23,3,7,RO121
3,8951,POIENIŢA,517889,1,8826,23,3,7,RO121
3,8960,STĂUINI,517891,1,8826,23,3,7,RO121
3,8979,VALEA GOBLII,517892,1,8826,23,3,7,RO121
3,8988,VALEA LUI MIHAI,517894,1,8826,23,3,7,RO121
3,8997,VALEA VINŢULUI,517893,1,8826,23,3,7,RO121
3,9002,VURPĂR,517896,1,8826,23,3,7,RO121
1,29,JUDEŢUL ARAD,,2,1,40,0,5,RO421
2,9262,MUNICIPIUL ARAD,,2,29,1,1,5,RO421
3,9271,ARAD,310001,2,9262,9,1,5,RO421
2,9459,ORAŞ CHIŞINEU-CRIŞ,,2,29,2,1,5,RO421
3,9468,CHIŞINEU-CRIŞ,315100,2,9459,17,1,5,RO421
3,9477,NĂDAB,315101,2,9459,19,1,5,RO421
2,9495,ORAŞ CURTICI,,2,29,2,1,5,RO421
3,9501,CURTICI,315200,2,9495,17,1,5,RO421
2,9538,ORAŞ INEU,,2,29,2,1,5,RO421
3,9547,INEU,315300,2,9538,17,1,5,RO421
3,9556,MOCREA,315301,2,9538,19,1,5,RO421
2,9574,ORAŞ LIPOVA,,2,29,2,1,5,RO421
3,9583,LIPOVA,315400,2,9574,17,1,5,RO421
3,9592,RADNA,315401,2,9574,18,1,5,RO421
3,9609,ŞOIMOŞ,315402,2,9574,18,1,5,RO421
2,9627,ORAŞ NĂDLAC,,2,29,2,1,5,RO421
3,9636,NĂDLAC,315500,2,9627,17,1,5,RO421
2,9654,ORAŞ PÂNCOTA,,2,29,2,1,5,RO421
3,9663,PÂNCOTA,315600,2,9654,17,1,5,RO421
3,9672,MĂDERAT,315601,2,9654,19,1,5,RO421
2,11584,ORAŞ PECICA,,2,29,2,1,5,RO421
3,11593,PECICA,317235,2,11584,17,1,5,RO421
3,11600,BODROGU VECHI,317236,2,11584,19,1,5,RO421
3,11619,SEDERHAT,317237,2,11584,19,1,5,RO421
3,11628,TURNU,317238,2,11584,19,1,5,RO421
2,12091,ORAŞ SÂNTANA,,2,29,2,1,5,RO421
3,12108,SÂNTANA,317280,2,12091,17,1,5,RO421
3,12117,CAPORAL ALEXA,317281,2,12091,18,1,5,RO421
2,9690,ORAŞ SEBIŞ,,2,29,2,1,5,RO421
3,9707,SEBIŞ,315700,2,9690,17,1,5,RO421
3,9716,DONCENI,315701,2,9690,19,1,5,RO421
3,9725,PRUNIŞOR,315702,2,9690,19,1,5,RO421
3,9734,SĂLĂJENI,315703,2,9690,19,1,5,RO421
2,9743,ALMAŞ,,2,29,3,3,5,RO421
3,9752,ALMAŞ,317005,2,9743,22,3,5,RO421
3,9761,CIL,317006,2,9743,23,3,5,RO421
3,9770,JOIA MARE,317007,2,9743,23,3,5,RO421
3,9789,RĂDEŞTI,317008,2,9743,23,3,5,RO421
2,9798,APATEU,,2,29,3,3,5,RO421
3,9805,APATEU,317010,2,9798,22,3,5,RO421
3,9814,BERECHIU,317011,2,9798,23,3,5,RO421
3,9823,MOŢIORI,317012,2,9798,23,3,5,RO421
2,9832,ARCHIŞ,,2,29,3,3,5,RO421
3,9841,ARCHIŞ,317015,2,9832,22,3,5,RO421
3,9850,BÂRZEŞTI,317016,2,9832,23,3,5,RO421
3,9869,GROŞENI,317017,2,9832,23,3,5,RO421
3,9878,NERMIŞ,317018,2,9832,23,3,5,RO421
2,9887,BATA,,2,29,3,3,5,RO421
3,9896,BATA,317020,2,9887,22,3,5,RO421
3,9903,BACĂU DE MIJLOC,317021,2,9887,23,3,5,RO421
3,9912,BULCI,317022,2,9887,23,3,5,RO421
3,9921,ŢELA,317023,2,9887,23,3,5,RO421
2,10051,BÂRSA,,2,29,3,3,5,RO421
3,10060,BÂRSA,317025,2,10051,22,3,5,RO421
3,10079,ALDEŞTI,317026,2,10051,23,3,5,RO421
3,10088,HODIŞ,317027,2,10051,23,3,5,RO421
3,10097,VOIVODENI,317028,2,10051,23,3,5,RO421
2,10104,BÂRZAVA,,2,29,3,3,5,RO421
3,10113,BÂRZAVA,317030,2,10104,22,3,5,RO421
3,10122,BĂTUŢA,317031,2,10104,23,3,5,RO421
3,10131,CĂPRUŢA,317032,2,10104,23,3,5,RO421
3,10140,DUMBRĂVIŢA,317033,2,10104,23,3,5,RO421
3,10159,GROŞII NOI,317034,2,10104,23,3,5,RO421
3,10168,LALAŞINŢ,317036,2,10104,23,3,5,RO421
3,10177,MONOROŞTIA,317037,2,10104,23,3,5,RO421
3,10186,SLATINA DE MUREŞ,317038,2,10104,23,3,5,RO421
2,9930,BELIU,,2,29,3,3,5,RO421
3,9949,BELIU,317040,2,9930,22,3,5,RO421
3,9958,BENEŞTI,317041,2,9930,23,3,5,RO421
3,9967,BOCHIA,317042,2,9930,23,3,5,RO421
3,9985,SECACI,317043,2,9930,23,3,5,RO421
3,9994,TĂGĂDĂU,317044,2,9930,23,3,5,RO421
3,9976,VASILE GOLDIŞ,317046,2,9930,23,3,5,RO421
2,10006,BIRCHIŞ,,2,29,3,3,5,RO421
3,10015,BIRCHIŞ,317050,2,10006,22,3,5,RO421
3,10024,CĂPĂLNAŞ,317051,2,10006,23,3,5,RO421
3,10033,OSTROV,317052,2,10006,23,3,5,RO421
3,10042,VIRISMORT,317053,2,10006,23,3,5,RO421
2,10195,BOCSIG,,2,29,3,3,5,RO421
3,10202,BOCSIG,317055,2,10195,22,3,5,RO421
3,10211,MÂNERĂU,317056,2,10195,23,3,5,RO421
3,10220,RĂPSIG,317057,2,10195,23,3,5,RO421
2,10239,BRAZII,,2,29,3,3,5,RO421
3,10248,BRAZII,317060,2,10239,22,3,5,RO421
3,10257,BUCEAVA-ŞOIMUŞ,317061,2,10239,23,3,5,RO421
3,10266,IACOBINI,317062,2,10239,23,3,5,RO421
3,10275,MĂDRIGEŞTI,317063,2,10239,23,3,5,RO421
3,10284,SECAŞ,317064,2,10239,23,3,5,RO421
2,10293,BUTENI,,2,29,3,3,5,RO421
3,10300,BUTENI,317065,2,10293,22,3,5,RO421
3,10319,BERINDIA,317066,2,10293,23,3,5,RO421
3,10328,CUIED,317067,2,10293,23,3,5,RO421
3,10337,PĂULIAN,317068,2,10293,23,3,5,RO421
2,10346,CĂRAND,,2,29,3,3,5,RO421
3,10355,CĂRAND,317070,2,10346,22,3,5,RO421
3,10364,SELIŞTEA,317071,2,10346,23,3,5,RO421
2,10373,CERMEI,,2,29,3,3,5,RO421
3,10382,CERMEI,317075,2,10373,22,3,5,RO421
3,10391,AVRAM IANCU,317076,2,10373,23,3,5,RO421
3,10408,ŞOMOŞCHEŞ,317077,2,10373,23,3,5,RO421
2,10417,CHISINDIA,,2,29,3,3,5,RO421
3,10426,CHISINDIA,317080,2,10417,22,3,5,RO421
3,10435,PĂIUŞENI,317081,2,10417,23,3,5,RO421
3,10444,VĂSOAIA,317082,2,10417,23,3,5,RO421
2,10453,CONOP,,2,29,3,3,5,RO421
3,10462,CONOP,317085,2,10453,22,3,5,RO421
3,10471,BELOTINŢ,317086,2,10453,23,3,5,RO421
3,10480,CHELMAC,317087,2,10453,23,3,5,RO421
3,10499,MILOVA,317088,2,10453,23,3,5,RO421
3,10505,ODVOŞ,317089,2,10453,23,3,5,RO421
2,10514,COVĂSINŢ,,2,29,3,3,5,RO421
3,10523,COVĂSINŢ,317090,2,10514,22,3,5,RO421
2,10532,CRAIVA,,2,29,3,3,5,RO421
3,10541,CRAIVA,317095,2,10532,22,3,5,RO421
3,10550,CHIŞLACA,317096,2,10532,23,3,5,RO421
3,10569,CIUNTEŞTI,317097,2,10532,23,3,5,RO421
3,10578,COROI,317098,2,10532,23,3,5,RO421
3,10587,MĂRĂUŞ,317099,2,10532,23,3,5,RO421
3,10596,ROGOZ DE BELIU,317101,2,10532,23,3,5,RO421
3,10603,STOINEŞTI,317102,2,10532,23,3,5,RO421
3,10612,SUSAG,317103,2,10532,23,3,5,RO421
3,10621,ŞIAD,317104,2,10532,23,3,5,RO421
3,10630,TĂLMACI,317106,2,10532,23,3,5,RO421
2,10649,DEZNA,,2,29,3,3,5,RO421
3,10658,DEZNA,317110,2,10649,22,3,5,RO421
3,10667,BUHANI,317111,2,10649,23,3,5,RO421
3,10676,LAZ,317112,2,10649,23,3,5,RO421
3,10685,NEAGRA,317113,2,10649,23,3,5,RO421
3,10694,SLATINA DE CRIŞ,317114,2,10649,23,3,5,RO421
2,10701,DIECI,,2,29,3,3,5,RO421
3,10710,DIECI,317115,2,10701,22,3,5,RO421
3,10729,COCIUBA,317116,2,10701,23,3,5,RO421
3,10738,CROCNA,317117,2,10701,23,3,5,RO421
3,10747,REVETIŞ,317118,2,10701,23,3,5,RO421
3,10756,ROŞIA,317119,2,10701,23,3,5,RO421
2,12912,DOROBANŢI,,2,29,3,3,5,RO421
3,9510,DOROBANŢI,315201,2,12912,22,3,5,RO421
2,9280,FÂNTÂNELE,,2,29,3,3,5,RO421
3,9299,FÂNTÂNELE,317120,2,9280,22,3,5,RO421
3,9324,TISA NOUĂ,317123,2,9280,23,3,5,RO421
2,10827,FELNAC,,2,29,3,3,5,RO421
3,10836,FELNAC,317125,2,10827,22,3,5,RO421
3,10854,CĂLUGĂRENI,317127,2,10827,23,3,5,RO421
2,12920,FRUMUŞENI,,2,29,3,3,5,RO421
3,9315,FRUMUŞENI,317122,2,12920,22,3,5,RO421
3,9306,ALUNIŞ,317121,2,12920,23,3,5,RO421
2,10872,GHIOROC,,2,29,3,3,5,RO421
3,10881,GHIOROC,317135,2,10872,22,3,5,RO421
3,10890,CUVIN,317136,2,10872,23,3,5,RO421
3,10907,MINIŞ,317137,2,10872,23,3,5,RO421
2,10916,GRĂNICERI,,2,29,3,3,5,RO421
3,10925,GRĂNICERI,317140,2,10916,22,3,5,RO421
3,10934,ŞICLĂU,317141,2,10916,23,3,5,RO421
2,10943,GURAHONŢ,,2,29,3,3,5,RO421
3,10952,GURAHONŢ,317145,2,10943,22,3,5,RO421
3,10961,BONŢEŞTI,317146,2,10943,23,3,5,RO421
3,10970,DULCELE,317147,2,10943,23,3,5,RO421
3,10989,FENIŞ,317148,2,10943,23,3,5,RO421
3,10998,HONŢIŞOR,317149,2,10943,23,3,5,RO421
3,11003,IOSAŞ,317151,2,10943,23,3,5,RO421
3,11012,MUSTEŞTI,317152,2,10943,23,3,5,RO421
3,11021,PESCARI,317153,2,10943,23,3,5,RO421
3,11030,VALEA MARE,317154,2,10943,23,3,5,RO421
3,11049,ZIMBRU,317156,2,10943,23,3,5,RO421
2,11058,HĂLMAGIU,,2,29,3,3,5,RO421
3,11067,HĂLMAGIU,317160,2,11058,22,3,5,RO421
3,11076,BĂNEŞTI,317161,2,11058,23,3,5,RO421
3,11085,BODEŞTI,317162,2,11058,23,3,5,RO421
3,11094,BRUSTURI,317163,2,11058,23,3,5,RO421
3,11101,CRISTEŞTI,317164,2,11058,23,3,5,RO421
3,11110,IONEŞTI,317166,2,11058,23,3,5,RO421
3,11129,LEASA,317167,2,11058,23,3,5,RO421
3,11138,LEŞTIOARA,317168,2,11058,23,3,5,RO421
3,11147,POIENARI,317169,2,11058,23,3,5,RO421
3,11156,TISA,317171,2,11058,23,3,5,RO421
3,11165,ŢĂRMURE,317172,2,11058,23,3,5,RO421
2,11174,HĂLMĂGEL,,2,29,3,3,5,RO421
3,11183,HĂLMĂGEL,317180,2,11174,22,3,5,RO421
3,11192,LUNCŞOARA,317181,2,11174,23,3,5,RO421
3,11209,SÂRBI,317182,2,11174,23,3,5,RO421
3,11218,TÂRNĂVIŢA,317183,2,11174,23,3,5,RO421
3,11227,ŢOHEŞTI,317184,2,11174,23,3,5,RO421
2,11236,HĂŞMAŞ,,2,29,3,3,5,RO421
3,11245,HĂŞMAŞ,317185,2,11236,22,3,5,RO421
3,11254,AGRIŞU MIC,317186,2,11236,23,3,5,RO421
3,11263,BOTFEI,317187,2,11236,23,3,5,RO421
3,11272,CLIT,317188,2,11236,23,3,5,RO421
3,11281,COMĂNEŞTI,317189,2,11236,23,3,5,RO421
3,11290,URVIŞU DE BELIU,317191,2,11236,23,3,5,RO421
2,11307,IGNEŞTI,,2,29,3,3,5,RO421
3,11316,IGNEŞTI,317195,2,11307,22,3,5,RO421
3,11325,MINEAD,317196,2,11307,23,3,5,RO421
3,11334,NĂDĂLBEŞTI,317197,2,11307,23,3,5,RO421
3,11343,SUSANI,317198,2,11307,23,3,5,RO421
2,11352,IRATOŞU,,2,29,3,3,5,RO421
3,11361,IRATOŞU,317200,2,11352,22,3,5,RO421
3,11370,VARIAŞU MARE,317201,2,11352,23,3,5,RO421
3,11389,VARIAŞU MIC,317202,2,11352,23,3,5,RO421
2,9333,LIVADA,,2,29,3,3,5,RO421
3,9342,LIVADA,317205,2,9333,22,3,5,RO421
3,9351,SÂNLEANI,317206,2,9333,23,3,5,RO421
2,11398,MACEA,,2,29,3,3,5,RO421
3,11405,MACEA,317210,2,11398,22,3,5,RO421
3,11414,SÂNMARTIN,317211,2,11398,23,3,5,RO421
2,11423,MIŞCA,,2,29,3,3,5,RO421
3,11432,MIŞCA,317215,2,11423,22,3,5,RO421
3,11441,SATU NOU,317216,2,11423,23,3,5,RO421
3,11450,VÂNĂTORI,317217,2,11423,23,3,5,RO421
3,11469,ZERINDU MIC,317218,2,11423,23,3,5,RO421
2,11478,MONEASA,,2,29,3,3,5,RO421
3,11487,MONEASA,317220,2,11478,22,3,5,RO421
3,11496,RĂNUŞA,317221,2,11478,23,3,5,RO421
2,11502,OLARI,,2,29,3,3,5,RO421
3,11511,OLARI,317225,2,11502,22,3,5,RO421
3,11520,SINTEA MICĂ,317226,2,11502,23,3,5,RO421
2,11539,PĂULIŞ,,2,29,3,3,5,RO421
3,11548,PĂULIŞ,317230,2,11539,22,3,5,RO421
3,11557,BARAŢCA,317231,2,11539,23,3,5,RO421
3,11566,CLADOVA,317232,2,11539,23,3,5,RO421
3,11575,SÂMBĂTENI,317233,2,11539,23,3,5,RO421
2,11637,PEREGU MARE,,2,29,3,3,5,RO421
3,11646,PEREGU MARE,317240,2,11637,22,3,5,RO421
3,11655,PEREGU MIC,317241,2,11637,23,3,5,RO421
2,11664,PETRIŞ,,2,29,3,3,5,RO421
3,11673,PETRIŞ,317245,2,11664,22,3,5,RO421
3,11682,CORBEŞTI,317246,2,11664,23,3,5,RO421
3,11691,ILTEU,317247,2,11664,23,3,5,RO421
3,11708,OBÂRŞIA,317248,2,11664,23,3,5,RO421
3,11717,ROŞIA NOUĂ,317249,2,11664,23,3,5,RO421
3,11726,SELIŞTE,317251,2,11664,23,3,5,RO421
2,11735,PILU,,2,29,3,3,5,RO421
3,11744,PILU,317255,2,11735,22,3,5,RO421
3,11753,VĂRŞAND,317256,2,11735,23,3,5,RO421
2,11762,PLEŞCUŢA,,2,29,3,3,5,RO421
3,11771,PLEŞCUŢA,317260,2,11762,22,3,5,RO421
3,11780,ACIUŢA,317261,2,11762,23,3,5,RO421
3,11799,BUDEŞTI,317262,2,11762,23,3,5,RO421
3,11806,DUMBRAVA,317263,2,11762,23,3,5,RO421
3,11815,GURA VĂII,317264,2,11762,23,3,5,RO421
3,11824,ROSTOCI,317266,2,11762,23,3,5,RO421
3,11833,TĂLAGIU,317267,2,11762,23,3,5,RO421
2,11842,SĂVÂRŞIN,,2,29,3,3,5,RO421
3,11851,SĂVÂRŞIN,317270,2,11842,22,3,5,RO421
3,11860,CĂPRIOARA,317271,2,11842,23,3,5,RO421
3,11879,CUIAŞ,317272,2,11842,23,3,5,RO421
3,11888,HĂLĂLIŞ,317273,2,11842,23,3,5,RO421
3,11897,PÂRNEŞTI,317274,2,11842,23,3,5,RO421
3,11904,TEMEŞEŞTI,317276,2,11842,23,3,5,RO421
3,11913,TOC,317277,2,11842,23,3,5,RO421
3,11922,TROAŞ,317278,2,11842,23,3,5,RO421
3,11931,VALEA MARE,317279,2,11842,23,3,5,RO421
2,11940,SECUSIGIU,,2,29,3,3,5,RO421
3,11959,SECUSIGIU,317285,2,11940,22,3,5,RO421
3,11968,MUNAR,317286,2,11940,23,3,5,RO421
3,11977,SATU MARE,317287,2,11940,23,3,5,RO421
3,11986,SÂNPETRU GERMAN,317288,2,11940,23,3,5,RO421
2,11995,SELEUŞ,,2,29,3,3,5,RO421
3,12000,SELEUŞ,317290,2,11995,22,3,5,RO421
3,12019,IERMATA,317291,2,11995,23,3,5,RO421
3,12028,MORODA,317292,2,11995,23,3,5,RO421
2,12037,SEMLAC,,2,29,3,3,5,RO421
3,12046,SEMLAC,317295,2,12037,22,3,5,RO421
2,12055,SINTEA MARE,,2,29,3,3,5,RO421
3,12064,SINTEA MARE,317300,2,12055,22,3,5,RO421
3,12073,ADEA,317301,2,12055,23,3,5,RO421
3,12082,ŢIPAR,317302,2,12055,23,3,5,RO421
2,12126,SOCODOR,,2,29,3,3,5,RO421
3,12135,SOCODOR,317305,2,12126,22,3,5,RO421
2,12144,ŞAGU,,2,29,3,3,5,RO421
3,12153,ŞAGU,317310,2,12144,22,3,5,RO421
3,12162,CRUCENI,317311,2,12144,23,3,5,RO421
3,12171,FIRITEAZ,317312,2,12144,23,3,5,RO421
3,12180,FISCUT,317313,2,12144,23,3,5,RO421
3,12199,HUNEDOARA TIMIŞANĂ,317314,2,12144,23,3,5,RO421
2,12206,ŞEITIN,,2,29,3,3,5,RO421
3,12215,ŞEITIN,317315,2,12206,22,3,5,RO421
2,12224,ŞEPREUŞ,,2,29,3,3,5,RO421
3,12233,ŞEPREUŞ,317320,2,12224,22,3,5,RO421
2,12242,ŞICULA,,2,29,3,3,5,RO421
3,12251,ŞICULA,317325,2,12242,22,3,5,RO421
3,12260,CHERELUŞ,317326,2,12242,23,3,5,RO421
3,12279,GURBA,317327,2,12242,23,3,5,RO421
2,12288,ŞILINDIA,,2,29,3,3,5,RO421
3,12297,ŞILINDIA,317330,2,12288,22,3,5,RO421
3,12304,CAMNA,317331,2,12288,23,3,5,RO421
3,12313,IERCOŞENI,317332,2,12288,23,3,5,RO421
3,12322,LUGUZĂU,317333,2,12288,23,3,5,RO421
3,12331,SATU MIC,317334,2,12288,23,3,5,RO421
2,12340,ŞIMAND,,2,29,3,3,5,RO421
3,12359,ŞIMAND,317335,2,12340,22,3,5,RO421
2,12368,ŞIRIA,,2,29,3,3,5,RO421
3,12377,ŞIRIA,317340,2,12368,22,3,5,RO421
3,12386,GALŞA,317341,2,12368,23,3,5,RO421
3,12395,MÂSCA,317342,2,12368,23,3,5,RO421
2,12402,ŞIŞTAROVĂŢ,,2,29,3,3,5,RO421
3,12411,ŞIŞTAROVĂŢ,317345,2,12402,22,3,5,RO421
3,12420,CUVEŞDIA,317346,2,12402,23,3,5,RO421
3,12439,LABAŞINŢ,317347,2,12402,23,3,5,RO421
3,12448,VARNIŢA,317348,2,12402,23,3,5,RO421
2,9360,ŞOFRONEA,,2,29,3,3,5,RO421
3,9379,ŞOFRONEA,317350,2,9360,22,3,5,RO421
3,9388,SÂNPAUL,317351,2,9360,23,3,5,RO421
2,12457,TAUŢ,,2,29,3,3,5,RO421
3,12466,TAUŢ,317355,2,12457,22,3,5,RO421
3,12475,MINIŞEL,317356,2,12457,23,3,5,RO421
3,12484,MINIŞU DE SUS,317357,2,12457,23,3,5,RO421
3,12493,NADĂŞ,317358,2,12457,23,3,5,RO421
2,12509,TÂRNOVA,,2,29,3,3,5,RO421
3,12518,TÂRNOVA,317360,2,12509,22,3,5,RO421
3,12527,AGRIŞU MARE,317365,2,12509,23,3,5,RO421
3,12536,ARĂNEAG,317361,2,12509,23,3,5,RO421
3,12545,CHIER,317362,2,12509,23,3,5,RO421
3,12554,DRAUŢ,317363,2,12509,23,3,5,RO421
3,12563,DUD,317364,2,12509,23,3,5,RO421
2,10765,USUSĂU,,2,29,3,3,5,RO421
3,10809,USUSĂU,317375,2,10765,22,3,5,RO421
3,10783,BRUZNIC,317376,2,10765,23,3,5,RO421
3,10774,DORGOŞ,317377,2,10765,23,3,5,RO421
3,10792,PĂTÂRŞ,317378,2,10765,23,3,5,RO421
3,10818,ZĂBALŢ,317379,2,10765,23,3,5,RO421
2,12572,VĂRĂDIA DE MUREŞ,,2,29,3,3,5,RO421
3,12581,VĂRĂDIA DE MUREŞ,317380,2,12572,22,3,5,RO421
3,12590,BAIA,317381,2,12572,23,3,5,RO421
3,12607,JULIŢA,317382,2,12572,23,3,5,RO421
3,12616,LUPEŞTI,317383,2,12572,23,3,5,RO421
3,12625,NICOLAE BĂLCESCU,317384,2,12572,23,3,5,RO421
3,12634,STEJAR,317386,2,12572,23,3,5,RO421
2,12689,VÂRFURILE,,2,29,3,3,5,RO421
3,12698,VÂRFURILE,317390,2,12689,22,3,5,RO421
3,12705,AVRAM IANCU,317391,2,12689,23,3,5,RO421
3,12714,GROŞI,317392,2,12689,23,3,5,RO421
3,12723,LAZURI,317393,2,12689,23,3,5,RO421
3,12732,MĂGULICEA,317394,2,12689,23,3,5,RO421
3,12741,MERMEŞTI,317396,2,12689,23,3,5,RO421
3,12750,POIANA,317397,2,12689,23,3,5,RO421
3,12769,VIDRA,317398,2,12689,23,3,5,RO421
2,12643,VINGA,,2,29,3,3,5,RO421
3,12652,VINGA,317400,2,12643,22,3,5,RO421
3,12661,MAILAT,317401,2,12643,23,3,5,RO421
3,12670,MĂNĂŞTUR,317402,2,12643,23,3,5,RO421
2,9397,VLADIMIRESCU,,2,29,3,3,5,RO421
3,9404,VLADIMIRESCU,317405,2,9397,22,3,5,RO421
3,9413,CICIR,317406,2,9397,23,3,5,RO421
3,9422,HORIA,317407,2,9397,23,3,5,RO421
3,9431,MÂNDRULOC,317408,2,9397,23,3,5,RO421
2,12778,ZĂBRANI,,2,29,3,3,5,RO421
3,12787,ZĂBRANI,317410,2,12778,22,3,5,RO421
3,12796,CHESINŢ,317411,2,12778,23,3,5,RO421
3,12803,NEUDORF,317412,2,12778,23,3,5,RO421
2,12938,ZĂDĂRENI,,2,29,3,3,5,RO421
3,10863,ZĂDĂRENI,317130,2,12938,22,3,5,RO421
3,10845,BODROGU NOU,317126,2,12938,23,3,5,RO421
2,12812,ZĂRAND,,2,29,3,3,5,RO421
3,12821,ZĂRAND,317415,2,12812,22,3,5,RO421
3,12830,CINTEI,317416,2,12812,23,3,5,RO421
2,12849,ZERIND,,2,29,3,3,5,RO421
3,12858,ZERIND,317420,2,12849,22,3,5,RO421
3,12867,IERMATA NEAGRĂ,317421,2,12849,23,3,5,RO421
2,12876,ZIMANDU NOU,,2,29,3,3,5,RO421
3,12885,ZIMANDU NOU,317425,2,12876,22,3,5,RO421
3,12894,ANDREI ŞAGUNA,317426,2,12876,23,3,5,RO421
3,12901,ZIMANDCUZ,317427,2,12876,23,3,5,RO421
1,38,JUDEŢUL ARGEŞ,,3,1,40,0,3,RO311
2,13169,MUNICIPIUL PITEŞTI,,3,38,1,1,3,RO311
3,13178,PITEŞTI,110001,3,13169,9,1,3,RO311
2,13490,MUNICIPIUL CÂMPULUNG,,3,38,4,1,3,RO311
3,13506,CÂMPULUNG,115100,3,13490,9,1,3,RO311
3,13515,VALEA RUMÂNEŞTILOR,115101,3,13490,10,1,3,RO311
2,13622,MUNICIPIUL CURTEA DE ARGEŞ,,3,38,4,1,3,RO311
3,13631,CURTEA DE ARGEŞ,115300,3,13622,9,1,3,RO311
3,13640,NOAPTEŞ,115301,3,13622,10,1,3,RO311
2,13668,ORAŞ COSTEŞTI,,3,38,2,1,3,RO311
3,13677,COSTEŞTI,115200,3,13668,17,1,3,RO311
3,13686,BROŞTENI,115201,3,13668,19,1,3,RO311
3,13695,LĂCENI,115202,3,13668,19,1,3,RO311
3,13702,PÂRVU ROŞU,115203,3,13668,19,1,3,RO311
3,13711,PODU BROŞTENI,115204,3,13668,19,1,3,RO311
3,13720,SMEI,115205,3,13668,19,1,3,RO311
3,13739,STÂRCI,115206,3,13668,19,1,3,RO311
2,13301,ORAŞ MIOVENI,,3,38,2,1,3,RO311
3,13310,MIOVENI,115400,3,13301,17,1,3,RO311
3,13329,CLUCEREASA,115401,3,13301,19,1,3,RO311
3,13338,COLIBAŞI,115402,3,13301,19,1,3,RO311
3,13347,FĂGETU,115403,3,13301,19,1,3,RO311
3,13356,RACOVIŢA,115404,3,13301,19,1,3,RO311
2,13392,ORAŞ ŞTEFĂNEŞTI,,3,38,2,1,3,RO311
3,13409,ŞTEFĂNEŞTI,117715,3,13392,17,1,3,RO311
3,13418,ENCULEŞTI,117716,3,13392,19,1,3,RO311
3,13427,GOLEŞTI,117717,3,13392,19,1,3,RO311
3,13436,IZVORANI,117718,3,13392,19,1,3,RO311
3,13445,ŞTEFĂNEŞTII NOI,117719,3,13392,19,1,3,RO311
3,13454,VALEA MARE-PODGORIA,117721,3,13392,19,1,3,RO311
3,13463,VIIŞOARA,117722,3,13392,19,1,3,RO311
3,13472,ZĂVOI,117723,3,13392,19,1,3,RO311
2,13757,ORAŞ TOPOLOVENI,,3,38,2,1,3,RO311
3,13766,TOPOLOVENI,115500,3,13757,17,1,3,RO311
3,13775,BOŢÂRCANI,115501,3,13757,19,1,3,RO311
3,13784,CRINTEŞTI,115502,3,13757,19,1,3,RO311
3,13793,GORĂNEŞTI,115503,3,13757,19,1,3,RO311
3,13800,ŢIGĂNEŞTI,115504,3,13757,19,1,3,RO311
2,13819,ALBEŞTII DE ARGEŞ,,3,38,3,3,3,RO311
3,13828,ALBEŞTII PAMÂNTENI,117010,3,13819,22,3,3,RO311
3,13837,ALBEŞTII UNGURENI,117006,3,13819,23,3,3,RO311
3,13846,BRĂTEŞTI,117007,3,13819,23,3,3,RO311
3,13855,DOBLEA,117008,3,13819,23,3,3,RO311
3,13864,DOBROTU,117009,3,13819,23,3,3,RO311
3,13873,DUMIREŞTI,117011,3,13819,23,3,3,RO311
3,13882,FLORIENI,117012,3,13819,23,3,3,RO311
2,13891,ALBEŞTII DE MUSCEL,,3,38,3,3,3,RO311
3,13917,ALBEŞTI,117026,3,13891,22,3,3,RO311
3,13926,CÂNDEŞTI,117028,3,13891,23,3,3,RO311
2,13935,ALBOTA,,3,38,3,3,3,RO311
3,13944,ALBOTA,117030,3,13935,22,3,3,RO311
3,13953,CERBU,117031,3,13935,23,3,3,RO311
3,13962,FRĂTEŞTI,117032,3,13935,23,3,3,RO311
3,13971,GURA VĂII,117033,3,13935,23,3,3,RO311
3,13980,MAREŞ,117034,3,13935,23,3,3,RO311
2,13999,ANINOASA,,3,38,3,3,3,RO311
3,14003,ANINOASA,117035,3,13999,22,3,3,RO311
3,14012,BROŞTENI,117036,3,13999,23,3,3,RO311
3,14021,SLĂNIC,117037,3,13999,23,3,3,RO311
3,14030,VALEA SILIŞTII,117038,3,13999,23,3,3,RO311
2,14049,AREFU,,3,38,3,3,3,RO311
3,14058,CĂPĂŢÂNENII PĂMÂNTENI,117041,3,14049,22,3,3,RO311
3,14067,AREFU,117040,3,14049,23,3,3,RO311
3,14076,CĂPĂŢÂNENII UNGURENI,117042,3,14049,23,3,3,RO311
2,13187,BASCOV,,3,38,3,3,3,RO311
3,13196,BASCOV,117045,3,13187,22,3,3,RO311
3,13203,BRĂILENI,117046,3,13187,23,3,3,RO311
3,13212,GLÂMBOCU,117047,3,13187,23,3,3,RO311
3,13221,MICA,117048,3,13187,23,3,3,RO311
3,13230,PRISLOPU MIC,117049,3,13187,23,3,3,RO311
3,13249,SCHIAU,117051,3,13187,23,3,3,RO311
3,13258,UIASCA,117052,3,13187,23,3,3,RO311
3,13267,VALEA URSULUI,117053,3,13187,23,3,3,RO311
2,14085,BĂBANA,,3,38,3,3,3,RO311
3,14094,BĂBANA,117055,3,14085,22,3,3,RO311
3,14101,BĂJĂNEŞTI,117056,3,14085,23,3,3,RO311
3,14110,CIOBĂNEŞTI,117057,3,14085,23,3,3,RO311
3,14129,COTMENIŢA,117058,3,14085,23,3,3,RO311
3,14138,GROŞI,117059,3,14085,23,3,3,RO311
3,14147,LUPUENI,117061,3,14085,23,3,3,RO311
3,14156,SLĂTIOARELE,117062,3,14085,23,3,3,RO311
2,14165,BĂICULEŞTI,,3,38,3,3,3,RO311
3,14174,BĂICULEŞTI,117065,3,14165,22,3,3,RO311
3,14183,ALUNIŞU,117066,3,14165,23,3,3,RO311
3,14192,ANGHINEŞTI,117067,3,14165,23,3,3,RO311
3,14209,ARGEŞANI,117068,3,14165,23,3,3,RO311
3,14218,MĂNICEŞTI,117069,3,14165,23,3,3,RO311
3,14227,STEJARI,117071,3,14165,23,3,3,RO311
3,14236,TUTANA,117072,3,14165,23,3,3,RO311
3,14245,VALEA BRAZILOR,117073,3,14165,23,3,3,RO311
3,14254,VALEA LUI ENACHE,117074,3,14165,23,3,3,RO311
3,14263,ZIGONENI,117076,3,14165,23,3,3,RO311
2,14272,BĂLILEŞTI,,3,38,3,3,3,RO311
3,14281,BĂLILEŞTI,117080,3,14272,22,3,3,RO311
3,14290,BĂJEŞTI,117081,3,14272,23,3,3,RO311
3,14307,GOLEŞTI,117082,3,14272,23,3,3,RO311
3,14316,POIENIŢA,117083,3,14272,23,3,3,RO311
3,14325,PRIBOAIA,117084,3,14272,23,3,3,RO311
3,14334,ULITA,117086,3,14272,23,3,3,RO311
3,14343,VALEA MARE-BRATIA,117087,3,14272,23,3,3,RO311
2,14450,BÂRLA,,3,38,3,3,3,RO311
3,14469,BÂRLA,117090,3,14450,22,3,3,RO311
3,14478,AFRIMEŞTI,117091,3,14450,23,3,3,RO311
3,14487,BĂDEŞTI,117092,3,14450,23,3,3,RO311
3,14496,BRABEŢI,117093,3,14450,23,3,3,RO311
3,14502,CIOCEŞTI,117094,3,14450,23,3,3,RO311
3,14511,MALU,117096,3,14450,23,3,3,RO311
3,14520,MÂNDRA,117097,3,14450,23,3,3,RO311
3,14539,MOZĂCENII-VALE,117098,3,14450,23,3,3,RO311
3,14548,PODIŞORU,117099,3,14450,23,3,3,RO311
3,14557,ŞELĂREASCA,117101,3,14450,23,3,3,RO311
3,14566,URLUENI,117102,3,14450,23,3,3,RO311
3,14575,ZUVELCAŢI,117103,3,14450,23,3,3,RO311
2,14352,BELEŢI-NEGREŞTI,,3,38,3,3,3,RO311
3,14361,ZGRIPCEŞTI,117114,3,14352,22,3,3,RO311
3,14370,BELEŢI,117111,3,14352,23,3,3,RO311
3,14389,LENŢEA,117112,3,14352,23,3,3,RO311
3,14398,NEGREŞTI,117113,3,14352,23,3,3,RO311
2,14405,BEREVOEŞTI,,3,38,3,3,3,RO311
3,14414,BEREVOEŞTI,117115,3,14405,22,3,3,RO311
3,14423,BRATIA,117116,3,14405,23,3,3,RO311
3,14432,GĂMĂCEŞTI,117117,3,14405,23,3,3,RO311
3,14441,OŢELU,117118,3,14405,23,3,3,RO311
2,14584,BOGAŢI,,3,38,3,3,3,RO311
3,14593,BOGAŢI,117120,3,14584,22,3,3,RO311
3,14600,BÂRLOI,117121,3,14584,23,3,3,RO311
3,14619,BUJOI,117122,3,14584,23,3,3,RO311
3,14628,CHIŢEŞTI,117123,3,14584,23,3,3,RO311
3,14637,DUMBRAVA,117124,3,14584,23,3,3,RO311
3,14646,GLÂMBOCEL,117126,3,14584,23,3,3,RO311
3,14655,GLÂMBOCELU,117127,3,14584,23,3,3,RO311
3,14664,SUSENI,117128,3,14584,23,3,3,RO311
2,14673,BOTENI,,3,38,3,3,3,RO311
3,14682,BOTENI,117130,3,14673,22,3,3,RO311
3,14691,BALABANI,117131,3,14673,23,3,3,RO311
3,14708,LUNCA,117132,3,14673,23,3,3,RO311
3,14717,MUŞCEL,117133,3,14673,23,3,3,RO311
2,14726,BOŢEŞTI,,3,38,3,3,3,RO311
3,14735,BOŢEŞTI,117135,3,14726,22,3,3,RO311
3,14744,MOŞTENI-GRECI,117136,3,14726,23,3,3,RO311
2,13276,BRADU,,3,38,3,3,3,RO311
3,13285,BRADU,117140,3,13276,22,3,3,RO311
3,13294,GEAMĂNA,117141,3,13276,23,3,3,RO311
2,14753,BRĂDULEŢ,,3,38,3,3,3,RO311
3,14762,BRĂDULEŢ,117145,3,14753,22,3,3,RO311
3,14771,ALUNIŞU,117146,3,14753,23,3,3,RO311
3,14780,BRĂDETU,117147,3,14753,23,3,3,RO311
3,14799,COSACI,117148,3,14753,23,3,3,RO311
3,14806,GALEŞU,117149,3,14753,23,3,3,RO311
3,14815,PIATRA,117151,3,14753,23,3,3,RO311
3,14824,SLĂMNEŞTI,117152,3,14753,23,3,3,RO311
3,14833,ULENI,117153,3,14753,23,3,3,RO311
3,14842,UNGURENI,117154,3,14753,23,3,3,RO311
2,14851,BUDEASA,,3,38,3,3,3,RO311
3,14860,BUDEASA MARE,117156,3,14851,22,3,3,RO311
3,14879,BUDEASA MICĂ,117157,3,14851,23,3,3,RO311
3,14888,CALOTEŞTI,117158,3,14851,23,3,3,RO311
3,14897,GĂLĂŞEŞTI,117159,3,14851,23,3,3,RO311
3,14904,ROGOJINA,117161,3,14851,23,3,3,RO311
3,14913,VALEA MĂRULUI,117162,3,14851,23,3,3,RO311
2,14922,BUGHEA DE JOS,,3,38,3,3,3,RO311
3,14931,BUGHEA DE JOS,117165,3,14922,22,3,3,RO311
2,20063,BUGHEA DE SUS,,3,38,3,3,3,RO311
3,13908,BUGHEA DE SUS,117027,3,20063,22,3,3,RO311
2,14940,BUZOEŞTI,,3,38,3,3,3,RO311
3,14959,VULPEŞTI,117182,3,14940,22,3,3,RO311
3,14968,BUJORENI,117171,3,14940,23,3,3,RO311
3,14977,BUZOEŞTI,117170,3,14940,23,3,3,RO311
3,14986,CORNĂŢEL,117172,3,14940,23,3,3,RO311
3,14995,CURTEANCA,117173,3,14940,23,3,3,RO311
3,15000,IONEŞTI,117174,3,14940,23,3,3,RO311
3,15019,PODENI,117176,3,14940,23,3,3,RO311
3,15028,REDEA,117177,3,14940,23,3,3,RO311
3,15037,ŞERBOENI,117178,3,14940,23,3,3,RO311
3,15046,TOMŞANCA,117179,3,14940,23,3,3,RO311
3,15055,VLĂDUŢA,117181,3,14940,23,3,3,RO311
2,15064,CĂLDĂRARU,,3,38,3,3,3,RO311
3,15073,CĂLDĂRARU,117190,3,15064,22,3,3,RO311
3,15082,BURDEA,117191,3,15064,23,3,3,RO311
3,15091,STRÂMBENI,117192,3,15064,23,3,3,RO311
2,15108,CĂLINEŞTI,,3,38,3,3,3,RO311
3,15117,VRĂNEŞTI,117210,3,15108,22,3,3,RO311
3,15126,CĂLINEŞTI,117195,3,15108,23,3,3,RO311
3,15144,CÂRSTIENI,117196,3,15108,23,3,3,RO311
3,15135,CIOCĂNEŞTI,117197,3,15108,23,3,3,RO311
3,15153,GLODU,117198,3,15108,23,3,3,RO311
3,15162,GORGANU,117199,3,15108,23,3,3,RO311
3,15171,RADU NEGRU,117201,3,15108,23,3,3,RO311
3,15180,RÂNCĂCIOV,117202,3,15108,23,3,3,RO311
3,15199,UDENI-ZĂVOI,117203,3,15108,23,3,3,RO311
3,15206,URLUCEA,117204,3,15108,23,3,3,RO311
3,15215,VALEA CORBULUI,117206,3,15108,23,3,3,RO311
3,15224,VĂLENI-PODGORIA,117207,3,15108,23,3,3,RO311
2,15233,CĂTEASCA,,3,38,3,3,3,RO311
3,15242,CĂTEASCA,117220,3,15233,22,3,3,RO311
3,15251,CATANELE,117221,3,15233,23,3,3,RO311
3,15260,CIREŞU,117222,3,15233,23,3,3,RO311
3,15279,COŞERI,117223,3,15233,23,3,3,RO311
3,15288,GRUIU,117224,3,15233,23,3,3,RO311
3,15297,RECEA,117226,3,15233,23,3,3,RO311
3,15304,SILIŞTEA,117227,3,15233,23,3,3,RO311
2,15313,CEPARI,,3,38,3,3,3,RO311
3,15322,CEPARII PĂMÂNTENI,117232,3,15313,22,3,3,RO311
3,15331,CĂRPENIŞ,117231,3,15313,23,3,3,RO311
3,15340,CEPARII UNGURENI,117233,3,15313,23,3,3,RO311
3,15359,MORĂŞTI,117234,3,15313,23,3,3,RO311
3,15368,ŞENDRULEŞTI,117236,3,15313,23,3,3,RO311
3,15377,URLUIEŞTI,117237,3,15313,23,3,3,RO311
3,15386,VALEA MĂGUREI,117238,3,15313,23,3,3,RO311
3,15395,ZAMFIREŞTI,117239,3,15313,23,3,3,RO311
2,15402,CETĂŢENI,,3,38,3,3,3,RO311
3,15411,CETĂŢENI,117240,3,15402,22,3,3,RO311
3,15420,LĂICĂI,117241,3,15402,23,3,3,RO311
3,15439,VALEA CETĂŢUIA,117242,3,15402,23,3,3,RO311
2,15448,CICĂNEŞTI,,3,38,3,3,3,RO311
3,15457,CICĂNEŞTI,117245,3,15448,22,3,3,RO311
3,15466,BĂRĂŞTI,117246,3,15448,23,3,3,RO311
3,15475,MIOARELE,117247,3,15448,23,3,3,RO311
3,15484,URECHEŞTI,117248,3,15448,23,3,3,RO311
2,15493,CIOFRÂNGENI,,3,38,3,3,3,RO311
3,15509,CIOFRÂNGENI,117250,3,15493,22,3,3,RO311
3,15518,BURLUŞI,117251,3,15493,23,3,3,RO311
3,15527,LACURILE,117252,3,15493,23,3,3,RO311
3,15536,PIATRA,117253,3,15493,23,3,3,RO311
3,15545,SCHITU-MATEI,117254,3,15493,23,3,3,RO311
2,15554,CIOMĂGEŞTI,,3,38,3,3,3,RO311
3,15563,RĂDUŢEŞTI,117264,3,15554,22,3,3,RO311
3,15572,BECULEŞTI,117256,3,15554,23,3,3,RO311
3,15581,BRATIA,117257,3,15554,23,3,3,RO311
3,15590,CIOMĂGEŞTI,117255,3,15554,23,3,3,RO311
3,15607,CUNGREA,117258,3,15554,23,3,3,RO311
3,15616,DOGARI,117259,3,15554,23,3,3,RO311
3,15625,FEDELEŞOIU,117261,3,15554,23,3,3,RO311
3,15634,GIUCLANI,117262,3,15554,23,3,3,RO311
3,15643,PĂUNEŞTI,117263,3,15554,23,3,3,RO311
2,15652,COCU,,3,38,3,3,3,RO311
3,15661,RĂCHIŢELE DE JOS,117272,3,15652,22,3,3,RO311
3,15670,BĂRBĂTEŞTI,117266,3,15652,23,3,3,RO311
3,15689,COCU,117265,3,15652,23,3,3,RO311
3,15698,CRUCIŞOARA,117267,3,15652,23,3,3,RO311
3,15705,FĂCĂLEŢEŞTI,117268,3,15652,23,3,3,RO311
3,15714,GREABĂNU,117269,3,15652,23,3,3,RO311
3,15723,POPEŞTI,117271,3,15652,23,3,3,RO311
3,15732,RĂCHIŢELE DE SUS,117273,3,15652,23,3,3,RO311
2,15741,CORBENI,,3,38,3,3,3,RO311
3,15750,CORBENI,117275,3,15741,22,3,3,RO311
3,15769,BERINDEŞTI,117276,3,15741,23,3,3,RO311
3,15778,BUCŞENEŞTI,117277,3,15741,23,3,3,RO311
3,15787,OEŞTII PAMÂNTENI,117278,3,15741,23,3,3,RO311
3,15796,OEŞTII UNGURENI,117279,3,15741,23,3,3,RO311
3,15803,POIENARI,117281,3,15741,23,3,3,RO311
3,15812,ROTUNDA,117282,3,15741,23,3,3,RO311
3,15821,TURBUREA,117283,3,15741,23,3,3,RO311
2,15830,CORBI,,3,38,3,3,3,RO311
3,15849,CORBI,117285,3,15830,22,3,3,RO311
3,15858,CORBŞORI,117286,3,15830,23,3,3,RO311
3,15867,JGHEABURI,117287,3,15830,23,3,3,RO311
3,15876,PODURI,117288,3,15830,23,3,3,RO311
3,15885,POIENĂREI,117289,3,15830,23,3,3,RO311
3,15894,STĂNEŞTI,117291,3,15830,23,3,3,RO311
2,15901,COŞEŞTI,,3,38,3,3,3,RO311
3,15910,COŞEŞTI,117295,3,15901,22,3,3,RO311
3,15929,JUPÂNEŞTI,117296,3,15901,23,3,3,RO311
3,15938,LĂPUŞANI,117297,3,15901,23,3,3,RO311
3,15947,LEICEŞTI,117298,3,15901,23,3,3,RO311
3,15956,PĂCIOIU,117299,3,15901,23,3,3,RO311
3,15965,PETREŞTI,117301,3,15901,23,3,3,RO311
3,15974,PRISEACA,117302,3,15901,23,3,3,RO311
2,15983,COTMEANA,,3,38,3,3,3,RO311
3,15992,COTMEANA,117305,3,15983,22,3,3,RO311
3,16007,BASCOVELE,117306,3,15983,23,3,3,RO311
3,16016,BUNEŞTI,117307,3,15983,23,3,3,RO311
3,16025,COSTEŞTI,117310,3,15983,23,3,3,RO311
3,16034,DEALU PĂDURII,117308,3,15983,23,3,3,RO311
3,16043,DRĂGOLEŞTI,117309,3,15983,23,3,3,RO311
3,16052,LINTEŞTI,117311,3,15983,23,3,3,RO311
3,16061,NEGEŞTI,117312,3,15983,23,3,3,RO311
3,16070,PIELEŞTI,117313,3,15983,23,3,3,RO311
3,16089,SĂNDULEŞTI,117314,3,15983,23,3,3,RO311
3,16098,SPIRIDONI,117316,3,15983,23,3,3,RO311
3,16105,URSOAIA,117317,3,15983,23,3,3,RO311
3,16114,VÂRLOVENI,117318,3,15983,23,3,3,RO311
3,16123,ZAMFIREŞTI,117319,3,15983,23,3,3,RO311
2,16132,CUCA,,3,38,3,3,3,RO311
3,16141,CUCA,117330,3,16132,22,3,3,RO311
3,16150,BĂLŢATA,117331,3,16132,23,3,3,RO311
3,16169,BĂRBĂLANI,117332,3,16132,23,3,3,RO311
3,16178,CÂRCEŞTI,117333,3,16132,23,3,3,RO311
3,16187,COTU,117334,3,16132,23,3,3,RO311
3,16196,CRIVĂŢU,117336,3,16132,23,3,3,RO311
3,16203,LĂUNELE DE SUS,117337,3,16132,23,3,3,RO311
3,16212,MĂCĂI,117338,3,16132,23,3,3,RO311
3,16221,MĂNEŞTI,117339,3,16132,23,3,3,RO311
3,16230,SINEŞTI,117341,3,16132,23,3,3,RO311
3,16249,STĂNICEI,117342,3,16132,23,3,3,RO311
3,16258,TEODOREŞTI,117343,3,16132,23,3,3,RO311
3,16267,VALEA CUCII,117344,3,16132,23,3,3,RO311
3,16276,VONIGEASA,117346,3,16132,23,3,3,RO311
2,16285,DAVIDEŞTI,,3,38,3,3,3,RO311
3,16294,DAVIDEŞTI,117350,3,16285,22,3,3,RO311
3,16301,CONŢEŞTI,117351,3,16285,23,3,3,RO311
3,16310,VOROVENI,117352,3,16285,23,3,3,RO311
2,16329,DÂMBOVICIOARA,,3,38,3,3,3,RO311
3,16338,DÂMBOVICIOARA,117355,3,16329,22,3,3,RO311
3,16347,CIOCANU,117356,3,16329,23,3,3,RO311
3,16356,PODU DÂMBOVIŢEI,117357,3,16329,23,3,3,RO311
2,16365,DÂRMĂNEŞTI,,3,38,3,3,3,RO311
3,16374,DÂRMĂNEŞTI,117360,3,16365,22,3,3,RO311
3,16383,NEGRENI,117361,3,16365,23,3,3,RO311
3,16392,PISCANI,117362,3,16365,23,3,3,RO311
3,16409,VALEA NANDRII,117363,3,16365,23,3,3,RO311
3,16418,VALEA RIZII,117364,3,16365,23,3,3,RO311
2,16427,DOBREŞTI,,3,38,3,3,3,RO311
3,16436,DOBREŞTI,117365,3,16427,22,3,3,RO311
3,16445,FUREŞTI,117366,3,16427,23,3,3,RO311
2,16454,DOMNEŞTI,,3,38,3,3,3,RO311
3,16463,DOMNEŞTI,117370,3,16454,22,3,3,RO311
2,16472,DRAGOSLAVELE,,3,38,3,3,3,RO311
3,16481,DRAGOSLAVELE,117375,3,16472,22,3,3,RO311
3,16490,VALEA HOTARULUI,117376,3,16472,23,3,3,RO311
2,16506,DRĂGANU,,3,38,3,3,3,RO311
3,16515,DRĂGANU-OLTENI,117382,3,16506,22,3,3,RO311
3,16524,BĂCEŞTI,117381,3,16506,23,3,3,RO311
3,16533,DUMBRĂVEŞTI,117383,3,16506,23,3,3,RO311
3,16542,PRISLOPU MARE,117384,3,16506,23,3,3,RO311
2,16551,GODENI,,3,38,3,3,3,RO311
3,16560,GODENI,117385,3,16551,22,3,3,RO311
3,16579,BORDEIENI,117386,3,16551,23,3,3,RO311
3,16588,CAPU PISCULUI,117387,3,16551,23,3,3,RO311
3,16597,COTEŞTI,117388,3,16551,23,3,3,RO311
3,16604,MALU,117389,3,16551,23,3,3,RO311
2,16613,HÂRSEŞTI,,3,38,3,3,3,RO311
3,16622,HÂRSEŞTI,117390,3,16613,22,3,3,RO311
3,16631,CIOBANI,117391,3,16613,23,3,3,RO311
3,16640,MARTALOGI,117392,3,16613,23,3,3,RO311
2,16659,HÂRTIEŞTI,,3,38,3,3,3,RO311
3,16668,HÂRTIEŞTI,117395,3,16659,22,3,3,RO311
3,16686,DEALU,117397,3,16659,23,3,3,RO311
3,16702,LESPEZI,117399,3,16659,23,3,3,RO311
3,16711,LUCIENI,117401,3,16659,23,3,3,RO311
2,16739,IZVORU,,3,38,3,3,3,RO311
3,16748,IZVORU,117405,3,16739,22,3,3,RO311
2,16757,LEORDENI,,3,38,3,3,3,RO311
3,16766,LEORDENI,117410,3,16757,22,3,3,RO311
3,16775,BALOTEASCA,117411,3,16757,23,3,3,RO311
3,16784,BĂILA,117412,3,16757,23,3,3,RO311
3,16793,BÂNTĂU,117413,3,16757,23,3,3,RO311
3,16800,BUDIŞTENI,117414,3,16757,23,3,3,RO311
3,16837,CÂRCIUMĂREŞTI,117416,3,16757,23,3,3,RO311
3,16819,CIOLCEŞTI,117417,3,16757,23,3,3,RO311
3,16828,CIULNIŢA,117418,3,16757,23,3,3,RO311
3,16846,COTU MALULUI,117419,3,16757,23,3,3,RO311
3,16855,GLÂMBOCATA,117421,3,16757,23,3,3,RO311
3,16864,GLÂMBOCATA-DEAL,117422,3,16757,23,3,3,RO311
3,16873,GLODU,117423,3,16757,23,3,3,RO311
3,16882,MOARA MOCANULUI,117424,3,16757,23,3,3,RO311
3,16891,SCHITU SCOICEŞTI,117426,3,16757,23,3,3,RO311
2,16908,LEREŞTI,,3,38,3,3,3,RO311
3,16917,LEREŞTI,117430,3,16908,22,3,3,RO311
3,16926,POJORÂTA,117431,3,16908,23,3,3,RO311
3,16935,VOINEŞTI,117432,3,16908,23,3,3,RO311
2,16944,LUNCA CORBULUI,,3,38,3,3,3,RO311
3,16953,LUNCA CORBULUI,117435,3,16944,22,3,3,RO311
3,16962,BUMBUENI,117436,3,16944,23,3,3,RO311
3,16971,CATANE,117437,3,16944,23,3,3,RO311
3,16980,CIEŞTI,117438,3,16944,23,3,3,RO311
3,16999,LĂNGEŞTI,117439,3,16944,23,3,3,RO311
3,17003,MÂRGHIA DE JOS,117441,3,16944,23,3,3,RO311
3,17012,MÂRGHIA DE SUS,117442,3,16944,23,3,3,RO311
3,17021,PĂDUREŢI,117443,3,16944,23,3,3,RO311
3,17030,SILIŞTENI,117444,3,16944,23,3,3,RO311
2,17049,MĂLURENI,,3,38,3,3,3,RO311
3,17058,MĂLURENI,117445,3,17049,22,3,3,RO311
3,17067,BUNEŞTI,117446,3,17049,23,3,3,RO311
3,17076,PĂULEASCA,117447,3,17049,23,3,3,RO311
3,17085,TOPLIŢA,117448,3,17049,23,3,3,RO311
3,17094,ZĂRNEŞTI,117449,3,17049,23,3,3,RO311
2,13365,MĂRĂCINENI,,3,38,3,3,3,RO311
3,13374,MĂRĂCINENI,117450,3,13365,22,3,3,RO311
3,13383,ARGEŞELU,117451,3,13365,23,3,3,RO311
2,17101,MERIŞANI,,3,38,3,3,3,RO311
3,17110,MERIŞANI,117455,3,17101,22,3,3,RO311
3,17129,BORLEŞTI,117456,3,17101,23,3,3,RO311
3,17138,BRĂTEASCA,117457,3,17101,23,3,3,RO311
3,17147,CAPU PISCULUI,117458,3,17101,23,3,3,RO311
3,17156,CRÂMPOTANI,117459,3,17101,23,3,3,RO311
3,17165,DOBROGOSTEA,117461,3,17101,23,3,3,RO311
3,17174,MALU VÂNĂT,117462,3,17101,23,3,3,RO311
3,17183,VĂRZARU,117463,3,17101,23,3,3,RO311
3,17192,VÂLCELELE,117464,3,17101,23,3,3,RO311
2,17209,MICEŞTI,,3,38,3,3,3,RO311
3,17218,MICEŞTI,117465,3,17209,22,3,3,RO311
3,17227,BRÂNZARI,117466,3,17209,23,3,3,RO311
3,17236,PĂULEASCA,117467,3,17209,23,3,3,RO311
3,17245,PURCĂRENI,117468,3,17209,23,3,3,RO311
2,17254,MIHĂEŞTI,,3,38,3,3,3,RO311
3,17263,MIHĂEŞTI,117470,3,17254,22,3,3,RO311
3,17272,DRĂGHICI,117471,3,17254,23,3,3,RO311
3,17281,FURNICOŞI,117472,3,17254,23,3,3,RO311
3,17290,RUDENI,117473,3,17254,23,3,3,RO311
3,17307,VALEA BRADULUI,117474,3,17254,23,3,3,RO311
3,17316,VALEA POPII,117476,3,17254,23,3,3,RO311
3,17325,VĂCAREA,117477,3,17254,23,3,3,RO311
2,17334,MIOARELE,,3,38,3,3,3,RO311
3,17343,MĂŢĂU,117484,3,17334,22,3,3,RO311
3,17352,ALUNIŞ,117481,3,17334,23,3,3,RO311
3,17361,CHILII,117482,3,17334,23,3,3,RO311
3,17370,COCENEŞTI,117483,3,17334,23,3,3,RO311
3,17389,SUSLĂNEŞTI,117486,3,17334,23,3,3,RO311
2,17398,MIROŞI,,3,38,3,3,3,RO311
3,17405,MIROŞI,117490,3,17398,22,3,3,RO311
3,17414,SURDULEŞTI,117491,3,17398,23,3,3,RO311
2,17423,MORĂREŞTI,,3,38,3,3,3,RO311
3,17432,MORĂREŞTI,117495,3,17423,22,3,3,RO311
3,17450,DEALU OBEJDEANULUI,117496,3,17423,23,3,3,RO311
3,17441,DEDULEŞTI,117497,3,17423,23,3,3,RO311
3,17469,LUMINILE,117498,3,17423,23,3,3,RO311
3,17478,MĂNCIOIU,117499,3,17423,23,3,3,RO311
3,17487,SĂPUNARI,117501,3,17423,23,3,3,RO311
2,17496,MOŞOAIA,,3,38,3,3,3,RO311
3,17502,MOŞOAIA,117505,3,17496,22,3,3,RO311
3,17511,BĂTRÂNI,117506,3,17496,23,3,3,RO311
3,17520,CIOCĂNĂI,117507,3,17496,23,3,3,RO311
3,17539,DEALU VIILOR,117508,3,17496,23,3,3,RO311
3,17548,HINŢEŞTI,117509,3,17496,23,3,3,RO311
3,17557,LĂZĂREŞTI,117511,3,17496,23,3,3,RO311
3,17566,SMEURA,117512,3,17496,23,3,3,RO311
2,17575,MOZĂCENI,,3,38,3,3,3,RO311
3,17584,MOZĂCENI,117515,3,17575,22,3,3,RO311
3,17593,BABAROAGA,117516,3,17575,23,3,3,RO311
3,17600,ZIDURILE,117517,3,17575,23,3,3,RO311
2,17619,MUŞĂTEŞTI,,3,38,3,3,3,RO311
3,17628,VÂLSĂNEŞTI,117531,3,17619,22,3,3,RO311
3,17637,BOLOVĂNEŞTI,117521,3,17619,23,3,3,RO311
3,17646,COSTEŞTI-VÂLSAN,117522,3,17619,23,3,3,RO311
3,17655,MUŞĂŢEŞTI,117520,3,17619,23,3,3,RO311
3,17664,PROSIA,117523,3,17619,23,3,3,RO311
3,17673,ROBAIA,117524,3,17619,23,3,3,RO311
3,17682,STROEŞTI,117526,3,17619,23,3,3,RO311
3,17691,VALEA FAURULUI,117527,3,17619,23,3,3,RO311
3,17708,VALEA LUI MAŞ,117529,3,17619,23,3,3,RO311
3,17717,VALEA MUSCELULUI,117528,3,17619,23,3,3,RO311
2,17726,NEGRAŞI,,3,38,3,3,3,RO311
3,17735,NEGRAŞI,117535,3,17726,22,3,3,RO311
3,17744,BÂRLOGU,117536,3,17726,23,3,3,RO311
3,17753,BUTA,117537,3,17726,23,3,3,RO311
3,17762,MOZACU,117538,3,17726,23,3,3,RO311
2,17771,NUCŞOARA,,3,38,3,3,3,RO311
3,17780,NUCŞOARA,117540,3,17771,22,3,3,RO311
3,17799,GRUIU,117541,3,17771,23,3,3,RO311
3,17806,SBOGHIŢEŞTI,117542,3,17771,23,3,3,RO311
3,17815,SLATINA,117543,3,17771,23,3,3,RO311
2,17824,OARJA,,3,38,3,3,3,RO311
3,17833,OARJA,117545,3,17824,22,3,3,RO311
3,17842,CEAUŞEŞTI,117546,3,17824,23,3,3,RO311
2,17851,PIETROŞANI,,3,38,3,3,3,RO311
3,17860,PIETROŞANI,117550,3,17851,22,3,3,RO311
3,17879,BĂDEŞTI,117551,3,17851,23,3,3,RO311
3,17888,GĂNEŞTI,117552,3,17851,23,3,3,RO311
3,17897,RETEVOIEŞTI,117553,3,17851,23,3,3,RO311
3,17904,VĂRZĂROAIA,117554,3,17851,23,3,3,RO311
2,18028,POIANA LACULUI,,3,38,3,3,3,RO311
3,18037,POIANA LACULUI,117555,3,18028,22,3,3,RO311
3,18046,CĂTUNAŞI,117556,3,18028,23,3,3,RO311
3,18055,CEPARI,117557,3,18028,23,3,3,RO311
3,18064,DEALU ORAŞULUI,117558,3,18028,23,3,3,RO311
3,18073,DEALU VIILOR,117559,3,18028,23,3,3,RO311
3,18082,DINCULEŞTI,117561,3,18028,23,3,3,RO311
3,18091,GĂLEŢEANU,117562,3,18028,23,3,3,RO311
3,18108,GĂRDINEŞTI,117563,3,18028,23,3,3,RO311
3,18117,GÂLCEŞTI,117564,3,18028,23,3,3,RO311
3,18126,METOFU,117566,3,18028,23,3,3,RO311
3,18135,PĂDUROIU DIN DEAL,117567,3,18028,23,3,3,RO311
3,18144,PĂDUROIU DIN VALE,117568,3,18028,23,3,3,RO311
3,18153,SĂMARA,117569,3,18028,23,3,3,RO311
2,17913,POIENARII DE ARGEŞ,,3,38,3,3,3,RO311
3,17922,POIENARI,117578,3,17913,22,3,3,RO311
3,17931,CEAUREŞTI,117576,3,17913,23,3,3,RO311
3,17940,IOANICEŞTI,117577,3,17913,23,3,3,RO311
3,17959,TOMULEŞTI,117579,3,17913,23,3,3,RO311
2,17968,POIENARII DE MUSCEL,,3,38,3,3,3,RO311
3,17977,POIENARI,117578,3,17968,22,3,3,RO311
3,17986,GROŞANI,117581,3,17968,23,3,3,RO311
3,17995,JUGUR,117582,3,17968,23,3,3,RO311
3,18000,ŞERBĂNEŞTI,117584,3,17968,23,3,3,RO311
3,18019,VALEA ÎNDĂRĂT,117586,3,17968,23,3,3,RO311
2,18162,POPEŞTI,,3,38,3,3,3,RO311
3,18171,POPEŞTI,117590,3,18162,22,3,3,RO311
3,18206,PALANGA,117593,3,18162,23,3,3,RO311
3,18215,PURCĂRENI,117594,3,18162,23,3,3,RO311
3,18233,SLOBOZIA,117597,3,18162,23,3,3,RO311
2,18242,PRIBOIENI,,3,38,3,3,3,RO311
3,18251,PRIBOIENI,117600,3,18242,22,3,3,RO311
3,18260,ALBOTELE,117601,3,18242,23,3,3,RO311
3,18279,PARASCHIVEŞTI,117602,3,18242,23,3,3,RO311
3,18297,PITOI,117603,3,18242,23,3,3,RO311
3,18288,SĂMĂILA,117604,3,18242,23,3,3,RO311
3,18304,VALEA MARE,117606,3,18242,23,3,3,RO311
3,18313,VALEA NENII,117607,3,18242,23,3,3,RO311
3,18322,VALEA POPII,117608,3,18242,23,3,3,RO311
2,18331,RĂTEŞTI,,3,38,3,3,3,RO311
3,18340,RĂTEŞTI,117610,3,18331,22,3,3,RO311
3,18359,CIUPA-MĂNCIULESCU,117611,3,18331,23,3,3,RO311
3,18368,FURDUEŞTI,117612,3,18331,23,3,3,RO311
3,18377,MAVRODOLU,117613,3,18331,23,3,3,RO311
3,18386,NEJLOVELU,117614,3,18331,23,3,3,RO311
3,18395,PĂTULENI,117616,3,18331,23,3,3,RO311
3,18402,TIGVENI,117740,3,18331,23,3,3,RO311
2,20048,RÂCA,,3,38,3,3,3,RO311
3,18224,RÂCA,117596,3,20048,22,3,3,RO311
3,18180,ADUNAŢI,117591,3,20048,23,3,3,RO311
3,18199,BUCOV,117592,3,20048,23,3,3,RO311
2,18411,RECEA,,3,38,3,3,3,RO311
3,18420,RECEA,117620,3,18411,22,3,3,RO311
3,18439,DEAGU DE JOS,117621,3,18411,23,3,3,RO311
3,18448,DEAGU DE SUS,117622,3,18411,23,3,3,RO311
3,18457,GOLEASCA,117623,3,18411,23,3,3,RO311
3,18466,ORODEL,117624,3,18411,23,3,3,RO311
2,18475,ROCIU,,3,38,3,3,3,RO311
3,18484,ROCIU,117625,3,18475,22,3,3,RO311
3,18493,GLIGANU DE JOS,117626,3,18475,23,3,3,RO311
3,18509,GLIGANU DE SUS,117627,3,18475,23,3,3,RO311
3,18518,ŞERBĂNEŞTI,117628,3,18475,23,3,3,RO311
2,18527,RUCĂR,,3,38,3,3,3,RO311
3,18536,RUCĂR,117630,3,18527,22,3,3,RO311
3,18545,SĂTIC,117631,3,18527,23,3,3,RO311
2,18554,SĂLĂTRUCU,,3,38,3,3,3,RO311
3,18563,SĂLĂTRUCU,117635,3,18554,22,3,3,RO311
3,18572,VĂLENI,117636,3,18554,23,3,3,RO311
2,18581,SĂPATA,,3,38,3,3,3,RO311
3,18590,MÂRŢEŞTI,117647,3,18581,22,3,3,RO311
3,18607,BĂNĂREŞTI,117641,3,18581,23,3,3,RO311
3,18616,DEALU BRADULUI,117642,3,18581,23,3,3,RO311
3,18625,DRĂGHICEŞTI,117643,3,18581,23,3,3,RO311
3,18634,GĂINUŞA,117644,3,18581,23,3,3,RO311
3,18643,LIPIA,117646,3,18581,23,3,3,RO311
3,18652,POPEŞTI,117648,3,18581,23,3,3,RO311
3,18661,TURCEŞTI,117649,3,18581,23,3,3,RO311
2,18670,SCHITU GOLEŞTI,,3,38,3,3,3,RO311
3,18689,SCHITU GOLEŞTI,117650,3,18670,22,3,3,RO311
3,18698,BURNEŞTI,117651,3,18670,23,3,3,RO311
3,18705,COSTIŢĂ,117652,3,18670,23,3,3,RO311
3,18714,LĂZĂREŞTI,117653,3,18670,23,3,3,RO311
3,18723,LOTURI,117654,3,18670,23,3,3,RO311
3,18732,VALEA PECHII,117656,3,18670,23,3,3,RO311
2,18741,SLOBOZIA,,3,38,3,3,3,RO311
3,18750,SLOBOZIA,117660,3,18741,22,3,3,RO311
3,18769,NIGRIŞOARA,117661,3,18741,23,3,3,RO311
2,18778,STÂLPENI,,3,38,3,3,3,RO311
3,18787,STÂLPENI,117665,3,18778,22,3,3,RO311
3,18796,DEALU FRUMOS,117666,3,18778,23,3,3,RO311
3,18803,LIVEZENI,117667,3,18778,23,3,3,RO311
3,18812,OGREZEA,117668,3,18778,23,3,3,RO311
3,18821,OPREŞTI,117669,3,18778,23,3,3,RO311
3,18830,PIŢIGAIA,117671,3,18778,23,3,3,RO311
3,18849,RĂDEŞTI,117672,3,18778,23,3,3,RO311
2,18858,STOENEŞTI,,3,38,3,3,3,RO311
3,18867,STOENEŞTI,117675,3,18858,22,3,3,RO311
3,18876,BĂDENI,117676,3,18858,23,3,3,RO311
3,18885,COTENEŞTI,117677,3,18858,23,3,3,RO311
3,18894,LUNCA GÂRTII,117678,3,18858,23,3,3,RO311
3,18901,PIATRA,117679,3,18858,23,3,3,RO311
3,18910,SLOBOZIA,117681,3,18858,23,3,3,RO311
3,18929,VALEA BĂDENILOR,117682,3,18858,23,3,3,RO311
2,18938,STOLNICI,,3,38,3,3,3,RO311
3,18947,STOLNICI,117685,3,18938,22,3,3,RO311
3,18956,COCHINEŞTI,117686,3,18938,23,3,3,RO311
3,18965,COTMEANA,117687,3,18938,23,3,3,RO311
3,18974,FÂLFANI,117688,3,18938,23,3,3,RO311
3,18983,IZBĂŞEŞTI,117689,3,18938,23,3,3,RO311
3,18992,VLĂŞCUŢA,117691,3,18938,23,3,3,RO311
2,19007,SUSENI,,3,38,3,3,3,RO311
3,19016,SUSENI,117695,3,19007,22,3,3,RO311
3,19025,BURDEŞTI,117696,3,19007,23,3,3,RO311
3,19034,CERŞANI,117697,3,19007,23,3,3,RO311
3,19043,CHIRIŢEŞTI,117698,3,19007,23,3,3,RO311
3,19052,GĂLEŞEŞTI,117699,3,19007,23,3,3,RO311
3,19061,ODĂENI,117701,3,19007,23,3,3,RO311
3,19070,PĂDURENI,117702,3,19007,23,3,3,RO311
3,19098,STEFĂNEŞTI,117704,3,19007,23,3,3,RO311
3,19089,STRÂMBENI,117703,3,19007,23,3,3,RO311
3,19105,ŢUŢULEŞTI,117706,3,19007,23,3,3,RO311
2,19114,ŞTEFAN CEL MARE,,3,38,3,3,3,RO311
3,19123,ŞTEFAN CEL MARE,117710,3,19114,22,3,3,RO311
3,19132,GLAVACIOC,117711,3,19114,23,3,3,RO311
2,19141,ŞUICI,,3,38,3,3,3,RO311
3,19150,ŞUICI,117725,3,19141,22,3,3,RO311
3,19169,IANCULEŞTI,117726,3,19141,23,3,3,RO311
3,19178,PALTENU,117727,3,19141,23,3,3,RO311
3,19187,PĂULENI,117728,3,19141,23,3,3,RO311
3,19196,RUDENI,117729,3,19141,23,3,3,RO311
3,19203,VALEA CALULUI,117731,3,19141,23,3,3,RO311
2,19212,TEIU,,3,38,3,3,3,RO311
3,19221,TEIU,117735,3,19212,22,3,3,RO311
3,19230,LEŞILE,117736,3,19212,23,3,3,RO311
2,19249,TIGVENI,,3,38,3,3,3,RO311
3,19258,TIGVENI,117740,3,19249,22,3,3,RO311
3,19267,BĂDISLAVA,117741,3,19249,23,3,3,RO311
3,19276,BĂLILEŞTI,117742,3,19249,23,3,3,RO311
3,19285,BĂLTENI,117743,3,19249,23,3,3,RO311
3,19294,BÂRSEŞTII DE JOS,117744,3,19249,23,3,3,RO311
3,19301,BÂRSEŞTII DE SUS,117746,3,19249,23,3,3,RO311
3,19310,BLAJU,117747,3,19249,23,3,3,RO311
3,19329,VLĂDEŞTI,117748,3,19249,23,3,3,RO311
2,19338,ŢIŢEŞTI,,3,38,3,3,3,RO311
3,19347,ŢIŢEŞTI,117750,3,19338,22,3,3,RO311
3,19356,BUCŞENEŞTI-LOTAŞI,117751,3,19338,23,3,3,RO311
3,19365,CIŞMEA,117752,3,19338,23,3,3,RO311
3,19374,VALEA MĂNĂSTIRII,117753,3,19338,23,3,3,RO311
3,19383,VALEA STÂNII,117754,3,19338,23,3,3,RO311
2,19392,UDA,,3,38,3,3,3,RO311
3,19409,UDA,117755,3,19392,22,3,3,RO311
3,19418,BĂDULEŞTI,117756,3,19392,23,3,3,RO311
3,19427,BĂRĂNEŞTI,117757,3,19392,23,3,3,RO311
3,19436,BRANIŞTEA,117758,3,19392,23,3,3,RO311
3,19445,CHIRIŢEŞTI,117759,3,19392,23,3,3,RO311
3,19454,COTU,117761,3,19392,23,3,3,RO311
3,19463,DEALU BISERICII,117762,3,19392,23,3,3,RO311
3,19472,DEALU TOLCESII,117763,3,19392,23,3,3,RO311
3,19481,DICONEŞTI,117764,3,19392,23,3,3,RO311
3,19490,GORANI,117766,3,19392,23,3,3,RO311
3,19506,GREABĂN,117767,3,19392,23,3,3,RO311
3,19515,LUNGULEŞTI,117768,3,19392,23,3,3,RO311
3,19524,MIERCANI,117769,3,19392,23,3,3,RO311
3,19533,RÂJLEŢU-GOVORA,117771,3,19392,23,3,3,RO311
3,19542,ROMANA,117772,3,19392,23,3,3,RO311
3,19551,SĂLIŞTEA,117773,3,19392,23,3,3,RO311
2,19560,UNGHENI,,3,38,3,3,3,RO311
3,19579,UNGHENI,117780,3,19560,22,3,3,RO311
3,19588,COLŢU,117781,3,19560,23,3,3,RO311
3,19597,GĂUJANI,117782,3,19560,23,3,3,RO311
3,19604,GOIA,117783,3,19560,23,3,3,RO311
3,19613,HUMELE,117784,3,19560,23,3,3,RO311
3,19622,SATU NOU,117786,3,19560,23,3,3,RO311
2,19631,VALEA DANULUI,,3,38,3,3,3,RO311
3,19640,VALEA DANULUI,117790,3,19631,22,3,3,RO311
3,19659,BĂNICEŞTI,117791,3,19631,23,3,3,RO311
3,19668,BOLCULEŞTI,117792,3,19631,23,3,3,RO311
3,19677,BOROBĂNEŞTI,117793,3,19631,23,3,3,RO311
3,19686,VERNEŞTI,117794,3,19631,23,3,3,RO311
2,19695,VALEA IAŞULUI,,3,38,3,3,3,RO311
3,19702,VALEA IAŞULUI,117795,3,19695,22,3,3,RO311
3,19711,BĂDILA,117796,3,19695,23,3,3,RO311
3,19720,BĂRBĂLĂTEŞTI,117797,3,19695,23,3,3,RO311
3,19739,BOROVINEŞTI,117798,3,19695,23,3,3,RO311
3,19748,CERBURENI,117799,3,19695,23,3,3,RO311
3,19757,MUSTĂŢEŞTI,117801,3,19695,23,3,3,RO311
3,19766,RUGINOASA,117802,3,19695,23,3,3,RO311
3,19775,UNGURENI,117803,3,19695,23,3,3,RO311
3,19784,VALEA ULEIULUI,117804,3,19695,23,3,3,RO311
2,13524,VALEA MARE PRAVĂŢ,,3,38,3,3,3,RO311
3,13533,VALEA MARE PRAVĂŢ,117805,3,13524,22,3,3,RO311
3,13542,BILCEŞTI,117806,3,13524,23,3,3,RO311
3,13551,COLNIC,117807,3,13524,23,3,3,RO311
3,13560,FÂNTÂNEA,117808,3,13524,23,3,3,RO311
3,13579,GURA PRAVĂŢ,117809,3,13524,23,3,3,RO311
3,13588,NĂMĂEŞTI,117811,3,13524,23,3,3,RO311
3,13597,PIETROASA,117812,3,13524,23,3,3,RO311
3,13604,ŞELARI,117813,3,13524,23,3,3,RO311
2,19793,VEDEA,,3,38,3,3,3,RO311
3,19800,VEDEA,117815,3,19793,22,3,3,RO311
3,19819,BĂDICEA,117816,3,19793,23,3,3,RO311
3,19828,BLEJANI,117817,3,19793,23,3,3,RO311
3,19837,BUREŢEŞTI,117818,3,19793,23,3,3,RO311
3,19846,CHIRIŢEŞTI,117819,3,19793,23,3,3,RO311
3,19855,CHIŢANI,117821,3,19793,23,3,3,RO311
3,19864,CIUREŞTI,117822,3,19793,23,3,3,RO311
3,19873,DINCANI,117823,3,19793,23,3,3,RO311
3,19882,FATA,117824,3,19793,23,3,3,RO311
3,19891,FRĂTICI,117826,3,19793,23,3,3,RO311
3,19908,IZVORU DE JOS,117827,3,19793,23,3,3,RO311
3,19917,IZVORU DE SUS,117828,3,19793,23,3,3,RO311
3,19926,LUNGANI,117829,3,19793,23,3,3,RO311
3,19935,MOGOŞEŞTI,117831,3,19793,23,3,3,RO311
3,19944,PRODANI,117832,3,19793,23,3,3,RO311
3,19953,RĂŢOI,117833,3,19793,23,3,3,RO311
3,19962,VAŢA,117834,3,19793,23,3,3,RO311
3,19980,VÂRŞEŞTI,117836,3,19793,23,3,3,RO311
3,19971,VEŢIŞOARA,117837,3,19793,23,3,3,RO311
2,19999,VLĂDEŞTI,,3,38,3,3,3,RO311
3,20000,VLĂDEŞTI,117840,3,19999,22,3,3,RO311
3,20019,COTEASCA,117841,3,19999,23,3,3,RO311
3,20028,DRĂGHESCU,117842,3,19999,23,3,3,RO311
3,20037,PUTINA,117843,3,19999,23,3,3,RO311
2,20055,VULTUREŞTI,,3,38,3,3,3,RO311
3,16720,VULTUREŞTI,117402,3,20055,22,3,3,RO311
3,16677,BÂRZEŞTI,117396,3,20055,23,3,3,RO311
3,16695,HULUBA,117398,3,20055,23,3,3,RO311
1,47,JUDEŢUL BACĂU,,4,1,40,0,1,RO211
2,20297,MUNICIPIUL BACĂU,,4,47,1,1,1,RO211
3,20304,BACĂU,600001,4,20297,9,1,1,RO211
2,20876,MUNICIPIUL MOINEŞTI,,4,47,4,1,1,RO211
3,20885,MOINEŞTI,605400,4,20876,9,1,1,RO211
3,20894,GĂZĂRIE,605401,4,20876,10,1,1,RO211
2,20563,MUNICIPIUL ONEŞTI,,4,47,4,1,1,RO211
3,20572,ONEŞTI,601003,4,20563,9,1,1,RO211
3,20581,BORZEŞTI,601001,4,20563,10,1,1,RO211
3,20590,SLOBOZIA,601002,4,20563,10,1,1,RO211
2,20778,ORAŞ BUHUŞI,,4,47,2,1,1,RO211
3,20787,BUHUŞI,605100,4,20778,17,1,1,RO211
3,20796,MARGINEA,605101,4,20778,18,1,1,RO211
3,20803,RUNCU,605102,4,20778,18,1,1,RO211
2,20821,ORAŞ COMĂNEŞTI,,4,47,2,1,1,RO211
3,20830,COMĂNEŞTI,605200,4,20821,17,1,1,RO211
3,20849,PODEI,605201,4,20821,18,1,1,RO211
3,20858,VERMEŞTI,605202,4,20821,18,1,1,RO211
2,22166,ORAŞ DĂRMĂNEŞTI,,4,47,2,1,1,RO211
3,22175,DĂRMĂNEŞTI,605300,4,22166,17,1,1,RO211
3,22184,DĂRMĂNEASCA,605301,4,22166,19,1,1,RO211
3,22193,LAPOŞ,605302,4,22166,19,1,1,RO211
3,22200,PĂGUBENI,605303,4,22166,19,1,1,RO211
3,22219,PLOPU,605304,4,22166,19,1,1,RO211
3,22228,SĂLĂTRUC,605305,4,22166,19,1,1,RO211
2,20910,ORAŞ SLĂNIC-MOLDOVA,,4,47,2,1,1,RO211
3,20929,SLĂNIC-MOLDOVA,605500,4,20910,17,1,1,RO211
3,20938,CERDAC,605501,4,20910,18,1,1,RO211
3,20947,CIREŞOAIA,605502,4,20910,18,1,1,RO211
2,20965,ORAŞ TÂRGU OCNA,,4,47,2,1,1,RO211
3,20974,TÂRGU OCNA,605600,4,20965,17,1,1,RO211
3,20983,POIENI,605601,4,20965,18,1,1,RO211
3,20992,VÂLCELE,605602,4,20965,18,1,1,RO211
2,21007,AGĂŞ,,4,47,3,3,1,RO211
3,21016,AGĂŞ,607005,4,21007,22,3,1,RO211
3,21025,BELEGHET,607006,4,21007,23,3,1,RO211
3,21034,COŞNEA,607007,4,21007,23,3,1,RO211
3,21043,COTUMBA,607008,4,21007,23,3,1,RO211
3,21052,DIACONEŞTI,607009,4,21007,23,3,1,RO211
3,21061,GOIOASA,607011,4,21007,23,3,1,RO211
3,21070,PRELUCI,607012,4,21007,23,3,1,RO211
3,21089,SULŢA,607013,4,21007,23,3,1,RO211
2,21098,ARDEOANI,,4,47,3,3,1,RO211
3,21105,ARDEOANI,607015,4,21098,22,3,1,RO211
3,21114,LEONTINEŞTI,607016,4,21098,23,3,1,RO211
2,21123,ASĂU,,4,47,3,3,1,RO211
3,21132,ASĂU,607020,4,21123,22,3,1,RO211
3,21141,APA ASĂU,607021,4,21123,23,3,1,RO211
3,21150,CIOBĂNUŞ,607022,4,21123,23,3,1,RO211
3,21169,LUNCA ASĂU,607023,4,21123,23,3,1,RO211
3,21178,PĂLTINIŞ,607024,4,21123,23,3,1,RO211
3,21187,STRAJA,607026,4,21123,23,3,1,RO211
2,21196,BALCANI,,4,47,3,3,1,RO211
3,21203,BALCANI,607030,4,21196,22,3,1,RO211
3,21212,FRUMOASA,607031,4,21196,23,3,1,RO211
3,21221,LUDAŞI,607032,4,21196,23,3,1,RO211
3,21230,SCHITU FRUMOASA,607033,4,21196,23,3,1,RO211
2,21454,BÂRSĂNEŞTI,,4,47,3,3,1,RO211
3,21463,BÂRSĂNEŞTI,607035,4,21454,22,3,1,RO211
3,21472,ALBELE,607036,4,21454,23,3,1,RO211
3,21481,BRĂTEŞTI,607037,4,21454,23,3,1,RO211
3,21490,CARACLĂU,607038,4,21454,23,3,1,RO211
2,21249,BEREŞTI-BISTRIŢA,,4,47,3,3,1,RO211
3,21258,BEREŞTI-BISTRIŢA,607040,4,21249,22,3,1,RO211
3,21267,BRAD,607041,4,21249,23,3,1,RO211
3,21285,CLIMEŞTI,607043,4,21249,23,3,1,RO211
3,21329,PĂDURENI,607048,4,21249,23,3,1,RO211
2,21338,BEREŞTI-TAZLĂU,,4,47,3,3,1,RO211
3,21347,BEREŞTI-TAZLĂU,607050,4,21338,22,3,1,RO211
3,21356,BOŞOTENI,607051,4,21338,23,3,1,RO211
3,21365,ENĂCHEŞTI,607052,4,21338,23,3,1,RO211
3,21374,PRISACA,607053,4,21338,23,3,1,RO211
3,21383,ROMÂNEŞTI,607054,4,21338,23,3,1,RO211
3,21392,TESCANI,607056,4,21338,23,3,1,RO211
3,21409,TURLUIANU,607057,4,21338,23,3,1,RO211
2,21418,BERZUNŢI,,4,47,3,3,1,RO211
3,21427,BERZUNŢI,607060,4,21418,22,3,1,RO211
3,21436,BUDA,607061,4,21418,23,3,1,RO211
3,21445,DRAGOMIR,607062,4,21418,23,3,1,RO211
2,21506,BLĂGEŞTI,,4,47,3,3,1,RO211
3,21515,BLĂGEŞTI,607065,4,21506,22,3,1,RO211
3,21524,BUDA,607066,4,21506,23,3,1,RO211
3,21533,POIANA NEGUSTORULUI,607067,4,21506,23,3,1,RO211
3,21542,ŢÂRDENII MARI,607068,4,21506,23,3,1,RO211
3,21551,VALEA LUI ION,607069,4,21506,23,3,1,RO211
2,21560,BOGDĂNEŞTI,,4,47,3,3,1,RO211
3,21579,BOGDĂNEŞTI,607070,4,21560,22,3,1,RO211
3,21588,FILIPEŞTI,607071,4,21560,23,3,1,RO211
2,21597,BRUSTUROASA,,4,47,3,3,1,RO211
3,21604,BRUSTUROASA,607075,4,21597,22,3,1,RO211
3,21613,BURUIENIŞ,607076,4,21597,23,3,1,RO211
3,21622,BURUIENIŞU DE SUS,607077,4,21597,23,3,1,RO211
3,21631,CAMENCA,607078,4,21597,23,3,1,RO211
3,21640,CUCHINIŞ,607079,4,21597,23,3,1,RO211
3,21659,HÂNGĂNEŞTI,607081,4,21597,23,3,1,RO211
2,26338,BUCIUMI,,4,47,3,3,1,RO211
3,20705,BUCIUMI,607607,4,26338,22,3,1,RO211
3,20732,RĂCĂUŢI,607611,4,26338,23,3,1,RO211
2,21668,BUHOCI,,4,47,3,3,1,RO211
3,21677,BUHOCI,607085,4,21668,22,3,1,RO211
3,21686,BIJGHIR,607086,4,21668,23,3,1,RO211
3,21695,BUHOCEL,607087,4,21668,23,3,1,RO211
3,21702,COTENI,607088,4,21668,23,3,1,RO211
3,21711,DOSPINEŞTI,607089,4,21668,23,3,1,RO211
2,21720,CAŞIN,,4,47,3,3,1,RO211
3,21739,CAŞIN,607090,4,21720,22,3,1,RO211
3,21748,CURIŢA,607091,4,21720,23,3,1,RO211
2,21757,CĂIUŢI,,4,47,3,3,1,RO211
3,21766,CĂIUŢI,607095,4,21757,22,3,1,RO211
3,21775,BLIDARI,607096,4,21757,23,3,1,RO211
3,21784,BOIŞTEA,607097,4,21757,23,3,1,RO211
3,21793,FLOREŞTI,607098,4,21757,23,3,1,RO211
3,21800,HELTIU,607099,4,21757,23,3,1,RO211
3,21819,MĂRCEŞTI,607101,4,21757,23,3,1,RO211
3,21828,POPENI,607102,4,21757,23,3,1,RO211
3,21837,PRALEA,607103,4,21757,23,3,1,RO211
3,21846,VRÂNCENI,607104,4,21757,23,3,1,RO211
2,21855,CLEJA,,4,47,3,3,1,RO211
3,21864,CLEJA,607105,4,21855,22,3,1,RO211
3,21873,SOMUŞCA,607106,4,21855,23,3,1,RO211
3,21882,VALEA MICĂ,607107,4,21855,23,3,1,RO211
2,21891,COLONEŞTI,,4,47,3,3,1,RO211
3,21908,COLONEŞTI,607110,4,21891,22,3,1,RO211
3,21917,CĂLINI,607111,4,21891,23,3,1,RO211
3,21926,POIANA,607112,4,21891,23,3,1,RO211
3,21935,SATU NOU,607113,4,21891,23,3,1,RO211
3,21944,SPRIA,607114,4,21891,23,3,1,RO211
3,21953,VALEA MARE,607116,4,21891,23,3,1,RO211
3,21962,ZĂPODIA,607117,4,21891,23,3,1,RO211
2,21971,CORBASCA,,4,47,3,3,1,RO211
3,21980,CORBASCA,607120,4,21971,22,3,1,RO211
3,21999,BĂCIOIU,607121,4,21971,23,3,1,RO211
3,22004,MARVILA,607122,4,21971,23,3,1,RO211
3,22013,POGLEŢ,607123,4,21971,23,3,1,RO211
3,22022,ROGOAZA,607124,4,21971,23,3,1,RO211
3,22031,SCĂRIŞOARA,607126,4,21971,23,3,1,RO211
3,22040,VÂLCELE,607127,4,21971,23,3,1,RO211
2,22059,COŢOFĂNEŞTI,,4,47,3,3,1,RO211
3,22068,COŢOFĂNEŞTI,607130,4,22059,22,3,1,RO211
3,22077,BÂLCA,607131,4,22059,23,3,1,RO211
3,22086,BOIŞTEA DE JOS,607132,4,22059,23,3,1,RO211
3,22095,BORŞANI,607133,4,22059,23,3,1,RO211
3,22102,TĂMĂŞOAIA,607134,4,22059,23,3,1,RO211
2,22111,DĂMIENEŞTI,,4,47,3,3,1,RO211
3,22120,DĂMIENEŞTI,607135,4,22111,22,3,1,RO211
3,22139,CĂLUGĂRENI,607136,4,22111,23,3,1,RO211
3,22148,DRĂGEŞTI,607137,4,22111,23,3,1,RO211
3,22157,PĂDURENI,607138,4,22111,23,3,1,RO211
2,22237,DEALU MORII,,4,47,3,3,1,RO211
3,22246,DEALU MORII,607140,4,22237,22,3,1,RO211
3,22255,BANCA,607141,4,22237,23,3,1,RO211
3,22264,BĂLĂNEŞTI,607142,4,22237,23,3,1,RO211
3,22273,BLAGA,607143,4,22237,23,3,1,RO211
3,22282,BOBOŞ,607144,4,22237,23,3,1,RO211
3,22291,BODEASA,607146,4,22237,23,3,1,RO211
3,22308,BOSTĂNEŞTI,607147,4,22237,23,3,1,RO211
3,22317,CALAPODEŞTI,607148,4,22237,23,3,1,RO211
3,22326,CĂUIA,607149,4,22237,23,3,1,RO211
3,22335,DOROFEI,607151,4,22237,23,3,1,RO211
3,22344,GHIONOAIA,607152,4,22237,23,3,1,RO211
3,22353,GRĂDEŞTI,607153,4,22237,23,3,1,RO211
3,22362,NEGULEŞTI,607154,4,22237,23,3,1,RO211
3,22371,TĂVĂDĂREŞTI,607156,4,22237,23,3,1,RO211
2,22380,DOFTEANA,,4,47,3,3,1,RO211
3,22399,DOFTEANA,607160,4,22380,22,3,1,RO211
3,22406,BOGATA,607161,4,22380,23,3,1,RO211
3,22415,CUCUIEŢI,607162,4,22380,23,3,1,RO211
3,22424,HĂGHIAC,607163,4,22380,23,3,1,RO211
3,22433,LARGA,607164,4,22380,23,3,1,RO211
3,22442,SEACA,607166,4,22380,23,3,1,RO211
3,22451,ŞTEFAN VODĂ,607167,4,22380,23,3,1,RO211
2,22460,FARAOANI,,4,47,3,3,1,RO211
3,22479,FARAOANI,607170,4,22460,22,3,1,RO211
2,22488,FILIPENI,,4,47,3,3,1,RO211
3,22497,FILIPENI,607175,4,22488,22,3,1,RO211
3,22503,BĂLAIA,607176,4,22488,23,3,1,RO211
3,22512,BRAD,607177,4,22488,23,3,1,RO211
3,22521,FRUNTEŞTI,607178,4,22488,23,3,1,RO211
3,22530,MĂRĂŞTI,607179,4,22488,23,3,1,RO211
3,22549,PĂDURENI,607181,4,22488,23,3,1,RO211
3,22558,SLOBOZIA,607182,4,22488,23,3,1,RO211
3,22567,VALEA BOŢULUI,607183,4,22488,23,3,1,RO211
2,22576,FILIPEŞTI,,4,47,3,3,1,RO211
3,22585,FILIPEŞTI,607185,4,22576,22,3,1,RO211
3,22594,BOANŢA,607186,4,22576,23,3,1,RO211
3,22601,CÂRLIGI,607187,4,22576,23,3,1,RO211
3,22610,CORNEŞTI,607188,4,22576,23,3,1,RO211
3,22629,COTU GROSULUI,607189,4,22576,23,3,1,RO211
3,22638,GALBENI,607191,4,22576,23,3,1,RO211
3,22647,HÂRLEŞTI,607192,4,22576,23,3,1,RO211
3,22656,ONIŞCANI,607193,4,22576,23,3,1,RO211
2,22665,GĂICEANA,,4,47,3,3,1,RO211
3,22674,GĂICEANA,607195,4,22665,22,3,1,RO211
3,22683,ARINI,607196,4,22665,23,3,1,RO211
3,22692,HUŢU,607197,4,22665,23,3,1,RO211
3,22709,POPEŞTI,607198,4,22665,23,3,1,RO211
2,22781,GÂRLENI,,4,47,3,3,1,RO211
3,22790,GÂRLENII DE SUS,607201,4,22781,22,3,1,RO211
3,22807,GÂRLENI,607200,4,22781,23,3,1,RO211
3,22816,LESPEZI,607202,4,22781,23,3,1,RO211
3,22825,ŞURINA,607203,4,22781,23,3,1,RO211
2,22718,GHIMEŞ-FĂGET,,4,47,3,3,1,RO211
3,22727,FĂGET,607207,4,22718,22,3,1,RO211
3,22736,BOLOVĂNIŞ,607206,4,22718,23,3,1,RO211
3,22745,FĂGETU DE SUS,607208,4,22718,23,3,1,RO211
3,22754,GHIMEŞ,607209,4,22718,23,3,1,RO211
3,22763,RĂCHITIŞ,607211,4,22718,23,3,1,RO211
3,22772,TĂRHĂUŞI,607212,4,22718,23,3,1,RO211
2,26346,GIOSENI,,4,47,3,3,1,RO211
3,25736,GIOSENI,607618,4,26346,22,3,1,RO211
2,22834,GLĂVĂNEŞTI,,4,47,3,3,1,RO211
3,22843,GLĂVĂNEŞTI,607215,4,22834,22,3,1,RO211
3,22852,FRUMUŞELU,607216,4,22834,23,3,1,RO211
3,22861,MUNCELU,607217,4,22834,23,3,1,RO211
3,22870,PUTREDENI,607218,4,22834,23,3,1,RO211
3,22889,RĂZEŞU,607219,4,22834,23,3,1,RO211
2,20607,GURA VĂII,,4,47,3,3,1,RO211
3,20616,GURA VĂII,607220,4,20607,22,3,1,RO211
3,20625,CAPĂTA,607221,4,20607,23,3,1,RO211
3,20634,DUMBRAVA,607222,4,20607,23,3,1,RO211
3,20643,MOTOCEŞTI,607223,4,20607,23,3,1,RO211
3,20652,PĂLTINATA,607224,4,20607,23,3,1,RO211
3,20661,TEMELIA,607226,4,20607,23,3,1,RO211
2,22898,HELEGIU,,4,47,3,3,1,RO211
3,22905,HELEGIU,607230,4,22898,22,3,1,RO211
3,22914,BRĂTILA,607231,4,22898,23,3,1,RO211
3,22923,DELENI,607232,4,22898,23,3,1,RO211
3,22932,DRĂGUGEŞTI,607233,4,22898,23,3,1,RO211
2,20313,HEMEIUŞ,,4,47,3,3,1,RO211
3,20322,HEMEIUŞ,607235,4,20313,22,3,1,RO211
3,20331,FÂNTÂNELE,607236,4,20313,23,3,1,RO211
3,20340,LILIECI,607237,4,20313,23,3,1,RO211
2,22941,HORGEŞTI,,4,47,3,3,1,RO211
3,22950,HORGEŞTI,607240,4,22941,22,3,1,RO211
3,22969,BAZGA,607241,4,22941,23,3,1,RO211
3,22978,GALERI,607242,4,22941,23,3,1,RO211
3,22987,MĂRĂSCU,607243,4,22941,23,3,1,RO211
3,23001,RĂCĂTĂU DE JOS,607244,4,22941,23,3,1,RO211
3,22996,RĂCĂTĂU-RĂZEŞI,607246,4,22941,23,3,1,RO211
3,23010,RECEA,607247,4,22941,23,3,1,RO211
3,23029,SOHODOR,607248,4,22941,23,3,1,RO211
2,23047,HURUIEŞTI,,4,47,3,3,1,RO211
3,23056,HURUIEŞTI,607250,4,23047,22,3,1,RO211
3,23065,CĂPOTEŞTI,607251,4,23047,23,3,1,RO211
3,23074,FLOREŞTI,607252,4,23047,23,3,1,RO211
3,23083,FUNDOAIA,607253,4,23047,23,3,1,RO211
3,23092,OCHENI,607254,4,23047,23,3,1,RO211
3,23109,PERCHIU,607256,4,23047,23,3,1,RO211
3,23118,PRĂDAIŞ,607257,4,23047,23,3,1,RO211
2,26379,ITEŞTI,,4,47,3,3,1,RO211
3,21310,ITEŞTI,607047,4,26379,22,3,1,RO211
3,21276,CIUMAŞI,607042,4,26379,23,3,1,RO211
3,21294,DUMBRAVA,607044,4,26379,23,3,1,RO211
3,21301,FĂGEŢEL,607046,4,26379,23,3,1,RO211
2,23127,IZVORU BERHECIULUI,,4,47,3,3,1,RO211
3,23136,IZVORU BERHECIULUI,607260,4,23127,22,3,1,RO211
3,23145,ANTOHEŞTI,607261,4,23127,23,3,1,RO211
3,23154,BĂIMAC,607262,4,23127,23,3,1,RO211
3,23163,FĂGHIENI,607263,4,23127,23,3,1,RO211
3,23172,OBÂRŞIA,607264,4,23127,23,3,1,RO211
3,23181,OŢELEŞTI,607266,4,23127,23,3,1,RO211
3,23190,PĂDURENI,607267,4,23127,23,3,1,RO211
2,20359,LETEA VECHE,,4,47,3,3,1,RO211
3,20368,LETEA VECHE,607270,4,20359,22,3,1,RO211
3,20377,HOLT,607271,4,20359,23,3,1,RO211
3,20386,RADOMIREŞTI,607272,4,20359,23,3,1,RO211
3,20395,RUŞI-CIUTEA,607273,4,20359,23,3,1,RO211
3,20402,SIRETU,607274,4,20359,23,3,1,RO211
2,23207,LIPOVA,,4,47,3,3,1,RO211
3,23216,LIPOVA,607275,4,23207,22,3,1,RO211
3,23225,MÂLOSU,607276,4,23207,23,3,1,RO211
3,23234,SATU NOU,607277,4,23207,23,3,1,RO211
3,23243,VALEA CASELOR,607278,4,23207,23,3,1,RO211
3,23252,VALEA HOGEI,607279,4,23207,23,3,1,RO211
3,23261,VALEA MĂRULUI,607281,4,23207,23,3,1,RO211
3,23270,VALEA MOŞNEAGULUI,607282,4,23207,23,3,1,RO211
2,23289,LIVEZI,,4,47,3,3,1,RO211
3,23298,LIVEZI,607285,4,23289,22,3,1,RO211
3,23305,BĂLĂNEASA,607286,4,23289,23,3,1,RO211
3,23314,ORĂŞA,607287,4,23289,23,3,1,RO211
3,23323,POIANA,607288,4,23289,23,3,1,RO211
3,23332,PRĂJOAIA,607289,4,23289,23,3,1,RO211
3,23341,SCĂRIGA,607291,4,23289,23,3,1,RO211
2,23350,LUIZI-CĂLUGĂRA,,4,47,3,3,1,RO211
3,23369,LUIZI-CĂLUGĂRA,607295,4,23350,22,3,1,RO211
3,23378,OSEBIŢI,607296,4,23350,23,3,1,RO211
2,23387,MĂGIREŞTI,,4,47,3,3,1,RO211
3,23396,MĂGIREŞTI,607300,4,23387,22,3,1,RO211
3,23403,PRĂJEŞTI,607301,4,23387,23,3,1,RO211
3,23412,STĂNEŞTI,607302,4,23387,23,3,1,RO211
3,23421,ŞESURI,607303,4,23387,23,3,1,RO211
3,23430,VALEA ARINILOR,607304,4,23387,23,3,1,RO211
2,20411,MĂGURA,,4,47,3,3,1,RO211
3,20420,MĂGURA,607305,4,20411,22,3,1,RO211
3,20439,CRIHAN,607306,4,20411,23,3,1,RO211
3,20448,DEALU-MARE,607307,4,20411,23,3,1,RO211
3,20457,SOHODOL,607308,4,20411,23,3,1,RO211
2,23449,MĂNĂSTIREA CAŞIN,,4,47,3,3,1,RO211
3,23458,MĂNĂSTIREA CAŞIN,607310,4,23449,22,3,1,RO211
3,23467,LUPEŞTI,607311,4,23449,23,3,1,RO211
3,23476,PÂRVULEŞTI,607312,4,23449,23,3,1,RO211
3,23485,SCUTARU,607313,4,23449,23,3,1,RO211
2,20466,MĂRGINENI,,4,47,3,3,1,RO211
3,20475,MĂRGINENI,607315,4,20466,22,3,1,RO211
3,20484,BARAŢI,607316,4,20466,23,3,1,RO211
3,20493,LUNCANI,607317,4,20466,23,3,1,RO211
3,20509,PĂDURENI,607318,4,20466,23,3,1,RO211
3,20518,PODIŞ,607319,4,20466,23,3,1,RO211
3,20527,POIANA,607321,4,20466,23,3,1,RO211
3,20536,TREBEŞ,607322,4,20466,23,3,1,RO211
3,20545,VALEA BUDULUI,607323,4,20466,23,3,1,RO211
2,23494,MOTOŞENI,,4,47,3,3,1,RO211
3,23500,MOTOŞENI,607325,4,23494,22,3,1,RO211
3,23519,BÂCLEŞTI,607326,4,23494,23,3,1,RO211
3,23528,CHETRENI,607327,4,23494,23,3,1,RO211
3,23537,CHICEREA,607328,4,23494,23,3,1,RO211
3,23546,COCIU,607329,4,23494,23,3,1,RO211
3,23555,CORNĂŢELU,607331,4,23494,23,3,1,RO211
3,23564,FÂNTÂNELE,607332,4,23494,23,3,1,RO211
3,23573,FUNDĂTURA,607333,4,23494,23,3,1,RO211
3,23582,GURA CRĂIEŞTI,607334,4,23494,23,3,1,RO211
3,23591,POIANA,607336,4,23494,23,3,1,RO211
3,23608,PRAJA,607337,4,23494,23,3,1,RO211
3,23617,ROTĂRIA,607338,4,23494,23,3,1,RO211
3,23626,ŞENDREŞTI,607339,4,23494,23,3,1,RO211
3,23635,ŢEPOAIA,607341,4,23494,23,3,1,RO211
2,23644,NEGRI,,4,47,3,3,1,RO211
3,23653,NEGRI,607345,4,23644,22,3,1,RO211
3,23662,BRAD,607346,4,23644,23,3,1,RO211
3,23671,CĂLINEŞTI,607347,4,23644,23,3,1,RO211
3,23680,MÂGLA,607348,4,23644,23,3,1,RO211
3,23699,POIANA,607349,4,23644,23,3,1,RO211
3,23706,URSOAIA,607351,4,23644,23,3,1,RO211
2,23715,NICOLAE BĂLCESCU,,4,47,3,3,1,RO211
3,23724,NICOLAE BĂLCESCU,607355,4,23715,22,3,1,RO211
3,23742,BUCHILA,607357,4,23715,23,3,1,RO211
3,23751,GALBENI,607358,4,23715,23,3,1,RO211
3,23760,LĂRGUŢA,607359,4,23715,23,3,1,RO211
3,23788,VALEA SEACĂ,607362,4,23715,23,3,1,RO211
2,26353,ODOBEŞTI,,4,47,3,3,1,RO211
3,25442,ODOBEŞTI,607568,4,26353,22,3,1,RO211
3,25380,BĂLUŞA,607561,4,26353,23,3,1,RO211
3,25415,CIUTUREŞTI,607564,4,26353,23,3,1,RO211
3,25451,TISA-SILVESTRI,607569,4,26353,23,3,1,RO211
2,23797,OITUZ,,4,47,3,3,1,RO211
3,23804,OITUZ,607365,4,23797,22,3,1,RO211
3,23813,CĂLCÂI,607366,4,23797,23,3,1,RO211
3,23822,FERESTRĂU-OITUZ,607367,4,23797,23,3,1,RO211
3,23831,HÂRJA,607368,4,23797,23,3,1,RO211
3,23840,MARGINEA,607369,4,23797,23,3,1,RO211
3,23859,POIANA SĂRATĂ,607371,4,23797,23,3,1,RO211
2,23868,ONCEŞTI,,4,47,3,3,1,RO211
3,23877,ONCEŞTI,607375,4,23868,22,3,1,RO211
3,23886,BĂRBOASA,607376,4,23868,23,3,1,RO211
3,23895,DEALU PERJULUI,607377,4,23868,23,3,1,RO211
3,23902,ONCEŞTII VECHI,607378,4,23868,23,3,1,RO211
3,23911,SATU NOU,607379,4,23868,23,3,1,RO211
3,23920,TARNIŢA,607381,4,23868,23,3,1,RO211
3,23939,TAULA,607382,4,23868,23,3,1,RO211
2,23948,ORBENI,,4,47,3,3,1,RO211
3,23957,ORBENI,607385,4,23948,22,3,1,RO211
3,23966,SCURTA,607386,4,23948,23,3,1,RO211
2,23975,PALANCA,,4,47,3,3,1,RO211
3,23984,PALANCA,607390,4,23975,22,3,1,RO211
3,23993,CĂDĂREŞTI,607391,4,23975,23,3,1,RO211
3,24007,CIUGHEŞ,607392,4,23975,23,3,1,RO211
3,24016,PAJIŞTEA,607393,4,23975,23,3,1,RO211
3,24025,POPOIU,607394,4,23975,23,3,1,RO211
2,24034,PARAVA,,4,47,3,3,1,RO211
3,24043,PARAVA,607395,4,24034,22,3,1,RO211
3,24052,DRĂGUŞANI,607396,4,24034,23,3,1,RO211
3,24061,RĂDOAIA,607397,4,24034,23,3,1,RO211
3,24070,TEIUŞ,607398,4,24034,23,3,1,RO211
2,24089,PARINCEA,,4,47,3,3,1,RO211
3,24098,PARINCEA,607400,4,24089,22,3,1,RO211
3,24105,BARNA,607401,4,24089,23,3,1,RO211
3,24114,MILEŞTII DE JOS,607402,4,24089,23,3,1,RO211
3,24123,MILEŞTII DE SUS,607403,4,24089,23,3,1,RO211
3,24132,NĂNEŞTI,607404,4,24089,23,3,1,RO211
3,24141,NĂSTĂSENI,607406,4,24089,23,3,1,RO211
3,24150,POIENI,607407,4,24089,23,3,1,RO211
3,24169,SATU NOU,607408,4,24089,23,3,1,RO211
3,23038,VĂLENI,607409,4,24089,23,3,1,RO211
3,24178,VLADNIC,607411,4,24089,23,3,1,RO211
2,24187,PÂNCEŞTI,,4,47,3,3,1,RO211
3,24196,PÂNCEŞTI,607415,4,24187,22,3,1,RO211
3,24203,CHILIA BENEI,607416,4,24187,23,3,1,RO211
3,24212,DIENEŢ,607417,4,24187,23,3,1,RO211
3,24221,FULGERIŞ,607418,4,24187,23,3,1,RO211
3,24230,FUNDU VĂII,607419,4,24187,23,3,1,RO211
3,24249,MOTOC,607421,4,24187,23,3,1,RO211
3,24258,PETREŞTI,607422,4,24187,23,3,1,RO211
3,24267,SOCI,607423,4,24187,23,3,1,RO211
2,24276,PÂRGĂREŞTI,,4,47,3,3,1,RO211
3,24285,PÂRGĂREŞTI,607425,4,24276,22,3,1,RO211
3,24294,BAHNA,607426,4,24276,23,3,1,RO211
3,24301,NICOREŞTI,607427,4,24276,23,3,1,RO211
3,24310,PÂRÂU BOGHII,607428,4,24276,23,3,1,RO211
3,24329,SATU NOU,607429,4,24276,23,3,1,RO211
2,24338,PÂRJOL,,4,47,3,3,1,RO211
3,24347,PÂRJOL,607430,4,24338,22,3,1,RO211
3,24356,BĂHNĂŞENI,607431,4,24338,23,3,1,RO211
3,24365,BĂRNEŞTI,607432,4,24338,23,3,1,RO211
3,24374,BĂSĂŞTI,607433,4,24338,23,3,1,RO211
3,24383,CÂMPENI,607434,4,24338,23,3,1,RO211
3,24392,HĂINEALA,607436,4,24338,23,3,1,RO211
3,26312,HEMIENI,607439,4,24338,23,3,1,RO211
3,24409,PUSTIANA,607437,4,24338,23,3,1,RO211
3,24418,TĂRÂŢA,607438,4,24338,23,3,1,RO211
2,24427,PLOPANA,,4,47,3,3,1,RO211
3,24436,PLOPANA,607440,4,24427,22,3,1,RO211
3,24445,BUDEŞTI,607441,4,24427,23,3,1,RO211
3,24454,DORNENI,607442,4,24427,23,3,1,RO211
3,24463,FUNDU TUTOVEI,607443,4,24427,23,3,1,RO211
3,24472,IŢCANI,607444,4,24427,23,3,1,RO211
3,24490,RUSENII DE SUS,607447,4,24427,23,3,1,RO211
3,24481,RUSENII RĂZEŞI,607446,4,24427,23,3,1,RO211
3,24506,STRĂMINOASA,607448,4,24427,23,3,1,RO211
3,24515,ŢÂGÂRA,607449,4,24427,23,3,1,RO211
2,24524,PODU TURCULUI,,4,47,3,3,1,RO211
3,24533,PODU TURCULUI,607450,4,24524,22,3,1,RO211
3,24542,BĂLĂNEŞTI,607451,4,24524,23,3,1,RO211
3,24551,CĂBEŞTI,607452,4,24524,23,3,1,RO211
3,24560,FICHITEŞTI,607453,4,24524,23,3,1,RO211
3,24579,GIURGIOANA,607454,4,24524,23,3,1,RO211
3,24588,HANŢA,607456,4,24524,23,3,1,RO211
3,24597,LEHANCEA,607457,4,24524,23,3,1,RO211
3,24604,PLOPU,607458,4,24524,23,3,1,RO211
3,24613,RĂCUŞANA,607459,4,24524,23,3,1,RO211
3,24622,SÂRBI,607461,4,24524,23,3,1,RO211
2,24631,PODURI,,4,47,3,3,1,RO211
3,24640,PODURI,607465,4,24631,22,3,1,RO211
3,24659,BUCŞEŞTI,607466,4,24631,23,3,1,RO211
3,24668,CERNU,607467,4,24631,23,3,1,RO211
3,24677,CORNET,607468,4,24631,23,3,1,RO211
3,24686,NEGRENI,607469,4,24631,23,3,1,RO211
3,24695,PROHOZEŞTI,607471,4,24631,23,3,1,RO211
3,24702,VALEA ŞOŞII,607472,4,24631,23,3,1,RO211
2,26361,PRĂJEŞTI,,4,47,3,3,1,RO211
3,25914,PRĂJEŞTI,607639,4,26361,22,3,1,RO211
2,24711,RACOVA,,4,47,3,3,1,RO211
3,24720,RACOVA,607475,4,24711,22,3,1,RO211
3,24739,GURA VĂII,607476,4,24711,23,3,1,RO211
3,24748,HĂLMĂCIOAIA,607477,4,24711,23,3,1,RO211
3,24757,ILIEŞI,607478,4,24711,23,3,1,RO211
2,24766,RĂCĂCIUNI,,4,47,3,3,1,RO211
3,24775,RĂCĂCIUNI,607480,4,24766,22,3,1,RO211
3,24784,CIUCANI,607481,4,24766,23,3,1,RO211
3,24793,FUNDU RĂCĂCIUNI,607482,4,24766,23,3,1,RO211
3,24819,GÂŞTENI,607483,4,24766,23,3,1,RO211
3,24800,GHEORGHE DOJA,607484,4,24766,23,3,1,RO211
3,24828,RĂSTOACA,607486,4,24766,23,3,1,RO211
2,24837,RĂCHITOASA,,4,47,3,3,1,RO211
3,24846,RĂCHITOASA,607490,4,24837,22,3,1,RO211
3,24855,BARCANA,607491,4,24837,23,3,1,RO211
3,24864,BUCŞA,607492,4,24837,23,3,1,RO211
3,24873,BUDA,607493,4,24837,23,3,1,RO211
3,24882,BURDUSACI,607494,4,24837,23,3,1,RO211
3,24891,DĂNĂILA,607496,4,24837,23,3,1,RO211
3,24908,DUMBRAVA,607497,4,24837,23,3,1,RO211
3,24917,FARCAŞA,607498,4,24837,23,3,1,RO211
3,24926,FUNDĂTURA RĂCHITOASA,607499,4,24837,23,3,1,RO211
3,24935,HĂGHIAC,607501,4,24837,23,3,1,RO211
3,24944,MAGAZIA,607502,4,24837,23,3,1,RO211
3,24953,MOVILIŢA,607503,4,24837,23,3,1,RO211
3,24962,OPRIŞEŞTI,607504,4,24837,23,3,1,RO211
3,24971,PUTINI,607506,4,24837,23,3,1,RO211
3,24980,TOCHILEA,607507,4,24837,23,3,1,RO211
2,24999,ROŞIORI,,4,47,3,3,1,RO211
3,25004,ROŞIORI,607510,4,24999,22,3,1,RO211
3,25013,MISIHĂNEŞTI,607511,4,24999,23,3,1,RO211
3,25022,NEGUŞENI,607512,4,24999,23,3,1,RO211
3,25031,POIENI,607513,4,24999,23,3,1,RO211
3,25040,VALEA MARE,607514,4,24999,23,3,1,RO211
3,25059,VALEA MICĂ,607516,4,24999,23,3,1,RO211
2,25068,SASCUT,,4,47,3,3,1,RO211
3,25077,SASCUT,607520,4,25068,22,3,1,RO211
3,25086,BEREŞTI,607521,4,25068,23,3,1,RO211
3,25095,CONŢEŞTI,607522,4,25068,23,3,1,RO211
3,25102,PĂNCEŞTI,607523,4,25068,23,3,1,RO211
3,25111,SASCUT-SAT,607524,4,25068,23,3,1,RO211
3,25120,SCHINENI,607526,4,25068,23,3,1,RO211
3,25139,VALEA NACULUI,607527,4,25068,23,3,1,RO211
2,25148,SĂNDULENI,,4,47,3,3,1,RO211
3,25157,SĂNDULENI,607530,4,25148,22,3,1,RO211
3,25166,BÂRZULEŞTI,607531,4,25148,23,3,1,RO211
3,25175,COMAN,607532,4,25148,23,3,1,RO211
3,25184,MATEIEŞTI,607533,4,25148,23,3,1,RO211
3,25193,STUFU,607534,4,25148,23,3,1,RO211
3,25200,TISA,607536,4,25148,23,3,1,RO211
3,25219,VERŞEŞTI,607537,4,25148,23,3,1,RO211
2,26320,SĂRATA,,4,47,3,3,1,RO211
3,23779,SĂRATA,607361,4,26320,22,3,1,RO211
3,23733,BĂLŢATA,607356,4,26320,23,3,1,RO211
2,25228,SĂUCEŞTI,,4,47,3,3,1,RO211
3,25237,SĂUCEŞTI,607540,4,25228,22,3,1,RO211
3,25246,BOGDAN VODĂ,607541,4,25228,23,3,1,RO211
3,25255,COSTEI,607542,4,25228,23,3,1,RO211
3,25264,SCHINENI,607543,4,25228,23,3,1,RO211
3,25273,SIRETU,607544,4,25228,23,3,1,RO211
3,25282,ŞERBEŞTI,607546,4,25228,23,3,1,RO211
2,25291,SCORŢENI,,4,47,3,3,1,RO211
3,25308,SCORŢENI,607550,4,25291,22,3,1,RO211
3,25317,BOGDĂNEŞTI,607551,4,25291,23,3,1,RO211
3,25326,FLOREŞTI,607552,4,25291,23,3,1,RO211
3,25335,GRIGORENI,607553,4,25291,23,3,1,RO211
3,25344,STEJARU,607554,4,25291,23,3,1,RO211
3,25353,ŞERPENI,607556,4,25291,23,3,1,RO211
2,25362,SECUIENI,,4,47,3,3,1,RO211
3,25371,SECUIENI,607560,4,25362,22,3,1,RO211
3,25399,BERBINCENI,607562,4,25362,23,3,1,RO211
3,25406,CHITICENI,607563,4,25362,23,3,1,RO211
3,25424,FUNDENI,607566,4,25362,23,3,1,RO211
3,25433,GLODIŞOARELE,607567,4,25362,23,3,1,RO211
3,25460,VALEA FÂNAŢULUI,607571,4,25362,23,3,1,RO211
3,25479,VĂLENI,607572,4,25362,23,3,1,RO211
2,25488,SOLONŢ,,4,47,3,3,1,RO211
3,25497,SOLONŢ,607580,4,25488,22,3,1,RO211
3,25503,CUCUIEŢI,607581,4,25488,23,3,1,RO211
3,25512,SĂRATA,607582,4,25488,23,3,1,RO211
2,25521,STĂNIŞEŞTI,,4,47,3,3,1,RO211
3,25530,STĂNIŞEŞTI,607585,4,25521,22,3,1,RO211
3,25549,BALOTEŞTI,607586,4,25521,23,3,1,RO211
3,25558,BELCIUNEASA,607587,4,25521,23,3,1,RO211
3,25567,BENEŞTI,607588,4,25521,23,3,1,RO211
3,25576,CRĂIEŞTI,607589,4,25521,23,3,1,RO211
3,25585,GORGHEŞTI,607591,4,25521,23,3,1,RO211
3,25594,SLOBOZIA,607592,4,25521,23,3,1,RO211
3,25601,SLOBOZIA NOUĂ,607593,4,25521,23,3,1,RO211
3,25610,VĂLENI,607594,4,25521,23,3,1,RO211
2,25629,STRUGARI,,4,47,3,3,1,RO211
3,25638,STRUGARI,607595,4,25629,22,3,1,RO211
3,25647,CETĂŢUIA,607596,4,25629,23,3,1,RO211
3,25656,IAZ,607597,4,25629,23,3,1,RO211
3,25665,NADIŞA,607598,4,25629,23,3,1,RO211
3,25674,PETRICICA,607599,4,25629,23,3,1,RO211
3,25683,RĂCHITIŞU,607601,4,25629,23,3,1,RO211
2,20670,ŞTEFAN CEL MARE,,4,47,3,3,1,RO211
3,20689,ŞTEFAN CEL MARE,607605,4,20670,22,3,1,RO211
3,20698,BOGDANA,607606,4,20670,23,3,1,RO211
3,20714,GUTINAŞ,607608,4,20670,23,3,1,RO211
3,20723,NEGOIEŞTI,607609,4,20670,23,3,1,RO211
3,20741,RĂDEANA,607612,4,20670,23,3,1,RO211
3,20750,VIIŞOARA,607613,4,20670,23,3,1,RO211
2,25692,TAMAŞI,,4,47,3,3,1,RO211
3,25709,TAMAŞI,607615,4,25692,22,3,1,RO211
3,25718,CHETRIŞ,607616,4,25692,23,3,1,RO211
3,25727,FURNICARI,607617,4,25692,23,3,1,RO211
2,25745,TĂTĂRĂŞTI,,4,47,3,3,1,RO211
3,25754,TĂTĂRĂŞTI,607620,4,25745,22,3,1,RO211
3,25763,CORNII DE JOS,607621,4,25745,23,3,1,RO211
3,25772,CORNII DE SUS,607622,4,25745,23,3,1,RO211
3,25781,DRĂGEŞTI,607623,4,25745,23,3,1,RO211
3,25790,GHERDANA,607624,4,25745,23,3,1,RO211
3,25807,GIURGENI,607626,4,25745,23,3,1,RO211
3,25816,UNGURENI,607627,4,25745,23,3,1,RO211
2,25825,TÂRGU TROTUŞ,,4,47,3,3,1,RO211
3,25834,TÂRGU TROTUŞ,607630,4,25825,22,3,1,RO211
3,25843,TUTA,607631,4,25825,23,3,1,RO211
3,25852,VIIŞOARA,607632,4,25825,23,3,1,RO211
2,25861,TRAIAN,,4,47,3,3,1,RO211
3,25870,TRAIAN,607635,4,25861,22,3,1,RO211
3,25889,BOGDĂNEŞTI,607636,4,25861,23,3,1,RO211
3,25898,HERTIOANA DE JOS,607637,4,25861,23,3,1,RO211
3,25905,HERTIOANA-RĂZEŞI,607638,4,25861,23,3,1,RO211
3,25923,ZĂPODIA,607641,4,25861,23,3,1,RO211
2,25932,UNGURENI,,4,47,3,3,1,RO211
3,25941,UNGURENI,607645,4,25932,22,3,1,RO211
3,25950,BĂRTĂŞEŞTI,607646,4,25932,23,3,1,RO211
3,25969,BIBIREŞTI,607647,4,25932,23,3,1,RO211
3,25978,BOTA,607648,4,25932,23,3,1,RO211
3,25987,BOTEŞTI,607649,4,25932,23,3,1,RO211
3,25996,GÂRLA ANEI,607651,4,25932,23,3,1,RO211
3,26001,VIFORENI,607652,4,25932,23,3,1,RO211
3,26010,ZLĂTARI,607653,4,25932,23,3,1,RO211
2,26029,URECHEŞTI,,4,47,3,3,1,RO211
3,26038,URECHEŞTI,607655,4,26029,22,3,1,RO211
3,26047,CORNĂŢEL,607656,4,26029,23,3,1,RO211
3,26056,LUNCA DOCHIEI,607657,4,26029,23,3,1,RO211
3,26065,SATU NOU,607658,4,26029,23,3,1,RO211
3,26074,SLOBOZIA,607659,4,26029,23,3,1,RO211
2,26083,VALEA SEACĂ,,4,47,3,3,1,RO211
3,26092,VALEA SEACĂ,607660,4,26083,22,3,1,RO211
3,26109,CUCOVA,607661,4,26083,23,3,1,RO211
2,26118,VULTURENI,,4,47,3,3,1,RO211
3,26127,LICHITIŞENI,607673,4,26118,22,3,1,RO211
3,26136,BOSIA,607666,4,26118,23,3,1,RO211
3,26145,DĂDEŞTI,607667,4,26118,23,3,1,RO211
3,26154,DORNENI,607668,4,26118,23,3,1,RO211
3,26163,GHILĂVEŞTI,607669,4,26118,23,3,1,RO211
3,26172,GODINEŞTII DE JOS,607671,4,26118,23,3,1,RO211
3,26181,GODINEŞTII DE SUS,607672,4,26118,23,3,1,RO211
3,26190,MEDELENI,607674,4,26118,23,3,1,RO211
3,26207,NĂZĂRIOAIA,607676,4,26118,23,3,1,RO211
3,26216,REPRIVĂŢ,607677,4,26118,23,3,1,RO211
3,26225,TOMOZIA,607678,4,26118,23,3,1,RO211
3,26234,ŢIGĂNEŞTI,607679,4,26118,23,3,1,RO211
3,26243,VALEA LUPULUI,607681,4,26118,23,3,1,RO211
3,26252,VALEA MERILOR,607682,4,26118,23,3,1,RO211
3,26261,VALEA SALCIEI,607683,4,26118,23,3,1,RO211
3,26270,VULTURENI,607665,4,26118,23,3,1,RO211
2,26289,ZEMEŞ,,4,47,3,3,1,RO211
3,26298,ZEMEŞ,607690,4,26289,22,3,1,RO211
3,26305,BOLĂTĂU,607691,4,26289,23,3,1,RO211
1,56,JUDEŢUL BIHOR,,5,1,40,0,6,RO111
2,26564,MUNICIPIUL ORADEA,,5,56,1,1,6,RO111
3,26573,ORADEA,410001,5,26564,9,1,6,RO111
2,26877,MUNICIPIUL  MARGHITA,,5,56,4,1,6,RO111
3,26886,MARGHITA,415300,5,26877,9,1,6,RO111
3,26895,CHEŢ,415301,5,26877,10,1,6,RO111
3,26902,GHENETEA,415302,5,26877,10,1,6,RO111
2,26804,MUNICIPIUL BEIUŞ,,5,56,4,1,6,RO111
3,26813,BEIUŞ,415200,5,26804,9,1,6,RO111
3,26822,DELANI,415201,5,26804,10,1,6,RO111
2,26975,MUNICIPIUL SALONTA,,5,56,4,1,6,RO111
3,26984,SALONTA,415500,5,26975,9,1,6,RO111
2,26699,ORAŞ ALEŞD,,5,56,2,1,6,RO111
3,26706,ALEŞD,415100,5,26699,17,1,6,RO111
3,26715,PĂDUREA NEAGRĂ,415101,5,26699,18,1,6,RO111
3,26724,PEŞTIŞ,415102,5,26699,18,1,6,RO111
3,26733,TINĂUD,415103,5,26699,18,1,6,RO111
2,26920,ORAŞ NUCET,,5,56,2,1,6,RO111
3,26939,NUCET,415400,5,26920,17,1,6,RO111
3,26948,BĂIŢA,415401,5,26920,18,1,6,RO111
3,26957,BĂIŢA-PLAI,415402,5,26920,18,1,6,RO111
2,30915,ORAŞ SĂCUENI,,5,56,2,1,6,RO111
3,30924,SĂCUENI,417435,5,30915,17,1,6,RO111
3,30933,CADEA,417436,5,30915,18,1,6,RO111
3,30942,CIOCAIA,417437,5,30915,18,1,6,RO111
3,30951,CUBULCUT,417438,5,30915,18,1,6,RO111
3,30960,OLOSIG,417439,5,30915,18,1,6,RO111
3,30979,SÂNNICOLAU DE MUNTE,417441,5,30915,18,1,6,RO111
2,26840,ORAŞ ŞTEI,,5,56,2,1,6,RO111
3,26859,ŞTEI,415600,5,26840,17,1,6,RO111
2,32027,ORAŞ VALEA LUI MIHAI,,5,56,2,1,6,RO111
3,32036,VALEA LUI MIHAI,415700,5,32027,17,1,6,RO111
2,27007,ORAŞ VAŞCĂU,,5,56,2,1,6,RO111
3,27016,VAŞCĂU,415800,5,27007,17,1,6,RO111
3,27025,CÂMP,415801,5,27007,18,1,6,RO111
3,27034,CÂMP-MOŢI,415802,5,27007,18,1,6,RO111
3,27043,COLEŞTI,415803,5,27007,18,1,6,RO111
3,27052,VĂRZARII DE JOS,415804,5,27007,18,1,6,RO111
3,27061,VĂRZARII DE SUS,415805,5,27007,18,1,6,RO111
2,27070,ABRAM,,5,56,3,3,6,RO111
3,27089,ABRAM,417005,5,27070,22,3,6,RO111
3,27098,COHANI,417006,5,27070,23,3,6,RO111
3,27105,DIJIR,417007,5,27070,23,3,6,RO111
3,27114,ITEU,417008,5,27070,23,3,6,RO111
3,27123,ITEU NOU,417009,5,27070,23,3,6,RO111
3,27132,MARGINE,417011,5,27070,23,3,6,RO111
3,27141,SATU BARBĂ,417012,5,27070,23,3,6,RO111
3,27150,SUIUG,417013,5,27070,23,3,6,RO111
2,26742,AŞTILEU,,5,56,3,3,6,RO111
3,26751,AŞTILEU,417020,5,26742,22,3,6,RO111
3,26760,CĂLĂŢEA,417021,5,26742,23,3,6,RO111
3,26779,CHISTAG,417022,5,26742,23,3,6,RO111
3,26788,PEŞTERE,417023,5,26742,23,3,6,RO111
2,27212,AUŞEU,,5,56,3,3,6,RO111
3,27221,AUŞEU,417025,5,27212,22,3,6,RO111
3,27230,CACUCIU VECHI,417026,5,27212,23,3,6,RO111
3,27249,CODRIŞORU,417027,5,27212,23,3,6,RO111
3,27258,GHEGHIE,417028,5,27212,23,3,6,RO111
3,27267,GROŞI,417029,5,27212,23,3,6,RO111
3,27276,LUNCŞOARA,417031,5,27212,23,3,6,RO111
2,27285,AVRAM IANCU,,5,56,3,3,6,RO111
3,27294,AVRAM IANCU,417035,5,27285,22,3,6,RO111
3,27301,ANT,417036,5,27285,23,3,6,RO111
3,27310,TĂMAŞDA,417037,5,27285,23,3,6,RO111
2,27329,BALC,,5,56,3,3,6,RO111
3,27338,BALC,417040,5,27329,22,3,6,RO111
3,27347,ALMAŞU MARE,417041,5,27329,23,3,6,RO111
3,27356,ALMAŞU MIC,417042,5,27329,23,3,6,RO111
3,27365,GHIDA,417043,5,27329,23,3,6,RO111
3,27374,SĂLDĂBAGIU DE BARCĂU,417044,5,27329,23,3,6,RO111
2,27383,BATĂR,,5,56,3,3,6,RO111
3,27392,BATĂR,417045,5,27383,22,3,6,RO111
3,27409,ARPĂŞEL,417046,5,27383,23,3,6,RO111
3,27418,TALPOŞ,417047,5,27383,23,3,6,RO111
3,27427,TĂUT,417048,5,27383,23,3,6,RO111
2,27436,BIHARIA,,5,56,3,3,6,RO111
3,27445,BIHARIA,417050,5,27436,22,3,6,RO111
3,27454,CAUACEU,417051,5,27436,23,3,6,RO111
2,27506,BOIANU MARE,,5,56,3,3,6,RO111
3,27515,BOIANU MARE,417060,5,27506,22,3,6,RO111
3,27524,CORBOAIA,417061,5,27506,23,3,6,RO111
3,27533,HUTA,417062,5,27506,23,3,6,RO111
3,27542,PĂGAIA,417063,5,27506,23,3,6,RO111
3,27551,RUGEA,417064,5,27506,23,3,6,RO111
2,27560,BOROD,,5,56,3,3,6,RO111
3,27579,BOROD,417065,5,27560,22,3,6,RO111
3,27588,BOROZEL,417066,5,27560,23,3,6,RO111
3,27597,CETEA,417067,5,27560,23,3,6,RO111
3,27604,CORNIŢEL,417068,5,27560,23,3,6,RO111
3,27613,ŞERANI,417069,5,27560,23,3,6,RO111
3,27622,VALEA MARE DE CRIŞ,417071,5,27560,23,3,6,RO111
2,27631,BORŞ,,5,56,3,3,6,RO111
3,27640,BORŞ,417075,5,27631,22,3,6,RO111
3,27659,SANTĂUL MARE,417076,5,27631,23,3,6,RO111
3,27668,SANTĂUL MIC,417077,5,27631,23,3,6,RO111
3,27677,SÂNTION,417078,5,27631,23,3,6,RO111
2,27686,BRATCA,,5,56,3,3,6,RO111
3,27695,BRATCA,417080,5,27686,22,3,6,RO111
3,27711,BEZNEA,417081,5,27686,23,3,6,RO111
3,27702,DAMIŞ,417082,5,27686,23,3,6,RO111
3,27720,LORĂU,417083,5,27686,23,3,6,RO111
3,27739,PONOARĂ,417084,5,27686,23,3,6,RO111
3,27748,VALEA CRIŞULUI,417086,5,27686,23,3,6,RO111
2,27757,BRUSTURI,,5,56,3,3,6,RO111
3,27766,BRUSTURI,417090,5,27757,22,3,6,RO111
3,27775,CUIEŞD,417091,5,27757,23,3,6,RO111
3,27784,LORANTA,417092,5,27757,23,3,6,RO111
3,27793,ORVIŞELE,417093,5,27757,23,3,6,RO111
3,27800,PĂULEŞTI,417094,5,27757,23,3,6,RO111
3,27819,PICLEU,417096,5,27757,23,3,6,RO111
3,27828,ŢIGĂNEŞTII DE CRIŞ,417097,5,27757,23,3,6,RO111
3,27837,VARASĂU,417098,5,27757,23,3,6,RO111
2,27846,BUDUREASA,,5,56,3,3,6,RO111
3,27855,BUDUREASA,417100,5,27846,22,3,6,RO111
3,27864,BURDA,417101,5,27846,23,3,6,RO111
3,27873,SACA,417102,5,27846,23,3,6,RO111
3,27882,SĂLIŞTE DE BEIUŞ,417103,5,27846,23,3,6,RO111
3,27891,TELEAC,417104,5,27846,23,3,6,RO111
2,27908,BUDUSLĂU,,5,56,3,3,6,RO111
3,27917,BUDUSLĂU,417105,5,27908,22,3,6,RO111
3,27926,ALBIŞ,417106,5,27908,23,3,6,RO111
2,27935,BULZ,,5,56,3,3,6,RO111
3,27944,BULZ,417110,5,27935,22,3,6,RO111
3,27953,MUNTENI,417112,5,27935,23,3,6,RO111
3,27962,REMEŢI,417113,5,27935,23,3,6,RO111
2,27971,BUNTEŞTI,,5,56,3,3,6,RO111
3,27980,BUNTEŞTI,417115,5,27971,22,3,6,RO111
3,27999,BRĂDET,417116,5,27971,23,3,6,RO111
3,28004,DUMBRĂVANI,417117,5,27971,23,3,6,RO111
3,28013,FERICE,417118,5,27971,23,3,6,RO111
3,28022,LELEŞTI,417119,5,27971,23,3,6,RO111
3,28031,POIENII DE JOS,417121,5,27971,23,3,6,RO111
3,28040,POIENII DE SUS,417122,5,27971,23,3,6,RO111
3,28059,SĂUD,417123,5,27971,23,3,6,RO111
3,28068,STÂNCEŞTI,417124,5,27971,23,3,6,RO111
2,28077,CĂBEŞTI,,5,56,3,3,6,RO111
3,28086,CĂBEŞTI,417125,5,28077,22,3,6,RO111
3,28095,GOILA,417126,5,28077,23,3,6,RO111
3,28102,GURBEŞTI,417127,5,28077,23,3,6,RO111
3,28111,JOSANI,417128,5,28077,23,3,6,RO111
3,28120,SOHODOL,417129,5,28077,23,3,6,RO111
2,28139,CĂPÂLNA,,5,56,3,3,6,RO111
3,28148,CĂPÂLNA,417130,5,28139,22,3,6,RO111
3,28157,GINTA,417131,5,28139,23,3,6,RO111
3,28166,ROHANI,417132,5,28139,23,3,6,RO111
3,28175,SĂLDĂBAGIU MIC,417133,5,28139,23,3,6,RO111
3,28184,SUPLACU DE TINCA,417134,5,28139,23,3,6,RO111
2,28193,CĂRPINET,,5,56,3,3,6,RO111
3,28200,CĂRPINET,417135,5,28193,22,3,6,RO111
3,28237,CĂLUGĂRI,417136,5,28193,23,3,6,RO111
3,28219,IZBUC,417137,5,28193,23,3,6,RO111
3,28228,LEHECENI,417138,5,28193,23,3,6,RO111
2,28709,CÂMPANI,,5,56,3,3,6,RO111
3,28718,CÂMPANI,417140,5,28709,22,3,6,RO111
3,28727,FÂNAŢE,417141,5,28709,23,3,6,RO111
3,28736,HÂRSEŞTI,417142,5,28709,23,3,6,RO111
3,28745,SIGHIŞTEL,417143,5,28709,23,3,6,RO111
3,28754,VALEA DE SUS,417144,5,28709,23,3,6,RO111
2,28246,CEFA,,5,56,3,3,6,RO111
3,28255,CEFA,417145,5,28246,22,3,6,RO111
3,28264,ATEAŞ,417146,5,28246,23,3,6,RO111
3,28308,INAND,417151,5,28246,23,3,6,RO111
2,28335,CEICA,,5,56,3,3,6,RO111
3,28344,CEICA,417155,5,28335,22,3,6,RO111
3,28353,BUCIUM,417156,5,28335,23,3,6,RO111
3,28362,CEIŞOARA,417157,5,28335,23,3,6,RO111
3,28371,CORBEŞTI,417158,5,28335,23,3,6,RO111
3,28380,COTIGLET,417159,5,28335,23,3,6,RO111
3,28399,DUŞEŞTI,417161,5,28335,23,3,6,RO111
3,28406,INCEŞTI,417162,5,28335,23,3,6,RO111
2,28415,CETARIU,,5,56,3,3,6,RO111
3,28424,CETARIU,417165,5,28415,22,3,6,RO111
3,28451,ŞIŞTEREA,417168,5,28415,23,3,6,RO111
3,28460,ŞUŞTUROGI,417169,5,28415,23,3,6,RO111
3,28479,TĂUTELEC,417171,5,28415,23,3,6,RO111
2,28497,CHERECHIU,,5,56,3,3,6,RO111
3,28503,CHERECHIU,417175,5,28497,22,3,6,RO111
3,28512,CHEŞEREU,417176,5,28497,23,3,6,RO111
3,28521,TÂRGUŞOR,417177,5,28497,23,3,6,RO111
2,28530,CHIŞLAZ,,5,56,3,3,6,RO111
3,28549,CHIŞLAZ,417180,5,28530,22,3,6,RO111
3,28558,CHIRALEU,417181,5,28530,23,3,6,RO111
3,28567,HĂUCEŞTI,417182,5,28530,23,3,6,RO111
3,28576,MIŞCA,417183,5,28530,23,3,6,RO111
3,28585,POCLUŞA DE BARCĂU,417184,5,28530,23,3,6,RO111
3,28594,SĂRSIG,417186,5,28530,23,3,6,RO111
3,28601,SÂNLAZĂR,417187,5,28530,23,3,6,RO111
2,28665,CIUMEGHIU,,5,56,3,3,6,RO111
3,28674,CIUMEGHIU,417195,5,28665,22,3,6,RO111
3,28683,BOIU,417196,5,28665,23,3,6,RO111
3,28692,GHIORAC,417197,5,28665,23,3,6,RO111
2,28763,COCIUBA MARE,,5,56,3,3,6,RO111
3,28772,COCIUBA MARE,417200,5,28763,22,3,6,RO111
3,28781,CĂRĂSĂU,417201,5,28763,23,3,6,RO111
3,28790,CHEŞA,417202,5,28763,23,3,6,RO111
3,28807,PETID,417203,5,28763,23,3,6,RO111
2,28816,COPĂCEL,,5,56,3,3,6,RO111
3,28825,COPĂCEL,417205,5,28816,22,3,6,RO111
3,28834,BUCUROAIA,417206,5,28816,23,3,6,RO111
3,28843,CHIJIC,417207,5,28816,23,3,6,RO111
3,28852,POIANA TĂŞAD,417208,5,28816,23,3,6,RO111
3,28861,SĂRAND,417209,5,28816,23,3,6,RO111
3,28870,SURDUC,417211,5,28816,23,3,6,RO111
2,28889,CRIŞTIORU DE JOS,,5,56,3,3,6,RO111
3,28898,CRIŞTIORU DE JOS,417215,5,28889,22,3,6,RO111
3,28905,BÂLC,417216,5,28889,23,3,6,RO111
3,28914,CRIŞTIORU DE SUS,417217,5,28889,23,3,6,RO111
3,28923,POIANA,417218,5,28889,23,3,6,RO111
3,28932,SĂLIŞTE DE VAŞCĂU,417219,5,28889,23,3,6,RO111
2,28941,CURĂŢELE,,5,56,3,3,6,RO111
3,28950,CURĂŢELE,417220,5,28941,22,3,6,RO111
3,28969,BEIUŞELE,417221,5,28941,23,3,6,RO111
3,28978,CRESUIA,417222,5,28941,23,3,6,RO111
3,28987,NIMĂIEŞTI,417223,5,28941,23,3,6,RO111
3,28996,POCIOVELIŞTE,417224,5,28941,23,3,6,RO111
2,29001,CURTUIŞENI,,5,56,3,3,6,RO111
3,29010,CURTUIŞENI,417225,5,29001,22,3,6,RO111
3,29029,VĂŞAD,417226,5,29001,23,3,6,RO111
2,29038,DERNA,,5,56,3,3,6,RO111
3,29047,DERNA,417230,5,29038,22,3,6,RO111
3,29056,DERNIŞOARA,417231,5,29038,23,3,6,RO111
3,29065,SACALASĂU,417232,5,29038,23,3,6,RO111
3,29074,SACALASĂU NOU,417233,5,29038,23,3,6,RO111
3,29083,TRIA,417234,5,29038,23,3,6,RO111
2,29092,DIOSIG,,5,56,3,3,6,RO111
3,29109,DIOSIG,417235,5,29092,22,3,6,RO111
3,29118,IANCA,417236,5,29092,23,3,6,RO111
2,29154,DOBREŞTI,,5,56,3,3,6,RO111
3,29163,DOBREŞTI,417240,5,29154,22,3,6,RO111
3,29172,CORNIŞEŞTI,417241,5,29154,23,3,6,RO111
3,29181,CRÂNCEŞTI,417242,5,29154,23,3,6,RO111
3,29190,HIDIŞEL,417243,5,29154,23,3,6,RO111
3,29207,LUNCASPRIE,417244,5,29154,23,3,6,RO111
3,29216,RĂCAŞ,417246,5,29154,23,3,6,RO111
3,29225,TOPA DE JOS,417247,5,29154,23,3,6,RO111
3,29234,TOPA DE SUS,417248,5,29154,23,3,6,RO111
2,29243,DRĂGĂNEŞTI,,5,56,3,3,6,RO111
3,29252,DRĂGĂNEŞTI,417250,5,29243,22,3,6,RO111
3,29261,BELEJENI,417251,5,29243,23,3,6,RO111
3,29270,GRĂDINARI,417252,5,29243,23,3,6,RO111
3,29289,LIVADA BEIUŞULUI,417253,5,29243,23,3,6,RO111
3,29298,MIZIEŞ,417254,5,29243,23,3,6,RO111
3,32219,PĂCĂLEŞTI,417255,5,29243,23,3,6,RO111
3,29305,PĂNTĂŞEŞTI,417256,5,29243,23,3,6,RO111
3,29314,ŞEBIŞ,417257,5,29243,23,3,6,RO111
3,29323,TALPE,417258,5,29243,23,3,6,RO111
3,29332,ŢIGĂNEŞTII DE BEIUŞ,417259,5,29243,23,3,6,RO111
2,29341,DRĂGEŞTI,,5,56,3,3,6,RO111
3,29350,DRĂGEŞTI,417260,5,29341,22,3,6,RO111
3,29369,DICĂNEŞTI,417261,5,29341,23,3,6,RO111
3,29378,STRACOŞ,417262,5,29341,23,3,6,RO111
3,29387,TĂŞAD,417263,5,29341,23,3,6,RO111
3,29396,TOPEŞTI,417264,5,29341,23,3,6,RO111
2,29403,FINIŞ,,5,56,3,3,6,RO111
3,29412,FINIŞ,417265,5,29403,22,3,6,RO111
3,29421,BRUSTURI,417266,5,29403,23,3,6,RO111
3,29430,FIZIŞ,417267,5,29403,23,3,6,RO111
3,29449,IOANIŞ,417268,5,29403,23,3,6,RO111
3,29458,ŞUNCUIŞ,417269,5,29403,23,3,6,RO111
2,32195,GEPIU,,5,56,3,3,6,RO111
3,28291,GEPIU,417149,5,32195,22,3,6,RO111
3,28282,BICACI,417148,5,32195,23,3,6,RO111
2,29467,GIRIŞU DE CRIŞ,,5,56,3,3,6,RO111
3,29476,GIRIŞU DE CRIŞ,417270,5,29467,22,3,6,RO111
3,29494,TĂRIAN,417272,5,29467,23,3,6,RO111
2,29519,HIDIŞELU DE SUS,,5,56,3,3,6,RO111
3,29528,HIDIŞELU DE SUS,417275,5,29519,22,3,6,RO111
3,29537,HIDIŞELU DE JOS,417276,5,29519,23,3,6,RO111
3,29546,MIERLĂU,417277,5,29519,23,3,6,RO111
3,29555,SÂNTELEC,417278,5,29519,23,3,6,RO111
3,29564,ŞUMUGIU,417279,5,29519,23,3,6,RO111
2,29573,HOLOD,,5,56,3,3,6,RO111
3,29582,HOLOD,417280,5,29573,22,3,6,RO111
3,29591,DUMBRAVA,417281,5,29573,23,3,6,RO111
3,29608,DUMBRĂVIŢA,417282,5,29573,23,3,6,RO111
3,29617,FOROSIG,417283,5,29573,23,3,6,RO111
3,29626,HODIŞ,417284,5,29573,23,3,6,RO111
3,29635,LUPOAIA,417286,5,29573,23,3,6,RO111
3,29644,VALEA MARE DE CODRU,417287,5,29573,23,3,6,RO111
3,29653,VINTERE,417288,5,29573,23,3,6,RO111
2,29662,HUSASĂU DE TINCA,,5,56,3,3,6,RO111
3,29671,HUSASĂU DE TINCA,417290,5,29662,22,3,6,RO111
3,29680,FONĂU,417291,5,29662,23,3,6,RO111
3,29699,MIERSIG,417292,5,29662,23,3,6,RO111
3,29706,OŞAND,417293,5,29662,23,3,6,RO111
3,29715,SITITELEC,417294,5,29662,23,3,6,RO111
2,29724,INEU,,5,56,3,3,6,RO111
3,29733,INEU,417295,5,29724,22,3,6,RO111
3,29742,BOTEAN,417296,5,29724,23,3,6,RO111
3,29751,HUSASĂU DE CRIŞ,417297,5,29724,23,3,6,RO111
2,29760,LAZURI DE BEIUŞ,,5,56,3,3,6,RO111
3,29779,LAZURI DE BEIUŞ,417300,5,29760,22,3,6,RO111
3,29788,BĂLENI,417301,5,29760,23,3,6,RO111
3,29797,CUSUIUŞ,417302,5,29760,23,3,6,RO111
3,29804,HINCHIRIŞ,417303,5,29760,23,3,6,RO111
2,29813,LĂZĂRENI,,5,56,3,3,6,RO111
3,29822,LĂZĂRENI,417305,5,29813,22,3,6,RO111
3,29831,BICĂCEL,417306,5,29813,23,3,6,RO111
3,29840,CALEA MARE,417307,5,29813,23,3,6,RO111
3,29859,CĂRĂNDENI,417308,5,29813,23,3,6,RO111
3,29868,CĂRĂNZEL,417309,5,29813,23,3,6,RO111
3,29877,GEPIŞ,417311,5,29813,23,3,6,RO111
3,29886,GRUILUNG,417312,5,29813,23,3,6,RO111
3,29895,MIHELEU,417313,5,29813,23,3,6,RO111
2,29902,LUGAŞU DE JOS,,5,56,3,3,6,RO111
3,29911,LUGAŞU DE JOS,417315,5,29902,22,3,6,RO111
3,29920,LUGAŞU DE SUS,417316,5,29902,23,3,6,RO111
3,29939,URVIND,417317,5,29902,23,3,6,RO111
2,29948,LUNCA,,5,56,3,3,6,RO111
3,29957,LUNCA,417320,5,29948,22,3,6,RO111
3,29966,BRIHENI,417321,5,29948,23,3,6,RO111
3,29975,HOTĂREL,417322,5,29948,23,3,6,RO111
3,29993,SÂRBEŞTI,417323,5,29948,23,3,6,RO111
3,29984,SEGHIŞTE,417324,5,29948,23,3,6,RO111
3,30005,ŞUŞTIU,417326,5,29948,23,3,6,RO111
2,30014,MĂDĂRAS,,5,56,3,3,6,RO111
3,30023,MĂDĂRAS,417330,5,30014,22,3,6,RO111
3,30032,HOMOROG,417331,5,30014,23,3,6,RO111
3,30041,IANOŞDA,417332,5,30014,23,3,6,RO111
3,30050,MARŢIHAZ,417333,5,30014,23,3,6,RO111
2,30069,MĂGEŞTI,,5,56,3,3,6,RO111
3,30078,MĂGEŞTI,417335,5,30069,22,3,6,RO111
3,30087,BUTANI,417336,5,30069,23,3,6,RO111
3,30096,CACUCIU NOU,417337,5,30069,23,3,6,RO111
3,30103,DOBRICIONEŞTI,417338,5,30069,23,3,6,RO111
3,30112,GĂLĂŞENI,417339,5,30069,23,3,6,RO111
3,30121,JOSANI,417341,5,30069,23,3,6,RO111
3,30130,ORTITEAG,417342,5,30069,23,3,6,RO111
2,30149,NOJORID,,5,56,3,3,6,RO111
3,30158,NOJORID,417345,5,30149,22,3,6,RO111
3,30167,APATEU,417346,5,30149,23,3,6,RO111
3,30176,CHIŞIRID,417347,5,30149,23,3,6,RO111
3,30185,LEŞ,417348,5,30149,23,3,6,RO111
3,30194,LIVADA DE BIHOR,417349,5,30149,23,3,6,RO111
3,30201,PĂUŞA,417351,5,30149,23,3,6,RO111
3,30210,ŞAUAIEU,417352,5,30149,23,3,6,RO111
2,30229,OLCEA,,5,56,3,3,6,RO111
3,30238,OLCEA,417355,5,30229,22,3,6,RO111
3,30247,CĂLACEA,417356,5,30229,23,3,6,RO111
3,30256,HODIŞEL,417357,5,30229,23,3,6,RO111
3,30265,UCURIŞ,417358,5,30229,23,3,6,RO111
2,30274,OŞORHEI,,5,56,3,3,6,RO111
3,30283,OŞORHEI,417360,5,30274,22,3,6,RO111
3,30292,ALPAREA,417361,5,30274,23,3,6,RO111
3,30309,CHERIU,417362,5,30274,23,3,6,RO111
3,30318,FELCHERIU,417363,5,30274,23,3,6,RO111
3,30327,FUGHIU,417364,5,30274,23,3,6,RO111
2,32161,PALEU,,5,56,3,3,6,RO111
3,28433,PALEU,417166,5,32161,22,3,6,RO111
3,28442,SĂLDĂBAGIU DE MUNTE,417167,5,32161,23,3,6,RO111
3,28488,UILEACU DE MUNTE,417172,5,32161,23,3,6,RO111
2,27169,PETREU,,5,56,3,3,6,RO111
3,27203,PETREU,417018,5,27169,22,3,6,RO111
3,27178,ABRĂMUŢ,417015,5,27169,23,3,6,RO111
3,27187,CRESTUR,417016,5,27169,23,3,6,RO111
3,27196,FĂNCICA,417017,5,27169,23,3,6,RO111
2,30336,PIETROASA,,5,56,3,3,6,RO111
3,30345,PIETROASA,417365,5,30336,22,3,6,RO111
3,30354,CHIŞCĂU,417366,5,30336,23,3,6,RO111
3,30363,COCIUBA MICĂ,417367,5,30336,23,3,6,RO111
3,30372,GIULEŞTI,417368,5,30336,23,3,6,RO111
3,30381,GURANI,417369,5,30336,23,3,6,RO111
3,30390,MĂGURA,417371,5,30336,23,3,6,RO111
3,30407,MOŢEŞTI,417372,5,30336,23,3,6,RO111
2,30416,POCOLA,,5,56,3,3,6,RO111
3,30425,POCOLA,417375,5,30416,22,3,6,RO111
3,30434,FENERIŞ,417376,5,30416,23,3,6,RO111
3,30443,PETRANI,417377,5,30416,23,3,6,RO111
3,30452,POIETARI,417378,5,30416,23,3,6,RO111
3,30461,SÂNMARTIN DE BEIUŞ,417379,5,30416,23,3,6,RO111
2,30470,POMEZEU,,5,56,3,3,6,RO111
3,30489,POMEZEU,417380,5,30470,22,3,6,RO111
3,30498,CÂMPANI DE POMEZEU,417381,5,30470,23,3,6,RO111
3,30504,COŞDENI,417382,5,30470,23,3,6,RO111
3,30513,HIDIŞ,417383,5,30470,23,3,6,RO111
3,30522,LACU SĂRAT,417384,5,30470,23,3,6,RO111
3,30531,SITANI,417386,5,30470,23,3,6,RO111
3,30540,SPINUŞ DE POMEZEU,417387,5,30470,23,3,6,RO111
3,30559,VĂLANI DE POMEZEU,417388,5,30470,23,3,6,RO111
2,30568,POPEŞTI,,5,56,3,3,6,RO111
3,30577,POPEŞTI,417390,5,30568,22,3,6,RO111
3,30586,BISTRA,417391,5,30568,23,3,6,RO111
3,30595,BUDOI,417392,5,30568,23,3,6,RO111
3,30602,CUZAP,417393,5,30568,23,3,6,RO111
3,30611,VARVIZ,417394,5,30568,23,3,6,RO111
3,30620,VĂRZARI,417396,5,30568,23,3,6,RO111
3,30639,VOIVOZI,417397,5,30568,23,3,6,RO111
2,30648,RĂBĂGANI,,5,56,3,3,6,RO111
3,30657,RĂBĂGANI,417400,5,30648,22,3,6,RO111
3,30666,ALBEŞTI,417401,5,30648,23,3,6,RO111
3,30675,BRĂTEŞTI,417402,5,30648,23,3,6,RO111
3,30693,SALIŞTE DE POMEZEU,417403,5,30648,23,3,6,RO111
3,30684,SĂUCANI,417404,5,30648,23,3,6,RO111
3,30700,VĂRĂŞENI,417406,5,30648,23,3,6,RO111
2,30719,REMETEA,,5,56,3,3,6,RO111
3,30728,REMETEA,417410,5,30719,22,3,6,RO111
3,30737,DRĂGOTENI,417411,5,30719,23,3,6,RO111
3,30746,MEZIAD,417412,5,30719,23,3,6,RO111
3,30755,PETREASA,417413,5,30719,23,3,6,RO111
3,30764,ŞOIMUŞ,417414,5,30719,23,3,6,RO111
2,30773,RIENI,,5,56,3,3,6,RO111
3,30782,RIENI,417415,5,30773,22,3,6,RO111
3,30791,CUCUCENI,417416,5,30773,23,3,6,RO111
3,30808,GHIGHIŞENI,417417,5,30773,23,3,6,RO111
3,30817,PETRILENI,417418,5,30773,23,3,6,RO111
3,30826,SUDRIGIU,417419,5,30773,23,3,6,RO111
3,30835,VALEA DE JOS,417421,5,30773,23,3,6,RO111
2,30844,ROŞIA,,5,56,3,3,6,RO111
3,30853,ROŞIA,417425,5,30844,22,3,6,RO111
3,30862,LAZURI,417426,5,30844,23,3,6,RO111
2,32187,ROŞIORI,,5,56,3,3,6,RO111
3,29136,ROŞIORI,417238,5,32187,22,3,6,RO111
3,29127,MIHAI BRAVU,417237,5,32187,23,3,6,RO111
3,29145,VAIDA,417239,5,32187,23,3,6,RO111
2,30871,SĂCĂDAT,,5,56,3,3,6,RO111
3,30880,SĂCĂDAT,417430,5,30871,22,3,6,RO111
3,30899,BORŞA,417431,5,30871,23,3,6,RO111
3,30906,SĂBOLCIU,417432,5,30871,23,3,6,RO111
2,30988,SĂLACEA,,5,56,3,3,6,RO111
3,30997,SĂLACEA,417445,5,30988,22,3,6,RO111
3,31002,OTOMANI,417446,5,30988,23,3,6,RO111
2,31011,SĂLARD,,5,56,3,3,6,RO111
3,31020,SĂLARD,417450,5,31011,22,3,6,RO111
3,31039,HODOŞ,417451,5,31011,23,3,6,RO111
3,31048,SÂNTIMREU,417452,5,31011,23,3,6,RO111
2,31057,SÂMBĂTA,,5,56,3,3,6,RO111
3,31066,SÂMBĂTA,417455,5,31057,22,3,6,RO111
3,31075,COPĂCENI,417456,5,31057,23,3,6,RO111
3,31084,OGEŞTI,417457,5,31057,23,3,6,RO111
3,31093,ROGOZ,417458,5,31057,23,3,6,RO111
3,31100,ROTĂREŞTI,417459,5,31057,23,3,6,RO111
3,31119,ZĂVOIU,417461,5,31057,23,3,6,RO111
2,28610,SÂNIOB,,5,56,3,3,6,RO111
3,28647,SÂNIOB,417192,5,28610,22,3,6,RO111
3,28638,CENALOŞ,417191,5,28610,23,3,6,RO111
3,28629,CIUHOI,417190,5,28610,23,3,6,RO111
3,28656,SFÂRNAŞ,417193,5,28610,23,3,6,RO111
2,26582,SÂNMARTIN,,5,56,3,3,6,RO111
3,26591,SÂNMARTIN,417495,5,26582,22,3,6,RO111
3,32143,BĂILE FELIX,417500,5,26582,23,3,6,RO111
3,26608,BETFIA,417497,5,26582,23,3,6,RO111
3,26617,CIHEI,417498,5,26582,23,3,6,RO111
3,26626,CORDĂU,417499,5,26582,23,3,6,RO111
3,26635,HAIEU,417501,5,26582,23,3,6,RO111
3,26644,RONTĂU,417502,5,26582,23,3,6,RO111
2,32179,SÂNNICOLAU ROMÂN,,5,56,3,3,6,RO111
3,28326,SÂNNICOLAU ROMÂN,417153,5,32179,22,3,6,RO111
3,28273,BERECHIU,417147,5,32179,23,3,6,RO111
3,28317,ROIT,417152,5,32179,23,3,6,RO111
2,26653,SÂNTANDREI,,5,56,3,3,6,RO111
3,26662,SÂNTANDREI,417515,5,26653,22,3,6,RO111
3,26671,PALOTA,417516,5,26653,23,3,6,RO111
2,31128,SÂRBI,,5,56,3,3,6,RO111
3,31137,SÂRBI,417520,5,31128,22,3,6,RO111
3,31146,ALMAŞU MIC,417521,5,31128,23,3,6,RO111
3,31155,BURZUC,417522,5,31128,23,3,6,RO111
3,31164,CHIOAG,417523,5,31128,23,3,6,RO111
3,31173,FEGERNIC,417524,5,31128,23,3,6,RO111
3,31182,FEGERNICU NOU,417526,5,31128,23,3,6,RO111
3,31191,SARCĂU,417527,5,31128,23,3,6,RO111
2,31208,SPINUŞ,,5,56,3,3,6,RO111
3,31217,SPINUŞ,417530,5,31208,22,3,6,RO111
3,31226,CIULEŞTI,417531,5,31208,23,3,6,RO111
3,31235,GURBEŞTI,417532,5,31208,23,3,6,RO111
3,31244,NĂDAR,417533,5,31208,23,3,6,RO111
3,31253,SĂLIŞTE,417534,5,31208,23,3,6,RO111
2,31262,SUPLACU DE BARCĂU,,5,56,3,3,6,RO111
3,31271,SUPLACU DE BARCĂU,417535,5,31262,22,3,6,RO111
3,31280,BORUMLACA,417536,5,31262,23,3,6,RO111
3,31299,DOLEA,417537,5,31262,23,3,6,RO111
3,31306,FOGLAŞ,417538,5,31262,23,3,6,RO111
3,31315,VALEA CERULUI,417539,5,31262,23,3,6,RO111
3,31324,VÂLCELELE,417541,5,31262,23,3,6,RO111
2,31333,ŞIMIAN,,5,56,3,3,6,RO111
3,31342,ŞIMIAN,417545,5,31333,22,3,6,RO111
3,31351,ŞILINDRU,417546,5,31333,23,3,6,RO111
3,31360,VOIVOZI,417547,5,31333,23,3,6,RO111
2,31379,ŞINTEU,,5,56,3,3,6,RO111
3,31388,ŞINTEU,417550,5,31379,22,3,6,RO111
3,31397,HUTA VOIVOZI,417551,5,31379,23,3,6,RO111
3,31404,SOCET,417552,5,31379,23,3,6,RO111
3,31413,VALEA TÂRNEI,417553,5,31379,23,3,6,RO111
2,31422,ŞOIMI,,5,56,3,3,6,RO111
3,31431,ŞOIMI,417555,5,31422,22,3,6,RO111
3,31440,BORZ,417556,5,31422,23,3,6,RO111
3,31459,CODRU,417557,5,31422,23,3,6,RO111
3,31468,DUMBRĂVIŢA DE CODRU,417558,5,31422,23,3,6,RO111
3,31477,POCLUŞA DE BEIUŞ,417559,5,31422,23,3,6,RO111
3,31486,SÂNNICOLAU DE BEIUŞ,417561,5,31422,23,3,6,RO111
3,31495,URSAD,417562,5,31422,23,3,6,RO111
3,31501,URVIŞ DE BEIUŞ,417563,5,31422,23,3,6,RO111
2,31510,ŞUNCUIUŞ,,5,56,3,3,6,RO111
3,31529,ŞUNCUIUŞ,417565,5,31510,22,3,6,RO111
3,31538,BĂLNACA,417566,5,31510,23,3,6,RO111
3,31547,BĂLNACA-GROŞI,417567,5,31510,23,3,6,RO111
3,31556,ZECE HOTARE,417568,5,31510,23,3,6,RO111
2,31565,TARCEA,,5,56,3,3,6,RO111
3,31574,TARCEA,417570,5,31565,22,3,6,RO111
3,31583,ADONI,417571,5,31565,23,3,6,RO111
3,31592,GALOŞPETREU,417572,5,31565,23,3,6,RO111
2,32153,TĂMĂŞEU,,5,56,3,3,6,RO111
3,27490,TĂMĂŞEU,417056,5,32153,22,3,6,RO111
3,27463,NIUVED,417052,5,32153,23,3,6,RO111
3,27472,PARHIDA,417053,5,32153,23,3,6,RO111
3,27481,SATU NOU,417054,5,32153,23,3,6,RO111
2,31609,TĂRCAIA,,5,56,3,3,6,RO111
3,31618,TĂRCAIA,417575,5,31609,22,3,6,RO111
3,31627,MIERAG,417576,5,31609,23,3,6,RO111
3,31636,TĂRCĂIŢA,417577,5,31609,23,3,6,RO111
3,31645,TOTORENI,417578,5,31609,23,3,6,RO111
2,31654,TĂUTEU,,5,56,3,3,6,RO111
3,31663,TĂUTEU,417580,5,31654,22,3,6,RO111
3,31672,BOGEI,417581,5,31654,23,3,6,RO111
3,31681,CHIRIBIŞ,417582,5,31654,23,3,6,RO111
3,31690,CIUTELEC,417583,5,31654,23,3,6,RO111
3,31707,POIANA,417584,5,31654,23,3,6,RO111
2,31716,TILEAGD,,5,56,3,3,6,RO111
3,31725,TILEAGD,417585,5,31716,22,3,6,RO111
3,31734,BĂLAIA,417586,5,31716,23,3,6,RO111
3,31743,CĂLĂTANI,417587,5,31716,23,3,6,RO111
3,31752,POŞOLOACA,417588,5,31716,23,3,6,RO111
3,31761,TILECUŞ,417589,5,31716,23,3,6,RO111
3,31770,UILEACU DE CRIŞ,417591,5,31716,23,3,6,RO111
2,31789,TINCA,,5,56,3,3,6,RO111
3,31798,TINCA,417595,5,31789,22,3,6,RO111
3,31805,BELFIR,417596,5,31789,23,3,6,RO111
3,31814,GIRIŞU NEGRU,417597,5,31789,23,3,6,RO111
3,31823,GURBEDIU,417598,5,31789,23,3,6,RO111
3,31832,RÂPA,417599,5,31789,23,3,6,RO111
2,32201,TOBOLIU,,5,56,3,3,6,RO111
3,29500,TOBOLIU,417273,5,32201,22,3,6,RO111
3,29485,CHERESIG,417271,5,32201,23,3,6,RO111
2,31841,TULCA,,5,56,3,3,6,RO111
3,31850,TULCA,417600,5,31841,22,3,6,RO111
3,31869,CĂUAŞD,417601,5,31841,23,3,6,RO111
2,31878,ŢEŢCHEA,,5,56,3,3,6,RO111
3,31887,ŢEŢCHEA,417605,5,31878,22,3,6,RO111
3,31896,HOTAR,417606,5,31878,23,3,6,RO111
3,31903,SUBPIATRĂ,417607,5,31878,23,3,6,RO111
3,31912,TELECHIU,417608,5,31878,23,3,6,RO111
2,31921,UILEACU DE BEIUŞ,,5,56,3,3,6,RO111
3,31930,UILEACU DE BEIUŞ,417610,5,31921,22,3,6,RO111
3,31949,FORĂU,417611,5,31921,23,3,6,RO111
3,31958,PRISACA,417612,5,31921,23,3,6,RO111
3,31967,VĂLANII DE BEIUŞ,417613,5,31921,23,3,6,RO111
2,31976,VADU CRIŞULUI,,5,56,3,3,6,RO111
3,31985,VADU CRIŞULUI,417615,5,31976,22,3,6,RO111
3,31994,BIRTIN,417616,5,31976,23,3,6,RO111
3,32009,TOMNATIC,417617,5,31976,23,3,6,RO111
3,32018,TOPA DE CRIŞ,417618,5,31976,23,3,6,RO111
2,32090,VÂRCIOROG,,5,56,3,3,6,RO111
3,32107,VÂRCIOROG,417620,5,32090,22,3,6,RO111
3,32116,FÂŞCA,417621,5,32090,23,3,6,RO111
3,32125,SURDUCEL,417622,5,32090,23,3,6,RO111
3,32134,ŞERGHIŞ,417623,5,32090,23,3,6,RO111
2,32045,VIIŞOARA,,5,56,3,3,6,RO111
3,32054,VIIŞOARA,417625,5,32045,22,3,6,RO111
3,32063,IZVOARELE,417626,5,32045,23,3,6,RO111
3,32072,PĂDURENI,417627,5,32045,23,3,6,RO111
3,32081,REGHEA,417628,5,32045,23,3,6,RO111
1,65,JUDEŢUL BISTRIŢA-NĂSĂUD,,6,1,40,0,6,RO112
2,32394,MUNICIPIUL BISTRIŢA,,6,65,1,1,6,RO112
3,32401,BISTRIŢA,420008,6,32394,9,1,6,RO112
3,32410,GHINDA,420001,6,32394,10,1,6,RO112
3,32429,SĂRATA,420002,6,32394,10,1,6,RO112
3,32438,SIGMIR,420003,6,32394,10,1,6,RO112
3,32447,SLĂTINIŢA,420004,6,32394,10,1,6,RO112
3,32456,UNIREA,420005,6,32394,10,1,6,RO112
3,32465,VIIŞOARA,420006,6,32394,10,1,6,RO112
2,32483,ORAŞ BECLEAN,,6,65,2,1,6,RO112
3,32492,BECLEAN,425100,6,32483,17,1,6,RO112
3,32508,COLDĂU,425101,6,32483,19,1,6,RO112
3,32517,FIGA,425102,6,32483,19,1,6,RO112
3,32526,RUSU DE JOS,425103,6,32483,19,1,6,RO112
2,32544,ORAŞ NĂSĂUD,,6,65,2,1,6,RO112
3,32553,NĂSĂUD,425200,6,32544,17,1,6,RO112
3,32562,LIVIU REBREANU,425201,6,32544,18,1,6,RO112
3,32571,LUŞCA,425202,6,32544,18,1,6,RO112
2,32599,ORAŞ SÂNGEORZ-BĂI,,6,65,2,1,6,RO112
3,32606,SÂNGEORZ-BĂI,425300,6,32599,17,1,6,RO112
3,32615,CORMAIA,425301,6,32599,18,1,6,RO112
3,32624,VALEA BORCUTULUI,425302,6,32599,18,1,6,RO112
2,32633,BISTRIŢA BÂRGĂULUI,,6,65,3,3,6,RO112
3,32642,BISTRIŢA BÂRGĂULUI,427005,6,32633,22,3,6,RO112
3,32651,COLIBIŢA,427007,6,32633,23,3,6,RO112
2,32660,BRANIŞTEA,,6,65,3,3,6,RO112
3,32679,BRANIŞTEA,427010,6,32660,22,3,6,RO112
3,32688,CIREŞOAIA,427011,6,32660,23,3,6,RO112
3,32697,MĂLUŢ,427012,6,32660,23,3,6,RO112
2,32704,BUDACU DE JOS,,6,65,3,3,6,RO112
3,32713,BUDACU DE JOS,427015,6,32704,22,3,6,RO112
3,32722,BUDUŞ,427016,6,32704,23,3,6,RO112
3,32731,JELNA,427017,6,32704,23,3,6,RO112
3,32740,MONARIU,427018,6,32704,23,3,6,RO112
3,32759,SIMIONEŞTI,427019,6,32704,23,3,6,RO112
2,32768,BUDEŞTI,,6,65,3,3,6,RO112
3,32777,BUDEŞTI,427020,6,32768,22,3,6,RO112
3,32786,BUDEŞTI-FÂNAŢE,427021,6,32768,23,3,6,RO112
3,32795,ŢAGU,427022,6,32768,23,3,6,RO112
3,32802,ŢĂGŞORU,427023,6,32768,23,3,6,RO112
2,32811,CĂIANU MIC,,6,65,3,3,6,RO112
3,32820,CĂIANU MIC,427025,6,32811,22,3,6,RO112
3,32839,CĂIANU MARE,427026,6,32811,23,3,6,RO112
3,32848,CICEU-POIENI,427027,6,32811,23,3,6,RO112
3,32857,DOBRIC,427028,6,32811,23,3,6,RO112
2,32884,CETATE,,6,65,3,3,6,RO112
3,32893,SATU NOU,427042,6,32884,22,3,6,RO112
3,32928,ORHEIU BISTRIŢEI,427038,6,32884,23,3,6,RO112
3,32937,PETRIŞ,427039,6,32884,23,3,6,RO112
2,33015,CHIOCHIŞ,,6,65,3,3,6,RO112
3,33024,CHIOCHIŞ,427045,6,33015,22,3,6,RO112
3,33033,APATIU,427046,6,33015,23,3,6,RO112
3,33042,BOZIEŞ,427047,6,33015,23,3,6,RO112
3,33051,BUZA CĂTUN,427048,6,33015,23,3,6,RO112
3,33060,CHEŢIU,427049,6,33015,23,3,6,RO112
3,33079,JIMBOR,427051,6,33015,23,3,6,RO112
3,33088,MANIC,427052,6,33015,23,3,6,RO112
3,33097,SÂNNICOARĂ,427053,6,33015,23,3,6,RO112
3,33104,STRUGURENI,427054,6,33015,23,3,6,RO112
3,33113,ŢENTEA,427056,6,33015,23,3,6,RO112
2,33122,CHIUZA,,6,65,3,3,6,RO112
3,33131,CHIUZA,427060,6,33122,22,3,6,RO112
3,33140,MIREŞ,427061,6,33122,23,3,6,RO112
3,33159,PIATRA,427062,6,33122,23,3,6,RO112
3,33168,SĂSARM,427063,6,33122,23,3,6,RO112
2,32955,CICEU-GIURGEŞTI,,6,65,3,3,6,RO112
3,32964,CICEU-GIURGEŞTI,427065,6,32955,22,3,6,RO112
3,32982,DUMBRĂVENI,427067,6,32955,23,3,6,RO112
2,179953,CICEU-MIHĂIEŞTI,,6,65,3,3,6,RO112
3,34217,CICEU-MIHĂIEŞTI,427218,6,179953,22,3,6,RO112
3,34208,CICEU-CORABIA,427217,6,179953,23,3,6,RO112
3,34226,LELEŞTI,427219,6,179953,23,3,6,RO112
2,33177,COŞBUC,,6,65,3,3,6,RO112
3,33186,COŞBUC,427070,6,33177,22,3,6,RO112
2,33202,DUMITRA,,6,65,3,3,6,RO112
3,33211,DUMITRA,427075,6,33202,22,3,6,RO112
3,33220,CEPARI,427076,6,33202,23,3,6,RO112
3,33239,TĂRPIU,427077,6,33202,23,3,6,RO112
2,179686,DUMITRIŢA,,6,65,3,3,6,RO112
3,32919,DUMITRIŢA,427037,6,179686,22,3,6,RO112
3,32900,BUDACU DE SUS,427036,6,179686,23,3,6,RO112
3,32946,RAGLA,427041,6,179686,23,3,6,RO112
2,33248,FELDRU,,6,65,3,3,6,RO112
3,33257,FELDRU,427080,6,33248,22,3,6,RO112
3,33266,NEPOS,427081,6,33248,23,3,6,RO112
2,33275,GALAŢII BISTRIŢEI,,6,65,3,3,6,RO112
3,33284,GALAŢII BISTRIŢEI,427085,6,33275,22,3,6,RO112
3,33293,ALBEŞTII BISTRIŢEI,427086,6,33275,23,3,6,RO112
3,33300,DIPŞA,427087,6,33275,23,3,6,RO112
3,33319,HERINA,427088,6,33275,23,3,6,RO112
3,33328,TONCIU,427089,6,33275,23,3,6,RO112
2,33337,ILVA MARE,,6,65,3,3,6,RO112
3,33346,ILVA MARE,427090,6,33337,22,3,6,RO112
3,33355,IVĂNEASA,427091,6,33337,23,3,6,RO112
2,33364,ILVA MICA,,6,65,3,3,6,RO112
3,33373,ILVA MICA,427095,6,33364,22,3,6,RO112
2,33382,JOSENII BÂRGĂULUI,,6,65,3,3,6,RO112
3,33391,JOSENII BÂRGĂULUI,427100,6,33382,22,3,6,RO112
3,33408,MIJLOCENII BÂRGĂULUI,427101,6,33382,23,3,6,RO112
3,33417,RUSU BÂRGĂULUI,427102,6,33382,23,3,6,RO112
3,33426,STRÂMBA,427103,6,33382,23,3,6,RO112
2,33435,LECHINŢA,,6,65,3,3,6,RO112
3,33444,LECHINŢA,427105,6,33435,22,3,6,RO112
3,33453,BUNGARD,427106,6,33435,23,3,6,RO112
3,33462,CHIRALEŞ,427107,6,33435,23,3,6,RO112
3,33471,SÂNGEORZU NOU,427108,6,33435,23,3,6,RO112
3,33480,SÂNIACOB,427109,6,33435,23,3,6,RO112
3,33499,ŢIGĂU,427111,6,33435,23,3,6,RO112
3,33505,VERMEŞ,427112,6,33435,23,3,6,RO112
2,33514,LEŞU,,6,65,3,3,6,RO112
3,33523,LEŞU,427115,6,33514,22,3,6,RO112
3,33532,LUNCA LEŞULUI,427116,6,33514,23,3,6,RO112
2,33541,LIVEZILE,,6,65,3,3,6,RO112
3,33550,LIVEZILE,427120,6,33541,22,3,6,RO112
3,33569,CUŞMA,427121,6,33541,23,3,6,RO112
3,33578,DOROLEA,427122,6,33541,23,3,6,RO112
3,33587,DUMBRAVA,427123,6,33541,23,3,6,RO112
3,33596,VALEA POENII,427124,6,33541,23,3,6,RO112
2,33603,LUNCA ILVEI,,6,65,3,3,6,RO112
3,33612,LUNCA ILVEI,427125,6,33603,22,3,6,RO112
2,33621,MAIERU,,6,65,3,3,6,RO112
3,33630,MAIERU,427130,6,33621,22,3,6,RO112
3,33649,ANIEŞ,427131,6,33621,23,3,6,RO112
2,33658,MATEI,,6,65,3,3,6,RO112
3,33667,MATEI,427135,6,33658,22,3,6,RO112
3,33676,BIDIU,427136,6,33658,23,3,6,RO112
3,33685,CORVINEŞTI,427137,6,33658,23,3,6,RO112
3,33694,ENCIU,427138,6,33658,23,3,6,RO112
3,33701,FÂNTÂNELE,427139,6,33658,23,3,6,RO112
3,33710,MORUŢ,427141,6,33658,23,3,6,RO112
2,33729,MĂGURA ILVEI,,6,65,3,3,6,RO112
3,33738,MĂGURA ILVEI,427145,6,33729,22,3,6,RO112
3,33747,ARŞIŢA,427146,6,33729,23,3,6,RO112
2,33765,MĂRIŞELU,,6,65,3,3,6,RO112
3,33774,MĂRIŞELU,427150,6,33765,22,3,6,RO112
3,33783,BÂRLA,427151,6,33765,23,3,6,RO112
3,33792,DOMNEŞTI,427152,6,33765,23,3,6,RO112
3,33809,JEICA,427153,6,33765,23,3,6,RO112
3,33818,MĂGURELE,427154,6,33765,23,3,6,RO112
3,33827,NEŢENI,427156,6,33765,23,3,6,RO112
3,33836,SÂNTIOANA,427157,6,33765,23,3,6,RO112
2,33845,MICEŞTII DE CÂMPIE,,6,65,3,3,6,RO112
3,33854,MICEŞTII DE CÂMPIE,427160,6,33845,22,3,6,RO112
3,33863,FÂNTÂNIŢA,427161,6,33845,23,3,6,RO112
3,33872,VISUIA,427162,6,33845,23,3,6,RO112
2,33881,MILAŞ,,6,65,3,3,6,RO112
3,33890,MILAŞ,427165,6,33881,22,3,6,RO112
3,33907,COMLOD,427166,6,33881,23,3,6,RO112
3,33916,DUPA DEAL,427167,6,33881,23,3,6,RO112
3,33925,GHEMEŞ,427168,6,33881,23,3,6,RO112
3,33934,HIREAN,427169,6,33881,23,3,6,RO112
3,33943,OROSFAIA,427171,6,33881,23,3,6,RO112
2,33952,MONOR,,6,65,3,3,6,RO112
3,33961,MONOR,427175,6,33952,22,3,6,RO112
3,33970,GLEDIN,427176,6,33952,23,3,6,RO112
2,179659,NEGRILEŞTI,,6,65,3,3,6,RO112
3,32991,NEGRILEŞTI,427068,6,179659,22,3,6,RO112
3,32973,BREAZA,427066,6,179659,23,3,6,RO112
3,33006,PURCĂRETE,427069,6,179659,23,3,6,RO112
2,33989,NIMIGEA,,6,65,3,3,6,RO112
3,33998,NIMIGEA DE JOS,427190,6,33989,22,3,6,RO112
3,34002,FLOREŞTI,427181,6,33989,23,3,6,RO112
3,34011,MINTIU,427182,6,33989,23,3,6,RO112
3,34020,MITITEI,427183,6,33989,23,3,6,RO112
3,34039,MOCOD,427184,6,33989,23,3,6,RO112
3,34048,MOGOŞENI,427186,6,33989,23,3,6,RO112
3,34057,NIMIGEA DE SUS,427187,6,33989,23,3,6,RO112
3,34066,TĂURE,427188,6,33989,23,3,6,RO112
2,34075,NUŞENI,,6,65,3,3,6,RO112
3,34084,NUŞENI,427200,6,34075,22,3,6,RO112
3,34093,BEUDIU,427201,6,34075,23,3,6,RO112
3,34100,DUMBRAVA,427202,6,34075,23,3,6,RO112
3,34119,FELEAC,427203,6,34075,23,3,6,RO112
3,34128,MALIN,427204,6,34075,23,3,6,RO112
3,34137,RUSU DE SUS,427206,6,34075,23,3,6,RO112
3,34146,VIŢA,427207,6,34075,23,3,6,RO112
2,34155,PARVA,,6,65,3,3,6,RO112
3,34164,PARVA,427210,6,34155,22,3,6,RO112
2,34173,PETRU RAREŞ,,6,65,3,3,6,RO112
3,34182,RETEAG,427220,6,34173,22,3,6,RO112
3,34191,BAŢA,427216,6,34173,23,3,6,RO112
2,179720,POIANA ILVEI,,6,65,3,3,6,RO112
3,33756,POIANA ILVEI,427147,6,179720,22,3,6,RO112
2,34235,PRUNDU BÂRGĂULUI,,6,65,3,3,6,RO112
3,34244,PRUNDU BÂRGĂULUI,427230,6,34235,22,3,6,RO112
3,34253,SUSENII BÂRGĂULUI,427231,6,34235,23,3,6,RO112
2,34262,REBRA,,6,65,3,3,6,RO112
3,34271,REBRA,427235,6,34262,22,3,6,RO112
2,34280,REBRIŞOARA,,6,65,3,3,6,RO112
3,34299,REBRIŞOARA,427240,6,34280,22,3,6,RO112
3,34306,GERSA I,427241,6,34280,23,3,6,RO112
3,34315,GERSA II,427242,6,34280,23,3,6,RO112
3,34324,PODEREI,427243,6,34280,23,3,6,RO112
2,34333,RODNA,,6,65,3,3,6,RO112
3,34342,RODNA,427245,6,34333,22,3,6,RO112
3,34351,VALEA VINULUI,427246,6,34333,23,3,6,RO112
2,34360,ROMULI,,6,65,3,3,6,RO112
3,34379,ROMULI,427250,6,34360,22,3,6,RO112
3,34388,DEALU ŞTEFĂNIŢEI,427251,6,34360,23,3,6,RO112
2,179944,RUNCU SALVEI,,6,65,3,3,6,RO112
3,34413,RUNCU SALVEI,427256,6,179944,22,3,6,RO112
2,34397,SALVA,,6,65,3,3,6,RO112
3,34404,SALVA,427255,6,34397,22,3,6,RO112
2,34477,SÂNMIHAIU DE CÂMPIE,,6,65,3,3,6,RO112
3,34486,SÂNMIHAIU DE CÂMPIE,427260,6,34477,22,3,6,RO112
3,34495,BRĂTENI,427261,6,34477,23,3,6,RO112
3,34501,LA CURTE,427262,6,34477,23,3,6,RO112
3,34510,SĂLCUŢA,427263,6,34477,23,3,6,RO112
3,34529,STUPINI,427264,6,34477,23,3,6,RO112
3,34538,ZORENI,427266,6,34477,23,3,6,RO112
2,34422,SILIVAŞU DE CÂMPIE,,6,65,3,3,6,RO112
3,34431,SILIVAŞU DE CÂMPIE,427270,6,34422,22,3,6,RO112
3,34440,DRAGA,427271,6,34422,23,3,6,RO112
3,34459,FÂNAŢELE SILIVAŞULUI,427272,6,34422,23,3,6,RO112
3,34468,PORUMBENII,427273,6,34422,23,3,6,RO112
2,34547,SPERMEZEU,,6,65,3,3,6,RO112
3,34556,SPERMEZEU,427275,6,34547,22,3,6,RO112
3,32866,DOBRICEL,427029,6,34547,23,3,6,RO112
3,32875,DUMBRĂVIŢA,427031,6,34547,23,3,6,RO112
3,34565,HĂLMĂSĂU,427276,6,34547,23,3,6,RO112
3,34574,LUNCA BORLESEI,427277,6,34547,23,3,6,RO112
3,34583,PĂLTINEASA,427278,6,34547,23,3,6,RO112
3,34592,SITA,427279,6,34547,23,3,6,RO112
3,34609,ŞESURI SPERMEZEU-VALE,427281,6,34547,23,3,6,RO112
2,34618,ŞANŢ,,6,65,3,3,6,RO112
3,34627,ŞANŢ,427285,6,34618,22,3,6,RO112
3,34636,VALEA MARE,427286,6,34618,23,3,6,RO112
2,34645,ŞIEU,,6,65,3,3,6,RO112
3,34654,ŞIEU,427290,6,34645,22,3,6,RO112
3,34663,ARDAN,427291,6,34645,23,3,6,RO112
3,34672,POSMUŞ,427292,6,34645,23,3,6,RO112
3,34681,ŞOIMUŞ,427293,6,34645,23,3,6,RO112
2,34690,ŞIEU-MĂGHERUŞ,,6,65,3,3,6,RO112
3,34707,ŞIEU-MĂGHERUŞ,427295,6,34690,22,3,6,RO112
3,34716,ARCALIA,427296,6,34690,23,3,6,RO112
3,34725,CHINTELNIC,427297,6,34690,23,3,6,RO112
3,34734,CRAINIMĂT,427298,6,34690,23,3,6,RO112
3,34743,PODIREI,427299,6,34690,23,3,6,RO112
3,34752,SĂRĂŢEL,427301,6,34690,23,3,6,RO112
3,34761,VALEA MĂGHERUŞULUI,427302,6,34690,23,3,6,RO112
2,34770,ŞIEU-ODORHEI,,6,65,3,3,6,RO112
3,34789,ŞIEU-ODORHEI,427305,6,34770,22,3,6,RO112
3,34798,AGRIŞU DE JOS,427306,6,34770,23,3,6,RO112
3,34805,AGRIŞU DE SUS,427307,6,34770,23,3,6,RO112
3,34814,BRETEA,427308,6,34770,23,3,6,RO112
3,34823,COASTA,427309,6,34770,23,3,6,RO112
3,34832,CRISTUR-ŞIEU,427311,6,34770,23,3,6,RO112
3,34841,ŞIRIOARA,427312,6,34770,23,3,6,RO112
2,34850,ŞIEUŢ,,6,65,3,3,6,RO112
3,34869,ŞIEUŢ,427315,6,34850,22,3,6,RO112
3,34878,LUNCA,427316,6,34850,23,3,6,RO112
3,34887,RUŞTIOR,427317,6,34850,23,3,6,RO112
3,34896,SEBIŞ,427318,6,34850,23,3,6,RO112
2,34903,ŞINTEREAG,,6,65,3,3,6,RO112
3,34912,ŞINTEREAG,427320,6,34903,22,3,6,RO112
3,34921,BLĂJENII DE JOS,427321,6,34903,23,3,6,RO112
3,34930,BLĂJENII DE SUS,427322,6,34903,23,3,6,RO112
3,34949,CAILA,427323,6,34903,23,3,6,RO112
3,34958,COCIU,427324,6,34903,23,3,6,RO112
3,34967,ŞIEU-SFÂNTU,427326,6,34903,23,3,6,RO112
3,34976,ŞINTEREAG-GARĂ,427327,6,34903,23,3,6,RO112
2,35152,TÂRLIŞUA,,6,65,3,3,6,RO112
3,35161,TÂRLIŞUA,427330,6,35152,22,3,6,RO112
3,35170,AGRIEŞ,427331,6,35152,23,3,6,RO112
3,35189,AGRIEŞEL,427332,6,35152,23,3,6,RO112
3,35198,BORLEASA,427333,6,35152,23,3,6,RO112
3,35205,CIREAŞI,427334,6,35152,23,3,6,RO112
3,35214,LUNCA SĂTEASCA,427336,6,35152,23,3,6,RO112
3,35223,MOLIŞET,427337,6,35152,23,3,6,RO112
3,35232,OARZINA,427338,6,35152,23,3,6,RO112
3,35241,RĂCĂTEŞU,427339,6,35152,23,3,6,RO112
3,35250,ŞENDROAIA,427341,6,35152,23,3,6,RO112
2,34985,TEACA,,6,65,3,3,6,RO112
3,34994,TEACA,427345,6,34985,22,3,6,RO112
3,35009,ARCHIUD,427346,6,34985,23,3,6,RO112
3,35018,BUDURLENI,427347,6,34985,23,3,6,RO112
3,35027,OCNIŢA,427348,6,34985,23,3,6,RO112
3,35036,PINTICU,427349,6,34985,23,3,6,RO112
3,35045,VIILE TECII,427351,6,34985,23,3,6,RO112
2,35054,TELCIU,,6,65,3,3,6,RO112
3,35063,TELCIU,427355,6,35054,22,3,6,RO112
3,33195,BICHIGIU,427071,6,35054,23,3,6,RO112
3,35072,FIAD,427356,6,35054,23,3,6,RO112
3,35081,TELCIŞOR,427357,6,35054,23,3,6,RO112
2,35090,TIHA BÂRGĂULUI,,6,65,3,3,6,RO112
3,35107,TIHA BÂRGĂULUI,427360,6,35090,22,3,6,RO112
3,35116,CIOSA,427361,6,35090,23,3,6,RO112
3,35125,MUREŞENII BÂRGĂULUI,427362,6,35090,23,3,6,RO112
3,35134,PIATRA FÂNTÂNELE,427363,6,35090,23,3,6,RO112
3,35143,TUREAC,427364,6,35090,23,3,6,RO112
2,35269,URIU,,6,65,3,3,6,RO112
3,35278,URIU,427365,6,35269,22,3,6,RO112
3,35287,CRISTEŞTII CICEULUI,427366,6,35269,23,3,6,RO112
3,35296,HĂŞMAŞU CICEULUI,427367,6,35269,23,3,6,RO112
3,35303,ILIŞUA,427368,6,35269,23,3,6,RO112
2,35312,URMENIŞ,,6,65,3,3,6,RO112
3,35321,URMENIŞ,427370,6,35312,22,3,6,RO112
3,35330,CÂMP,427371,6,35312,23,3,6,RO112
3,35349,COŞERIU,427372,6,35312,23,3,6,RO112
3,35358,DELURENI,427373,6,35312,23,3,6,RO112
3,35367,FÂNAŢE,427374,6,35312,23,3,6,RO112
3,35376,PODENII,427376,6,35312,23,3,6,RO112
3,35385,SCOABE,427377,6,35312,23,3,6,RO112
3,35394,ŞOPTERIU,427378,6,35312,23,3,6,RO112
3,35401,VALEA,427379,6,35312,23,3,6,RO112
3,35410,VALEA MARE,427381,6,35312,23,3,6,RO112
2,35429,ZAGRA,,6,65,3,3,6,RO112
3,35438,ZAGRA,427385,6,35429,22,3,6,RO112
3,35447,ALUNIŞUL,427386,6,35429,23,3,6,RO112
3,35456,PERIŞOR,427387,6,35429,23,3,6,RO112
3,35465,POIENILE ZAGREI,427388,6,35429,23,3,6,RO112
3,35474,SUPLAI,427389,6,35429,23,3,6,RO112
1,74,JUDEŢUL BOTOŞANI,,7,1,40,0,1,RO212
2,35731,MUNICIPIUL BOTOŞANI,,7,74,1,1,1,RO212
3,35740,BOTOŞANI,710001,7,35731,9,1,1,RO212
2,36006,MUNICIPIUL DOROHOI,,7,74,4,1,1,RO212
3,36015,DOROHOI,715200,7,36006,9,1,1,RO212
3,36024,DEALU MARE,715201,7,36006,10,1,1,RO212
3,36033,LOTURI ENESCU,715202,7,36006,10,1,1,RO212
3,36042,PROGRESUL,715203,7,36006,10,1,1,RO212
2,36453,ORAŞ BUCECEA,,7,74,2,1,1,RO212
3,36462,BUCECEA,717045,7,36453,17,1,1,RO212
3,36471,BOHOGHINA,717046,7,36453,19,1,1,RO212
3,36480,CĂLINEŞTI,717047,7,36453,18,1,1,RO212
2,35946,ORAŞ DARABANI,,7,74,2,1,1,RO212
3,35955,DARABANI,715100,7,35946,17,1,1,RO212
3,35964,BAJURA,715101,7,35946,19,1,1,RO212
3,35973,EŞANCA,715102,7,35946,19,1,1,RO212
3,35982,LISMĂNIŢA,715103,7,35946,19,1,1,RO212
2,37280,ORAŞ FLĂMÂNZI,,7,74,2,1,1,RO212
3,37299,FLĂMÂNZI,717155,7,37280,17,1,1,RO212
3,38438,CHIŢOVENI,717156,7,37280,19,1,1,RO212
3,38410,NICOLAE BĂLCESCU,717157,7,37280,18,1,1,RO212
3,37315,POIANA,717158,7,37280,18,1,1,RO212
3,38447,PRISĂCANI,717159,7,37280,19,1,1,RO212
2,36060,ORAŞ SĂVENI,,7,74,2,1,1,RO212
3,36079,SĂVENI,715300,7,36060,17,1,1,RO212
3,36088,BODEASA,715301,7,36060,19,1,1,RO212
3,36097,BOZIENI,715302,7,36060,19,1,1,RO212
3,36104,CHIŞCĂRENI,715303,7,36060,19,1,1,RO212
3,36113,PETRICANI,715304,7,36060,19,1,1,RO212
3,36122,SAT NOU,715305,7,36060,19,1,1,RO212
2,39168,ORAŞ ŞTEFĂNEŞTI,,7,74,2,1,1,RO212
3,39177,ŞTEFĂNEŞTI,717385,7,39168,17,1,1,RO212
3,39186,BĂDIUŢI,717386,7,39168,18,1,1,RO212
3,39195,BOBULEŞTI,717387,7,39168,18,1,1,RO212
3,39202,STÂNCA,717388,7,39168,18,1,1,RO212
3,39211,ŞTEFĂNEŞTI-SAT,717389,7,39168,18,1,1,RO212
2,40035,ADĂŞENI,,7,74,3,3,1,RO212
3,36220,ADĂŞENI,717016,7,40035,22,3,1,RO212
3,36293,ZOIŢANI,717024,7,40035,23,3,1,RO212
2,36131,ALBEŞTI,,7,74,3,3,1,RO212
3,36140,ALBEŞTI,717005,7,36131,22,3,1,RO212
3,36159,BUIMĂCENI,717006,7,36131,23,3,1,RO212
3,36168,COŞTIUGENI,717007,7,36131,23,3,1,RO212
3,36177,JIJIA,717008,7,36131,23,3,1,RO212
3,36186,MĂŞCĂTENI,717009,7,36131,23,3,1,RO212
3,36195,TUDOR VLADIMIRESCU,717011,7,36131,23,3,1,RO212
2,36202,AVRĂMENI,,7,74,3,3,1,RO212
3,36211,AVRĂMENI,717015,7,36202,22,3,1,RO212
3,36239,AUREL VLAICU,717017,7,36202,23,3,1,RO212
3,36248,DIMITRIE CANTEMIR,717018,7,36202,23,3,1,RO212
3,36257,ICHIMENI,717019,7,36202,23,3,1,RO212
3,36266,PANAITOAIA,717021,7,36202,23,3,1,RO212
3,36275,TIMUŞ,717022,7,36202,23,3,1,RO212
3,36284,TUDOR VLADIMIRESCU,717023,7,36202,23,3,1,RO212
2,36300,BĂLUŞENI,,7,74,3,3,1,RO212
3,36319,BĂLUŞENI,717025,7,36300,22,3,1,RO212
3,36328,BĂLUŞENII NOI,717026,7,36300,23,3,1,RO212
3,36337,BUZENI,717027,7,36300,23,3,1,RO212
3,36346,COŞULENI,717028,7,36300,23,3,1,RO212
3,36355,DRAXINI,717029,7,36300,23,3,1,RO212
3,36364,ZĂICEŞTI,717031,7,36300,23,3,1,RO212
2,39983,BLÂNDEŞTI,,7,74,3,3,1,RO212
3,39079,BLÂNDEŞTI,717371,7,39983,22,3,1,RO212
3,39088,CERCHEJENI,717372,7,39983,23,3,1,RO212
3,39113,ŞOLDĂNEŞTI,717376,7,39983,23,3,1,RO212
2,36373,BRĂEŞTI,,7,74,3,3,1,RO212
3,36382,BRĂEŞTI,717035,7,36373,22,3,1,RO212
3,36391,POIANA,717036,7,36373,23,3,1,RO212
3,36408,POPENI,717037,7,36373,23,3,1,RO212
3,36417,VÂLCELELE,717038,7,36373,23,3,1,RO212
2,36426,BROSCĂUŢI,,7,74,3,3,1,RO212
3,36435,BROSCĂUŢI,717040,7,36426,22,3,1,RO212
3,36444,SLOBOZIA,717041,7,36426,23,3,1,RO212
2,36499,CĂLĂRAŞI,,7,74,3,3,1,RO212
3,36505,CĂLĂRAŞI,717050,7,36499,22,3,1,RO212
3,36514,LIBERTATEA,717051,7,36499,23,3,1,RO212
3,36523,PLEŞANI,717052,7,36499,23,3,1,RO212
2,39967,CÂNDEŞTI,,7,74,3,3,1,RO212
3,38198,CÂNDEŞTI,717262,7,39967,22,3,1,RO212
3,38189,CĂLINEŞTI,717261,7,39967,23,3,1,RO212
3,38223,TALPA,717266,7,39967,23,3,1,RO212
3,38232,VIŢCANI,717267,7,39967,23,3,1,RO212
2,36532,CONCEŞTI,,7,74,3,3,1,RO212
3,36541,CONCEŞTI,717055,7,36532,22,3,1,RO212
3,36550,MOVILENI,717056,7,36532,23,3,1,RO212
2,36569,COPĂLĂU,,7,74,3,3,1,RO212
3,36578,COPĂLĂU,717060,7,36569,22,3,1,RO212
3,36596,CERBU,717062,7,36569,23,3,1,RO212
3,36612,COTU,717064,7,36569,23,3,1,RO212
2,36649,CORDĂRENI,,7,74,3,3,1,RO212
3,36658,CORDĂRENI,717070,7,36649,22,3,1,RO212
3,36667,GRIVIŢA,717071,7,36649,23,3,1,RO212
3,40001,SLOBOZIA,717072,7,36649,23,3,1,RO212
2,36676,CORLĂTENI,,7,74,3,3,1,RO212
3,36685,CORLĂTENI,717075,7,36676,22,3,1,RO212
3,36694,CARASA,717076,7,36676,23,3,1,RO212
3,36729,PODENI,717079,7,36676,23,3,1,RO212
3,36747,VLĂDENI,717082,7,36676,23,3,1,RO212
2,36756,CORNI,,7,74,3,3,1,RO212
3,36765,CORNI,717085,7,36756,22,3,1,RO212
3,36774,BALTA ARSĂ,717086,7,36756,23,3,1,RO212
3,36783,MESTEACĂN,717087,7,36756,23,3,1,RO212
3,36792,SARAFINEŞTI,717088,7,36756,23,3,1,RO212
2,39975,COŞULA,,7,74,3,3,1,RO212
3,36603,COŞULA,717063,7,39975,22,3,1,RO212
3,36587,BUDA,717061,7,39975,23,3,1,RO212
3,36621,PĂDURENI,717066,7,39975,23,3,1,RO212
3,36630,ŞUPITCA,717067,7,39975,23,3,1,RO212
2,36809,COŢUŞCA,,7,74,3,3,1,RO212
3,36818,COŢUŞCA,717090,7,36809,22,3,1,RO212
3,36827,AVRAM IANCU,717091,7,36809,23,3,1,RO212
3,36836,COTU MICULINŢI,717092,7,36809,23,3,1,RO212
3,36845,CRASNALEUCA,717093,7,36809,23,3,1,RO212
3,36854,GHIRENI,717094,7,36809,23,3,1,RO212
3,36863,MIHAIL KOGĂLNICEANU,717096,7,36809,23,3,1,RO212
3,36872,NICHITENI,717097,7,36809,23,3,1,RO212
3,36881,NICOLAE BĂLCESCU,717098,7,36809,23,3,1,RO212
3,36890,PUŢURENI,717099,7,36809,23,3,1,RO212
2,36907,CRISTEŞTI,,7,74,3,3,1,RO212
3,36916,CRISTEŞTI,717100,7,36907,22,3,1,RO212
3,36925,ONEAGA,717101,7,36907,23,3,1,RO212
3,36934,SCHIT-ORĂŞENI,717102,7,36907,23,3,1,RO212
3,36943,UNGUROAIA,717103,7,36907,23,3,1,RO212
2,36952,CRISTINEŞTI,,7,74,3,3,1,RO212
3,36961,CRISTINEŞTI,717105,7,36952,22,3,1,RO212
3,36970,BARANCA,717106,7,36952,23,3,1,RO212
3,39991,DĂMILENI,717104,7,36952,23,3,1,RO212
3,36989,DRAGALINA,717107,7,36952,23,3,1,RO212
3,36998,FUNDU HERŢII,717108,7,36952,23,3,1,RO212
3,37002,POIANA,717109,7,36952,23,3,1,RO212
2,35759,CURTEŞTI,,7,74,3,3,1,RO212
3,35768,CURTEŞTI,717110,7,35759,22,3,1,RO212
3,35777,AGAFTON,717111,7,35759,23,3,1,RO212
3,35786,BĂICENI,717112,7,35759,23,3,1,RO212
3,35795,HUDUM,717113,7,35759,23,3,1,RO212
3,35802,MĂNĂSTIREA DOAMNEI,717114,7,35759,23,3,1,RO212
3,35811,ORĂŞENI-DEAL,717116,7,35759,23,3,1,RO212
3,35820,ORĂŞENI-VALE,717117,7,35759,23,3,1,RO212
2,37057,DÂNGENI,,7,74,3,3,1,RO212
3,37066,DÂNGENI,717120,7,37057,22,3,1,RO212
3,37075,HULUB,717121,7,37057,23,3,1,RO212
3,37084,IACOBENI,717122,7,37057,23,3,1,RO212
3,37093,STRAHOTIN,717123,7,37057,23,3,1,RO212
2,37011,DERSCA,,7,74,3,3,1,RO212
3,37020,DERSCA,717125,7,37011,22,3,1,RO212
2,39959,DIMĂCHENI,,7,74,3,3,1,RO212
3,36701,DIMĂCHENI,717077,7,39959,22,3,1,RO212
3,36710,MATEIENI,717078,7,39959,23,3,1,RO212
3,36738,RECIA-VERBIA,717081,7,39959,23,3,1,RO212
2,37100,DOBÂRCENI,,7,74,3,3,1,RO212
3,37119,DOBÂRCENI,717130,7,37100,22,3,1,RO212
3,37128,BIVOLARI,717131,7,37100,23,3,1,RO212
3,37164,BRĂTENI,717132,7,37100,23,3,1,RO212
3,37137,CIŞMĂNEŞTI,717133,7,37100,23,3,1,RO212
3,37146,LIVADA,717134,7,37100,23,3,1,RO212
3,37155,MURGUŢA,717136,7,37100,23,3,1,RO212
2,37173,DRĂGUŞENI,,7,74,3,3,1,RO212
3,37182,DRĂGUŞENI,717140,7,37173,22,3,1,RO212
3,37191,PODRIGA,717141,7,37173,23,3,1,RO212
3,37208,SARATA-DRĂGUŞENI,717142,7,37173,23,3,1,RO212
2,37217,DURNEŞTI,,7,74,3,3,1,RO212
3,37226,DURNEŞTI,717145,7,37217,22,3,1,RO212
3,37235,BĂBICENI,717146,7,37217,23,3,1,RO212
3,37244,BÂRSĂNEŞTI,717147,7,37217,23,3,1,RO212
3,37253,BROŞTENI,717148,7,37217,23,3,1,RO212
3,37262,CUCUTENI,717149,7,37217,23,3,1,RO212
3,37271,GURANDA,717151,7,37217,23,3,1,RO212
2,37324,FRUMUŞICA,,7,74,3,3,1,RO212
3,37333,FRUMUŞICA,717160,7,37324,22,3,1,RO212
3,37342,BOSCOTENI,717161,7,37324,23,3,1,RO212
3,37351,RĂDENI,717162,7,37324,23,3,1,RO212
3,37360,STOREŞTI,717163,7,37324,23,3,1,RO212
3,37379,ŞENDRENI,717164,7,37324,23,3,1,RO212
3,37388,VLĂDENI-DEAL,717166,7,37324,23,3,1,RO212
2,37397,GEORGE ENESCU,,7,74,3,3,1,RO212
3,37404,DUMENI,717172,7,37397,22,3,1,RO212
3,37413,ARBOREA,717171,7,37397,23,3,1,RO212
3,37422,GEORGE ENESCU,717170,7,37397,23,3,1,RO212
3,37431,POPENI,717173,7,37397,23,3,1,RO212
3,37440,STÂNCA,717174,7,37397,23,3,1,RO212
2,37459,GORBĂNEŞTI,,7,74,3,3,1,RO212
3,37468,GORBĂNEŞTI,717175,7,37459,22,3,1,RO212
3,37477,BĂTRÂNEŞTI,717176,7,37459,23,3,1,RO212
3,37486,GEORGE COŞBUC,717177,7,37459,23,3,1,RO212
3,37495,MIHAI EMINESCU,717178,7,37459,23,3,1,RO212
3,37501,SILIŞCANI,717179,7,37459,23,3,1,RO212
3,37510,SOCRUJENI,717181,7,37459,23,3,1,RO212
3,37538,VÂNĂTORI,717182,7,37459,23,3,1,RO212
3,37529,VIFORENI,717183,7,37459,23,3,1,RO212
2,37547,HAVÂRNA,,7,74,3,3,1,RO212
3,37556,HAVÂRNA,717185,7,37547,22,3,1,RO212
3,37565,BALINŢI,717186,7,37547,23,3,1,RO212
3,37574,GALBENI,717187,7,37547,23,3,1,RO212
3,37583,GÂRBENI,717188,7,37547,23,3,1,RO212
3,37592,NICULCEA,717189,7,37547,23,3,1,RO212
3,37609,TĂTĂRĂŞENI,717191,7,37547,23,3,1,RO212
2,37618,HĂNEŞTI,,7,74,3,3,1,RO212
3,37627,HĂNEŞTI,717195,7,37618,22,3,1,RO212
3,37636,BOROLEA,717196,7,37618,23,3,1,RO212
3,37645,MOARA JORII,717197,7,37618,23,3,1,RO212
3,37654,SARATA-BASARAB,717198,7,37618,23,3,1,RO212
3,37663,SLOBOZIA HĂNEŞTI,717199,7,37618,23,3,1,RO212
2,37672,HILIŞEU-HORIA,,7,74,3,3,1,RO212
3,37681,HILIŞEU-HORIA,717200,7,37672,22,3,1,RO212
3,37690,CORJĂUŢI,717201,7,37672,23,3,1,RO212
3,37707,HILIŞEU-CLOŞCA,717202,7,37672,23,3,1,RO212
3,37716,HILIŞEU-CRIŞAN,717203,7,37672,23,3,1,RO212
3,37725,IEZER,717204,7,37672,23,3,1,RO212
2,37734,HLIPICENI,,7,74,3,3,1,RO212
3,37743,HLIPICENI,717205,7,37734,22,3,1,RO212
3,37752,DRAGALINA,717206,7,37734,23,3,1,RO212
3,37761,VICTORIA,717207,7,37734,23,3,1,RO212
2,37770,HUDEŞTI,,7,74,3,3,1,RO212
3,37789,HUDEŞTI,717210,7,37770,22,3,1,RO212
3,37798,ALBA,717211,7,37770,23,3,1,RO212
3,37805,BARANCA,717212,7,37770,23,3,1,RO212
3,40019,BAŞEU,717209,7,37770,23,3,1,RO212
3,37814,MLENĂUŢI,717213,7,37770,23,3,1,RO212
3,40027,VATRA,717214,7,37770,23,3,1,RO212
2,37823,IBĂNEŞTI,,7,74,3,3,1,RO212
3,37832,IBĂNEŞTI,717215,7,37823,22,3,1,RO212
3,37841,DUMBRĂVIŢA,717216,7,37823,23,3,1,RO212
2,37850,LEORDA,,7,74,3,3,1,RO212
3,37869,LEORDA,717220,7,37850,22,3,1,RO212
3,37878,BELCEA,717221,7,37850,23,3,1,RO212
3,37887,COSTINEŞTI,717222,7,37850,23,3,1,RO212
3,37896,DOLINA,717223,7,37850,23,3,1,RO212
3,37903,MITOC,717224,7,37850,23,3,1,RO212
2,39942,LOZNA,,7,74,3,3,1,RO212
3,37039,LOZNA,717126,7,39942,22,3,1,RO212
3,37048,STRĂTENI,717127,7,39942,23,3,1,RO212
2,37912,LUNCA,,7,74,3,3,1,RO212
3,37921,LUNCA,717225,7,37912,22,3,1,RO212
3,37930,STROIEŞTI,717226,7,37912,23,3,1,RO212
3,37949,ZLĂTUNOAIA,717227,7,37912,23,3,1,RO212
2,37958,MANOLEASA,,7,74,3,3,1,RO212
3,37967,MANOLEASA,717230,7,37958,22,3,1,RO212
3,37976,BOLD,717231,7,37958,23,3,1,RO212
3,37985,FLONDORA,717232,7,37958,23,3,1,RO212
3,37994,IORGA,717233,7,37958,23,3,1,RO212
3,38009,LIVENI,717234,7,37958,23,3,1,RO212
3,38018,LOTURI,717236,7,37958,23,3,1,RO212
3,38027,MANOLEASA-PRUT,717237,7,37958,23,3,1,RO212
3,38036,SADOVENI,717238,7,37958,23,3,1,RO212
3,38045,ŞERPENIŢA,717239,7,37958,23,3,1,RO212
3,38054,ZAHORENI,717241,7,37958,23,3,1,RO212
2,38063,MIHAI EMINESCU,,7,74,3,3,1,RO212
3,38072,IPOTEŞTI,717253,7,38063,22,3,1,RO212
3,38081,BAISA,717246,7,38063,23,3,1,RO212
3,38090,CĂTĂMĂREŞTI,717247,7,38063,23,3,1,RO212
3,38107,CĂTĂMĂREŞTI-DEAL,717248,7,38063,23,3,1,RO212
3,38116,CERVICEŞTI,717249,7,38063,23,3,1,RO212
3,38125,CERVICEŞTI-DEAL,717251,7,38063,23,3,1,RO212
3,38134,CUCORĂNI,717252,7,38063,23,3,1,RO212
3,38143,MANOLEŞTI,717254,7,38063,23,3,1,RO212
3,38152,STÂNCEŞTI,717256,7,38063,23,3,1,RO212
2,38161,MIHĂILENI,,7,74,3,3,1,RO212
3,38170,MIHĂILENI,717260,7,38161,22,3,1,RO212
3,38205,PÂRÂU NEGRU,717263,7,38161,23,3,1,RO212
3,38214,ROGOJEŞTI,717264,7,38161,23,3,1,RO212
2,38241,MIHĂLĂŞENI,,7,74,3,3,1,RO212
3,38250,MIHĂLĂŞENI,717270,7,38241,22,3,1,RO212
3,38269,CARAIMAN,717271,7,38241,23,3,1,RO212
3,38278,NĂSTASE,717272,7,38241,23,3,1,RO212
3,38287,NEGREŞTI,717273,7,38241,23,3,1,RO212
3,38296,PĂUN,717274,7,38241,23,3,1,RO212
3,38303,SARATA,717276,7,38241,23,3,1,RO212
3,38312,SLOBOZIA SILIŞCANI,717277,7,38241,23,3,1,RO212
2,38321,MILEANCA,,7,74,3,3,1,RO212
3,38330,MILEANCA,717280,7,38321,22,3,1,RO212
3,38349,CODRENI,717281,7,38321,23,3,1,RO212
3,38358,SCUTARI,717282,7,38321,23,3,1,RO212
3,38367,SELIŞTEA,717283,7,38321,23,3,1,RO212
2,38376,MITOC,,7,74,3,3,1,RO212
3,38385,MITOC,717285,7,38376,22,3,1,RO212
3,38394,HORIA,717286,7,38376,23,3,1,RO212
2,38456,NICŞENI,,7,74,3,3,1,RO212
3,38465,NICŞENI,717290,7,38456,22,3,1,RO212
3,38474,DACIA,717291,7,38456,23,3,1,RO212
3,38483,DOROBANŢI,717292,7,38456,23,3,1,RO212
2,38492,PĂLTINIŞ,,7,74,3,3,1,RO212
3,38508,PĂLTINIŞ,717295,7,38492,22,3,1,RO212
3,38517,CUZLĂU,717296,7,38492,23,3,1,RO212
3,38526,HORODIŞTEA,717297,7,38492,23,3,1,RO212
3,38535,SLOBOZIA,717298,7,38492,23,3,1,RO212
2,38544,POMÂRLA,,7,74,3,3,1,RO212
3,38553,POMÂRLA,717300,7,38544,22,3,1,RO212
3,38562,HULUBEŞTI,717301,7,38544,23,3,1,RO212
3,38571,RACOVĂŢ,717302,7,38544,23,3,1,RO212
2,38580,PRĂJENI,,7,74,3,3,1,RO212
3,38599,PRĂJENI,717305,7,38580,22,3,1,RO212
3,38606,CÂMPENI,717306,7,38580,23,3,1,RO212
3,38615,LUPĂRIA,717307,7,38580,23,3,1,RO212
3,38624,MILETIN,717308,7,38580,23,3,1,RO212
2,35839,RĂCHIŢI,,7,74,3,3,1,RO212
3,35848,RĂCHIŢI,717310,7,35839,22,3,1,RO212
3,35857,CIŞMEA,717311,7,35839,23,3,1,RO212
3,35866,COSTEŞTI,717312,7,35839,23,3,1,RO212
3,35875,ROŞIORI,717313,7,35839,23,3,1,RO212
2,38633,RĂDĂUŢI-PRUT,,7,74,3,3,1,RO212
3,38642,RĂDĂUŢI-PRUT,717315,7,38633,22,3,1,RO212
3,38651,MIORCANI,717316,7,38633,23,3,1,RO212
3,38660,REDIU,717317,7,38633,23,3,1,RO212
2,38679,RĂUSENI,,7,74,3,3,1,RO212
3,38688,RĂUSENI,717320,7,38679,22,3,1,RO212
3,38697,DOINA,717321,7,38679,23,3,1,RO212
3,38704,POGORĂŞTI,717322,7,38679,23,3,1,RO212
3,38713,REDIU,717323,7,38679,23,3,1,RO212
3,38722,STOLNICENI,717324,7,38679,23,3,1,RO212
2,38731,RIPICENI,,7,74,3,3,1,RO212
3,38740,RIPICENI,717325,7,38731,22,3,1,RO212
3,38759,CINGHINIIA,717326,7,38731,23,3,1,RO212
3,38768,LEHNEŞTI,717327,7,38731,23,3,1,RO212
3,38777,MOVILA RUPTĂ,717328,7,38731,23,3,1,RO212
3,38786,POPOAIA,717329,7,38731,23,3,1,RO212
3,38802,RÂŞCA,717331,7,38731,23,3,1,RO212
3,38795,RIPICENII VECHI,717332,7,38731,23,3,1,RO212
2,38811,ROMA,,7,74,3,3,1,RO212
3,38820,ROMA,717335,7,38811,22,3,1,RO212
3,38839,COTÂRGACI,717336,7,38811,23,3,1,RO212
2,38848,ROMÂNEŞTI,,7,74,3,3,1,RO212
3,38857,ROMÂNEŞTI,717340,7,38848,22,3,1,RO212
3,38866,DĂMIDENI,717341,7,38848,23,3,1,RO212
3,38875,ROMÂNEŞTI-VALE,717342,7,38848,23,3,1,RO212
3,38884,SĂRATA,717343,7,38848,23,3,1,RO212
2,38893,SANTA MARE,,7,74,3,3,1,RO212
3,38900,SANTA MARE,717345,7,38893,22,3,1,RO212
3,38919,BĂDĂRĂI,717346,7,38893,23,3,1,RO212
3,38928,BERZA,717347,7,38893,23,3,1,RO212
3,38937,BOGDĂNEŞTI,717348,7,38893,23,3,1,RO212
3,38946,DURNEŞTI,717349,7,38893,23,3,1,RO212
3,38955,ILIŞENI,717351,7,38893,23,3,1,RO212
3,38964,RÂNGHILEŞTI,717352,7,38893,23,3,1,RO212
3,38973,RÂNGHILEŞTI-DEAL,717353,7,38893,23,3,1,RO212
2,35884,STĂUCENI,,7,74,3,3,1,RO212
3,35893,STĂUCENI,717355,7,35884,22,3,1,RO212
3,35900,SILIŞTEA,717356,7,35884,23,3,1,RO212
3,35919,TOCILENI,717357,7,35884,23,3,1,RO212
3,35928,VICTORIA,717358,7,35884,23,3,1,RO212
2,38982,SUHARĂU,,7,74,3,3,1,RO212
3,38991,SUHARĂU,717360,7,38982,22,3,1,RO212
3,39006,IZVOARE,717361,7,38982,23,3,1,RO212
3,39015,LIŞNA,717362,7,38982,23,3,1,RO212
3,39024,OROFTIANA,717363,7,38982,23,3,1,RO212
3,39033,PLEVNA,717364,7,38982,23,3,1,RO212
3,39042,SMÂRDAN,717366,7,38982,23,3,1,RO212
2,39051,SULIŢA,,7,74,3,3,1,RO212
3,39060,SULIŢA,717370,7,39051,22,3,1,RO212
3,39097,CHELIŞ,717373,7,39051,23,3,1,RO212
3,39104,DRACŞANI,717374,7,39051,23,3,1,RO212
2,39122,ŞENDRICENI,,7,74,3,3,1,RO212
3,39131,ŞENDRICENI,717380,7,39122,22,3,1,RO212
3,39140,HORLĂCENI,717381,7,39122,23,3,1,RO212
3,39159,PĂDURENI,717382,7,39122,23,3,1,RO212
2,39220,ŞTIUBIENI,,7,74,3,3,1,RO212
3,39239,ŞTIUBIENI,717390,7,39220,22,3,1,RO212
3,39248,IBĂNEASA,717391,7,39220,23,3,1,RO212
3,39257,NEGRENI,717392,7,39220,23,3,1,RO212
2,39266,TODIRENI,,7,74,3,3,1,RO212
3,39275,TODIRENI,717395,7,39266,22,3,1,RO212
3,39284,CERNEŞTI,717396,7,39266,23,3,1,RO212
3,39293,FLOREŞTI,717397,7,39266,23,3,1,RO212
3,39300,GÂRBEŞTI,717398,7,39266,23,3,1,RO212
3,39319,IUREŞTI,717399,7,39266,23,3,1,RO212
2,39328,TRUŞEŞTI,,7,74,3,3,1,RO212
3,39337,TRUŞEŞTI,717400,7,39328,22,3,1,RO212
3,39346,BUHĂCENI,717401,7,39328,23,3,1,RO212
3,39355,CIRITEI,717402,7,39328,23,3,1,RO212
3,39364,DRISLEA,717403,7,39328,23,3,1,RO212
3,39373,IONĂŞENI,717404,7,39328,23,3,1,RO212
3,39382,PĂSĂTENI,717406,7,39328,23,3,1,RO212
2,39391,TUDORA,,7,74,3,3,1,RO212
3,39408,TUDORA,717410,7,39391,22,3,1,RO212
2,39417,UNGURENI,,7,74,3,3,1,RO212
3,39426,UNGURENI,717415,7,39417,22,3,1,RO212
3,39435,BORZEŞTI,717416,7,39417,23,3,1,RO212
3,39444,CĂLUGĂRENI,717417,7,39417,23,3,1,RO212
3,39453,CĂLUGĂRENII NOI,717418,7,39417,23,3,1,RO212
3,39462,DURNEŞTI,717419,7,39417,23,3,1,RO212
3,39480,MÂNDREŞTI,717421,7,39417,23,3,1,RO212
3,39471,MIHAI VITEAZU,717422,7,39417,23,3,1,RO212
3,39499,PLOPENII MARI,717423,7,39417,23,3,1,RO212
3,39505,PLOPENII MICI,717424,7,39417,23,3,1,RO212
3,39514,TĂUTEŞTI,717426,7,39417,23,3,1,RO212
3,39523,VICOLENI,717427,7,39417,23,3,1,RO212
2,39532,UNŢENI,,7,74,3,3,1,RO212
3,39541,UNŢENI,717435,7,39532,22,3,1,RO212
3,39550,BURLA,717436,7,39532,23,3,1,RO212
3,39569,BURLEŞTI,717437,7,39532,23,3,1,RO212
3,39578,MÂNĂSTIRENI,717438,7,39532,23,3,1,RO212
3,39587,SOROCENI,717439,7,39532,23,3,1,RO212
3,39596,VALEA GRAJDULUI,717441,7,39532,23,3,1,RO212
3,39603,VULTURENI,717442,7,39532,23,3,1,RO212
2,39612,VĂCULEŞTI,,7,74,3,3,1,RO212
3,39621,VĂCULEŞTI,717445,7,39612,22,3,1,RO212
3,39630,GOROVEI,717446,7,39612,23,3,1,RO212
3,39649,SAUCENIŢA,717447,7,39612,23,3,1,RO212
2,39694,VÂRFU CÂMPULUI,,7,74,3,3,1,RO212
3,39701,VÂRFU CÂMPULUI,717450,7,39694,22,3,1,RO212
3,40043,DOBRINĂUŢI-HAPĂI,717449,7,39694,23,3,1,RO212
3,39710,IONĂŞENI,717451,7,39694,23,3,1,RO212
3,39729,LUNCA,717452,7,39694,23,3,1,RO212
3,40050,MAGHERA,717453,7,39694,23,3,1,RO212
3,40068,PUSTOAIA,717454,7,39694,23,3,1,RO212
2,39658,VIIŞOARA,,7,74,3,3,1,RO212
3,39667,VIIŞOARA,717455,7,39658,22,3,1,RO212
3,39676,CUZA VODĂ,717456,7,39658,23,3,1,RO212
3,39685,VIIŞOARA MICĂ,717457,7,39658,23,3,1,RO212
2,39738,VLĂDENI,,7,74,3,3,1,RO212
3,39747,VLĂDENI,717460,7,39738,22,3,1,RO212
3,39756,BREHUIEŞTI,717461,7,39738,23,3,1,RO212
3,39765,HRIŞCANI,717462,7,39738,23,3,1,RO212
3,39774,HUŢANI,717463,7,39738,23,3,1,RO212
3,39783,MÂNDREŞTI,717464,7,39738,23,3,1,RO212
2,39792,VLĂSINEŞTI,,7,74,3,3,1,RO212
3,39809,VLĂSINEŞTI,717465,7,39792,22,3,1,RO212
3,39818,MIRON COSTIN,717466,7,39792,23,3,1,RO212
3,39827,SÂRBI,717467,7,39792,23,3,1,RO212
2,39836,VORNICENI,,7,74,3,3,1,RO212
3,39845,VORNICENI,717470,7,39836,22,3,1,RO212
3,39854,DAVIDOAIA,717471,7,39836,23,3,1,RO212
3,39863,DEALU CRUCII,717472,7,39836,23,3,1,RO212
2,39872,VORONA,,7,74,3,3,1,RO212
3,39881,VORONA,717475,7,39872,22,3,1,RO212
3,39890,ICUŞENI,717476,7,39872,23,3,1,RO212
3,39907,JOLDEŞTI,717477,7,39872,23,3,1,RO212
3,39916,POIANA,717478,7,39872,23,3,1,RO212
3,39925,VORONA MARE,717479,7,39872,23,3,1,RO212
3,39934,VORONA-TEODORU,717481,7,39872,23,3,1,RO212
1,83,JUDEŢUL BRAŞOV,,8,1,40,0,7,RO122
2,40198,MUNICIPIUL BRAŞOV,,8,83,1,1,7,RO122
3,40205,BRAŞOV,500470,8,40198,9,1,7,RO122
3,42432,POIANA BRAŞOV,500001,8,40198,10,1,7,RO122
2,40241,MUNICIPIUL  CODLEA,,8,83,4,1,7,RO122
3,40250,CODLEA,505100,8,40241,9,1,7,RO122
2,40278,MUNICIPIUL FĂGĂRAŞ,,8,83,4,1,7,RO122
3,40287,FĂGĂRAŞ,505200,8,40278,9,1,7,RO122
2,40438,MUNICIPIUL SĂCELE,,8,83,4,1,7,RO122
3,40447,SĂCELE,505600,8,40438,9,1,7,RO122
2,40214,ORAŞ GHIMBAV,,8,83,2,1,7,RO122
3,40223,GHIMBAV,507075,8,40214,17,1,7,RO122
2,40303,ORAŞ PREDEAL,,8,83,2,1,7,RO122
3,40312,PREDEAL,505300,8,40303,17,1,7,RO122
3,40321,PÂRÂUL RECE,505301,8,40303,18,1,7,RO122
3,40330,TIMIŞU DE JOS,505302,8,40303,18,1,7,RO122
3,40349,TIMIŞU DE SUS,505303,8,40303,18,1,7,RO122
2,40367,ORAŞ RÂŞNOV,,8,83,2,1,7,RO122
3,40376,RÂŞNOV,505400,8,40367,17,1,7,RO122
2,40394,ORAŞ RUPEA,,8,83,2,1,7,RO122
3,40401,RUPEA,505500,8,40394,17,1,7,RO122
3,40410,FIŞER,505501,8,40394,18,1,7,RO122
2,40465,ORAŞ VICTORIA,,8,83,2,1,7,RO122
3,40474,VICTORIA,505700,8,40465,17,1,7,RO122
2,40492,ORAŞ ZĂRNEŞTI,,8,83,2,1,7,RO122
3,40508,ZĂRNEŞTI,505800,8,40492,17,1,7,RO122
3,40517,TOHANU NOU,505801,8,40492,18,1,7,RO122
2,40526,APAŢA,,8,83,3,3,7,RO122
3,40535,APAŢA,507005,8,40526,22,3,7,RO122
2,42498,AUGUSTIN,,8,83,3,3,7,RO122
3,41569,AUGUSTIN,507151,8,42498,22,3,7,RO122
2,40544,BECLEAN,,8,83,3,3,7,RO122
3,40553,BECLEAN,507010,8,40544,22,3,7,RO122
3,40562,BOHOLŢ,507011,8,40544,23,3,7,RO122
3,40571,CALBOR,507012,8,40544,23,3,7,RO122
3,40580,HUREZ,507013,8,40544,23,3,7,RO122
3,40599,LUŢA,507014,8,40544,23,3,7,RO122
2,40606,BOD,,8,83,3,3,7,RO122
3,40615,BOD,507015,8,40606,22,3,7,RO122
3,40624,COLONIA BOD,507020,8,40606,23,3,7,RO122
2,40633,BRAN,,8,83,3,3,7,RO122
3,40642,BRAN,507025,8,40633,22,3,7,RO122
3,40651,PREDELUŢ,507026,8,40633,23,3,7,RO122
3,40660,SOHODOL,507027,8,40633,23,3,7,RO122
3,40679,ŞIMON,507028,8,40633,23,3,7,RO122
2,40688,BUDILA,,8,83,3,3,7,RO122
3,40697,BUDILA,507030,8,40688,22,3,7,RO122
2,40704,BUNEŞTI,,8,83,3,3,7,RO122
3,40713,BUNEŞTI,507035,8,40704,22,3,7,RO122
3,40722,CRIŢ,507036,8,40704,23,3,7,RO122
3,40731,MEŞENDORF,507037,8,40704,23,3,7,RO122
3,40740,ROADEŞ,507038,8,40704,23,3,7,RO122
3,40759,VISCRI,507039,8,40704,23,3,7,RO122
2,40768,CAŢA,,8,83,3,3,7,RO122
3,40777,CAŢA,507040,8,40768,22,3,7,RO122
3,40786,BEIA,507041,8,40768,23,3,7,RO122
3,40795,DRĂUŞENI,507042,8,40768,23,3,7,RO122
3,40802,IONEŞTI,507043,8,40768,23,3,7,RO122
3,40811,PALOŞ,507044,8,40768,23,3,7,RO122
2,40820,CINCU,,8,83,3,3,7,RO122
3,40839,CINCU,507045,8,40820,22,3,7,RO122
3,40848,TOARCLA,507046,8,40820,23,3,7,RO122
2,40857,COMANA,,8,83,3,3,7,RO122
3,40866,COMANA DE JOS,507051,8,40857,22,3,7,RO122
3,40875,COMANA DE SUS,507052,8,40857,23,3,7,RO122
3,40884,CRIHALMA,507053,8,40857,23,3,7,RO122
3,40893,TICUŞU NOU,507054,8,40857,23,3,7,RO122
2,40900,CRISTIAN,,8,83,3,3,7,RO122
3,40919,CRISTIAN,507055,8,40900,22,3,7,RO122
2,42456,CRIZBAV,,8,83,3,3,7,RO122
3,41051,CRIZBAV,507081,8,42456,22,3,7,RO122
3,41060,CUTUŞ,507082,8,42456,23,3,7,RO122
2,42480,DRĂGUŞ,,8,83,3,3,7,RO122
3,42254,DRĂGUŞ,507251,8,42480,22,3,7,RO122
2,40928,DUMBRĂVIŢA,,8,83,3,3,7,RO122
3,40937,DUMBRĂVIŢA,507060,8,40928,22,3,7,RO122
3,40946,VLĂDENI,507061,8,40928,23,3,7,RO122
2,40955,FELDIOARA,,8,83,3,3,7,RO122
3,40964,FELDIOARA,507065,8,40955,22,3,7,RO122
3,40973,COLONIA RECONSTRUCŢIA,507066,8,40955,23,3,7,RO122
3,40982,ROTBAV,507067,8,40955,23,3,7,RO122
2,40991,FUNDATA,,8,83,3,3,7,RO122
3,41006,FUNDATA,507070,8,40991,22,3,7,RO122
3,41015,FUNDĂŢICA,507071,8,40991,23,3,7,RO122
3,41024,ŞIRNEA,507072,8,40991,23,3,7,RO122
2,41033,HĂLCHIU,,8,83,3,3,7,RO122
3,41042,HĂLCHIU,507080,8,41033,22,3,7,RO122
3,41079,SATU NOU,507083,8,41033,23,3,7,RO122
2,41088,HĂRMAN,,8,83,3,3,7,RO122
3,41097,HĂRMAN,507085,8,41088,22,3,7,RO122
3,41104,PODU OLTULUI,507086,8,41088,23,3,7,RO122
2,41113,HÂRSENI,,8,83,3,3,7,RO122
3,41122,HÂRSENI,507090,8,41113,22,3,7,RO122
3,41131,COPĂCEL,507091,8,41113,23,3,7,RO122
3,41140,MĂLINIŞ,507092,8,41113,23,3,7,RO122
3,41159,MĂRGINENI,507093,8,41113,23,3,7,RO122
3,41168,SEBEŞ,507094,8,41113,23,3,7,RO122
2,41177,HOGHIZ,,8,83,3,3,7,RO122
3,41186,HOGHIZ,507095,8,41177,22,3,7,RO122
3,41195,BOGATA OLTEANĂ,507096,8,41177,23,3,7,RO122
3,41202,CUCIULATA,507097,8,41177,23,3,7,RO122
3,41211,DOPCA,507098,8,41177,23,3,7,RO122
3,41220,FÂNTÂNA,507099,8,41177,23,3,7,RO122
3,41239,LUPŞA,507101,8,41177,23,3,7,RO122
2,42472,HOLBAV,,8,83,3,3,7,RO122
3,42423,HOLBAV,507272,8,42472,22,3,7,RO122
2,41248,HOMOROD,,8,83,3,3,7,RO122
3,41257,HOMOROD,507105,8,41248,22,3,7,RO122
3,41266,JIMBOR,507106,8,41248,23,3,7,RO122
3,41275,MERCHEAŞA,507107,8,41248,23,3,7,RO122
2,41284,JIBERT,,8,83,3,3,7,RO122
3,41293,JIBERT,507110,8,41284,22,3,7,RO122
3,41300,DACIA,507111,8,41284,23,3,7,RO122
3,41319,GRÂNARI,507112,8,41284,23,3,7,RO122
3,41328,LOVNIC,507113,8,41284,23,3,7,RO122
3,41337,VĂLENI,507114,8,41284,23,3,7,RO122
2,41346,LISA,,8,83,3,3,7,RO122
3,41355,LISA,507115,8,41346,22,3,7,RO122
3,41364,BREAZA,507116,8,41346,23,3,7,RO122
3,41373,POJORTA,507117,8,41346,23,3,7,RO122
2,41382,MĂIERUŞ,,8,83,3,3,7,RO122
3,41391,MĂIERUŞ,507120,8,41382,22,3,7,RO122
3,41408,ARINI,507121,8,41382,23,3,7,RO122
2,41417,MÂNDRA,,8,83,3,3,7,RO122
3,41426,MÂNDRA,507125,8,41417,22,3,7,RO122
3,41435,ILENI,507126,8,41417,23,3,7,RO122
3,41444,RÂUŞOR,507127,8,41417,23,3,7,RO122
3,41453,ŞONA,507128,8,41417,23,3,7,RO122
3,41462,TODERIŢA,507129,8,41417,23,3,7,RO122
2,41471,MOIECIU,,8,83,3,3,7,RO122
3,41480,MOIECIU DE JOS,507135,8,41471,22,3,7,RO122
3,41499,CHEIA,507131,8,41471,23,3,7,RO122
3,41505,DRUMUL CARULUI,507132,8,41471,23,3,7,RO122
3,41514,MĂGURA,507133,8,41471,23,3,7,RO122
3,41523,MOIECIU DE SUS,507134,8,41471,23,3,7,RO122
3,41532,PEŞTERA,507136,8,41471,23,3,7,RO122
2,41541,ORMENIŞ,,8,83,3,3,7,RO122
3,41550,ORMENIŞ,507150,8,41541,22,3,7,RO122
2,41578,PĂRĂU,,8,83,3,3,7,RO122
3,41587,PĂRĂU,507155,8,41578,22,3,7,RO122
3,41596,GRID,507156,8,41578,23,3,7,RO122
3,41603,VENEŢIA DE JOS,507157,8,41578,23,3,7,RO122
3,41612,VENEŢIA DE SUS,507158,8,41578,23,3,7,RO122
2,41621,POIANA MĂRULUI,,8,83,3,3,7,RO122
3,41630,POIANA MĂRULUI,507160,8,41621,22,3,7,RO122
2,41667,PREJMER,,8,83,3,3,7,RO122
3,41676,PREJMER,507165,8,41667,22,3,7,RO122
3,41685,LUNCA CALNICULUI,507170,8,41667,23,3,7,RO122
3,41694,STUPINII PREJMERULUI,507166,8,41667,23,3,7,RO122
2,41701,RACOŞ,,8,83,3,3,7,RO122
3,41710,RACOŞ,507175,8,41701,22,3,7,RO122
3,41729,MATEIAŞ,507176,8,41701,23,3,7,RO122
2,41738,RECEA,,8,83,3,3,7,RO122
3,41747,RECEA,507180,8,41738,22,3,7,RO122
3,41756,BERIVOI,507181,8,41738,23,3,7,RO122
3,41765,DEJANI,507182,8,41738,23,3,7,RO122
3,41774,GURA VĂII,507183,8,41738,23,3,7,RO122
3,41783,IAŞI,507184,8,41738,23,3,7,RO122
3,41792,SĂSCIORI,507186,8,41738,23,3,7,RO122
3,41809,SĂVĂSTRENI,507187,8,41738,23,3,7,RO122
2,42464,SÂMBĂTA DE SUS,,8,83,3,3,7,RO122
3,42361,SÂMBĂTA DE SUS,507266,8,42464,22,3,7,RO122
3,42370,STAŢIUNEA CLIMATERICĂ SÂMBĂTA,507267,8,42464,23,3,7,RO122
2,41925,SÂNPETRU,,8,83,3,3,7,RO122
3,41934,SÂNPETRU,507190,8,41925,22,3,7,RO122
2,41818,ŞERCAIA,,8,83,3,3,7,RO122
3,41827,ŞERCAIA,507195,8,41818,22,3,7,RO122
3,41836,HĂLMEAG,507196,8,41818,23,3,7,RO122
3,41845,VAD,507197,8,41818,23,3,7,RO122
2,41854,ŞINCA,,8,83,3,3,7,RO122
3,41863,ŞINCA VECHE,507206,8,41854,22,3,7,RO122
3,41872,BUCIUM,507201,8,41854,23,3,7,RO122
3,41881,OHABA,507202,8,41854,23,3,7,RO122
3,41890,PERŞANI,507203,8,41854,23,3,7,RO122
3,41907,ŞERCĂIŢA,507204,8,41854,23,3,7,RO122
3,41916,VÂLCEA,507207,8,41854,23,3,7,RO122
2,42449,ŞINCA NOUĂ,,8,83,3,3,7,RO122
3,41658,ŞINCA NOUĂ,507210,8,42449,22,3,7,RO122
3,41649,PALTIN,507211,8,42449,23,3,7,RO122
2,41943,ŞOARŞ,,8,83,3,3,7,RO122
3,41952,ŞOARŞ,507215,8,41943,22,3,7,RO122
3,41961,BĂRCUT,507216,8,41943,23,3,7,RO122
3,41970,FELMER,507217,8,41943,23,3,7,RO122
3,41989,RODBAV,507218,8,41943,23,3,7,RO122
3,41998,SELIŞTAT,507219,8,41943,23,3,7,RO122
2,42003,TĂRLUNGENI,,8,83,3,3,7,RO122
3,42012,TĂRLUNGENI,507220,8,42003,22,3,7,RO122
3,42021,CĂRPINIŞ,507221,8,42003,23,3,7,RO122
3,42030,PURCĂRENI,507222,8,42003,23,3,7,RO122
3,42049,ZIZIN,507223,8,42003,23,3,7,RO122
2,42058,TELIU,,8,83,3,3,7,RO122
3,42067,TELIU,507225,8,42058,22,3,7,RO122
2,42076,TICUŞU,,8,83,3,3,7,RO122
3,42085,TICUŞU VECHI,507232,8,42076,22,3,7,RO122
3,42094,COBOR,507231,8,42076,23,3,7,RO122
2,42101,UCEA,,8,83,3,3,7,RO122
3,42110,UCEA DE JOS,507238,8,42101,22,3,7,RO122
3,42129,CORBI,507236,8,42101,23,3,7,RO122
3,42138,FELDIOARA,507237,8,42101,23,3,7,RO122
3,42147,UCEA DE SUS,507239,8,42101,23,3,7,RO122
2,42156,UNGRA,,8,83,3,3,7,RO122
3,42165,UNGRA,507240,8,42156,22,3,7,RO122
3,42174,DĂIŞOARA,507241,8,42156,23,3,7,RO122
2,42183,VAMA BUZĂULUI,,8,83,3,3,7,RO122
3,42192,VAMA BUZĂULUI,507245,8,42183,22,3,7,RO122
3,42209,ACRIŞ,507246,8,42183,23,3,7,RO122
3,42218,BUZĂIEL,507247,8,42183,23,3,7,RO122
3,42227,DĂLGHIU,507248,8,42183,23,3,7,RO122
2,42236,VIŞTEA,,8,83,3,3,7,RO122
3,42245,VIŞTEA DE JOS,507254,8,42236,22,3,7,RO122
3,42263,OLTEŢ,507252,8,42236,23,3,7,RO122
3,42272,RUCĂR,507253,8,42236,23,3,7,RO122
3,42281,VIŞTEA DE SUS,507256,8,42236,23,3,7,RO122
3,42290,VIŞTIŞOARA,507257,8,42236,23,3,7,RO122
2,42307,VOILA,,8,83,3,3,7,RO122
3,42316,VOILA,507260,8,42307,22,3,7,RO122
3,42325,CINCŞOR,507261,8,42307,23,3,7,RO122
3,42334,DRIDIF,507262,8,42307,23,3,7,RO122
3,42343,LUDIŞOR,507263,8,42307,23,3,7,RO122
3,42352,SÂMBĂTA DE JOS,507264,8,42307,23,3,7,RO122
3,42389,VOIVODENI,507268,8,42307,23,3,7,RO122
2,42398,VULCAN,,8,83,3,3,7,RO122
3,42405,VULCAN,507270,8,42398,22,3,7,RO122
3,42414,COLONIA 1 MAI,507271,8,42398,23,3,7,RO122
1,92,JUDEŢUL BRĂILA,,9,1,40,0,2,RO221
2,42682,MUNICIPIUL BRĂILA,,9,92,1,1,2,RO221
3,42691,BRĂILA,810001,9,42682,9,1,2,RO221
2,42753,ORAŞ FĂUREI,,9,92,2,1,2,RO221
3,42762,FĂUREI,815100,9,42753,17,1,2,RO221
2,43331,ORAŞ IANCA,,9,92,2,1,2,RO221
3,43340,IANCA,815200,9,43331,17,1,2,RO221
3,43359,BERLEŞTI,815201,9,43331,19,1,2,RO221
3,43368,GARA IANCA,815202,9,43331,19,1,2,RO221
3,43377,OPRIŞENEŞTI,815203,9,43331,19,1,2,RO221
3,43386,PERIŞORU,815204,9,43331,19,1,2,RO221
3,43395,PLOPU,815205,9,43331,19,1,2,RO221
3,43402,TÂRLELE FILIU,815206,9,43331,19,1,2,RO221
2,43411,ORAŞ ÎNSURĂŢEI,,9,92,2,1,2,RO221
3,43420,ÎNSURĂŢEI,815300,9,43411,17,1,2,RO221
3,43439,LACU REZII,815301,9,43411,19,1,2,RO221
3,43448,MĂRU ROŞU,815302,9,43411,19,1,2,RO221
3,43457,VALEA CĂLMĂŢUIULUI,815303,9,43411,19,1,2,RO221
2,42824,BĂRĂGANUL,,9,92,3,3,2,RO221
3,42833,BĂRĂGANUL,817005,9,42824,22,3,2,RO221
2,42842,BERTEŞTII DE JOS,,9,92,3,3,2,RO221
3,42851,BERTEŞTII DE JOS,817010,9,42842,22,3,2,RO221
3,42860,BERTEŞTII DE SUS,817011,9,42842,23,3,2,RO221
3,42879,GURA CĂLMĂŢUI,817012,9,42842,23,3,2,RO221
3,42888,GURA GÂRLUŢEI,817013,9,42842,23,3,2,RO221
3,42897,NICOLEŞTI,817014,9,42842,23,3,2,RO221
3,42904,SPIRU HARET,817016,9,42842,23,3,2,RO221
2,42913,BORDEI VERDE,,9,92,3,3,2,RO221
3,42922,BORDEI VERDE,817020,9,42913,22,3,2,RO221
3,42931,CONSTANTIN GABRIELESCU,817021,9,42913,23,3,2,RO221
3,42940,FILIU,817022,9,42913,23,3,2,RO221
3,42959,LIŞCOTEANCA,817023,9,42913,23,3,2,RO221
2,44560,CAZASU,,9,92,3,3,2,RO221
3,44275,CAZASU,817181,9,44560,22,3,2,RO221
2,42708,CHISCANI,,9,92,3,3,2,RO221
3,42717,CHISCANI,817025,9,42708,22,3,2,RO221
3,42726,LACU SĂRAT,817026,9,42708,23,3,2,RO221
3,42735,VĂRSĂTURA,817027,9,42708,23,3,2,RO221
2,42968,CIOCILE,,9,92,3,3,2,RO221
3,42977,CIOCILE,817030,9,42968,22,3,2,RO221
3,43000,CHICHINEŢU,817031,9,42968,23,3,2,RO221
3,42986,CHIOIBĂŞEŞTI,817032,9,42968,23,3,2,RO221
3,42995,ODĂIENI,817033,9,42968,23,3,2,RO221
2,43019,CIREŞU,,9,92,3,3,2,RO221
3,43028,CIREŞU,817035,9,43019,22,3,2,RO221
3,43037,BATOGU,817036,9,43019,23,3,2,RO221
3,43046,IONEŞTI,817037,9,43019,23,3,2,RO221
3,43055,SCĂRLĂTEŞTI,817038,9,43019,23,3,2,RO221
3,43064,VULTURENI,817039,9,43019,23,3,2,RO221
2,43073,DUDEŞTI,,9,92,3,3,2,RO221
3,43082,DUDEŞTI,817040,9,43073,22,3,2,RO221
3,43091,BUMBĂCARI,817041,9,43073,23,3,2,RO221
3,43108,TĂTARU,817042,9,43073,23,3,2,RO221
2,43117,FRECĂŢEI,,9,92,3,3,2,RO221
3,43126,FRECĂŢEI,817045,9,43117,22,3,2,RO221
3,43135,AGAUA,817046,9,43117,23,3,2,RO221
3,43144,CISTIA,817047,9,43117,23,3,2,RO221
3,43153,SALCIA,817048,9,43117,23,3,2,RO221
3,43162,STOIENEŞTI,817049,9,43117,23,3,2,RO221
3,43171,TITCOV,817051,9,43117,23,3,2,RO221
2,43180,GALBENU,,9,92,3,3,2,RO221
3,43199,GALBENU,817055,9,43180,22,3,2,RO221
3,43206,DROGU,817056,9,43180,23,3,2,RO221
3,43215,PÂNTECANI,817057,9,43180,23,3,2,RO221
3,43224,SĂTUC,817058,9,43180,23,3,2,RO221
3,43233,ZAMFIREŞTI,817059,9,43180,23,3,2,RO221
2,43242,GEMENELE,,9,92,3,3,2,RO221
3,43251,GEMENELE,817060,9,43242,22,3,2,RO221
3,43260,GĂVANI,817061,9,43242,23,3,2,RO221
2,43279,GRĂDIŞTEA,,9,92,3,3,2,RO221
3,43288,GRADIŞTEA,817065,9,43279,22,3,2,RO221
3,43297,IBRIANU,817066,9,43279,23,3,2,RO221
3,43304,MARALOIU,817067,9,43279,23,3,2,RO221
2,43313,GROPENI,,9,92,3,3,2,RO221
3,43322,GROPENI,817070,9,43313,22,3,2,RO221
2,43466,JIRLĂU,,9,92,3,3,2,RO221
3,43475,JIRLĂU,817075,9,43466,22,3,2,RO221
3,43484,BRĂDEANCA,817076,9,43466,23,3,2,RO221
2,43493,MĂRAŞU,,9,92,3,3,2,RO221
3,43509,MĂRAŞU,817080,9,43493,22,3,2,RO221
3,43518,BĂNDOIU,817081,9,43493,23,3,2,RO221
3,43527,MĂGURENI,817082,9,43493,23,3,2,RO221
3,43536,NEDEICU,817083,9,43493,23,3,2,RO221
3,43545,PLOPI,817084,9,43493,23,3,2,RO221
3,43554,ŢĂCĂU,817086,9,43493,23,3,2,RO221
2,43563,MĂXINENI,,9,92,3,3,2,RO221
3,43572,MĂXINENI,817090,9,43563,22,3,2,RO221
3,43581,CORBU NOU,817091,9,43563,23,3,2,RO221
3,43590,CORBU VECHI,817092,9,43563,23,3,2,RO221
3,43607,LATINU,817093,9,43563,23,3,2,RO221
3,43616,VOINEŞTI,817094,9,43563,23,3,2,RO221
2,43625,MIRCEA VODĂ,,9,92,3,3,2,RO221
3,43634,MIRCEA VODĂ,817095,9,43625,22,3,2,RO221
3,43643,DEDULEŞTI,817096,9,43625,23,3,2,RO221
2,43652,MOVILA MIRESII,,9,92,3,3,2,RO221
3,43661,MOVILA MIRESII,817100,9,43652,22,3,2,RO221
3,43670,ESNA,817101,9,43652,23,3,2,RO221
3,43689,ŢEPEŞ VODĂ,817102,9,43652,23,3,2,RO221
2,43698,RACOVIŢĂ,,9,92,3,3,2,RO221
3,43705,RACOVIŢĂ,817105,9,43698,22,3,2,RO221
3,43714,CORBENI,817106,9,43698,23,3,2,RO221
3,43723,CUSTURA,817107,9,43698,23,3,2,RO221
2,43732,RÂMNICELU,,9,92,3,3,2,RO221
3,43741,RÂMNICELU,817110,9,43732,22,3,2,RO221
3,43750,BOARCA,817111,9,43732,23,3,2,RO221
3,43769,CONSTANTINEŞTI,817112,9,43732,23,3,2,RO221
3,43778,MIHAIL KOGĂLNICEANU,817113,9,43732,23,3,2,RO221
2,43787,ROMANU,,9,92,3,3,2,RO221
3,43796,ROMANU,817115,9,43787,22,3,2,RO221
3,43803,OANCEA,817116,9,43787,23,3,2,RO221
2,43812,ROŞIORI,,9,92,3,3,2,RO221
3,43821,ROŞIORI,817120,9,43812,22,3,2,RO221
3,43830,COLŢEA,817121,9,43812,23,3,2,RO221
3,43849,FLORICA,817122,9,43812,23,3,2,RO221
3,43858,PRIBEAGU,817123,9,43812,23,3,2,RO221
2,43867,SALCIA TUDOR,,9,92,3,3,2,RO221
3,43876,SALCIA TUDOR,817125,9,43867,22,3,2,RO221
3,43885,ARICIU,817126,9,43867,23,3,2,RO221
3,43894,CUZA VODĂ,817127,9,43867,23,3,2,RO221
3,43901,GULIANCA,817128,9,43867,23,3,2,RO221
3,43910,OLĂNEASCA,817129,9,43867,23,3,2,RO221
2,43929,SCORŢARU NOU,,9,92,3,3,2,RO221
3,43938,SCORŢARU NOU,817130,9,43929,22,3,2,RO221
3,43947,DEŞIRAŢI,817131,9,43929,23,3,2,RO221
3,43956,GURGUIEŢI,817132,9,43929,23,3,2,RO221
3,43965,NICOLAE BĂLCESCU,817133,9,43929,23,3,2,RO221
3,43974,PITULAŢI,817134,9,43929,23,3,2,RO221
3,43983,SIHLEANU,817136,9,43929,23,3,2,RO221
2,43992,SILIŞTEA,,9,92,3,3,2,RO221
3,44006,SILIŞTEA,817140,9,43992,22,3,2,RO221
3,44015,COTU LUNG,817141,9,43992,23,3,2,RO221
3,44024,COTU MIHALEA,817142,9,43992,23,3,2,RO221
3,44033,MĂRTĂCEŞTI,817143,9,43992,23,3,2,RO221
3,44042,MUCHEA,817144,9,43992,23,3,2,RO221
3,44051,VAMEŞU,817146,9,43992,23,3,2,RO221
2,44060,STĂNCUŢA,,9,92,3,3,2,RO221
3,44079,STĂNCUŢA,817150,9,44060,22,3,2,RO221
3,44088,CUZA VODĂ,817151,9,44060,23,3,2,RO221
3,44097,POLIZEŞTI,817152,9,44060,23,3,2,RO221
3,44104,STANCA,817153,9,44060,23,3,2,RO221
2,44113,SURDILA-GĂISEANCA,,9,92,3,3,2,RO221
3,44122,SURDILA-GĂISEANCA,817155,9,44113,22,3,2,RO221
3,44131,FILIPEŞTI,817156,9,44113,23,3,2,RO221
2,42771,SURDILA-GRECI,,9,92,3,3,2,RO221
3,42780,SURDILA-GRECI,817160,9,42771,22,3,2,RO221
3,42799,BRATEŞU VECHI,817161,9,42771,23,3,2,RO221
3,42806,FĂUREI-SAT,817162,9,42771,23,3,2,RO221
3,42815,HORIA,817163,9,42771,23,3,2,RO221
2,44140,ŞUŢEŞTI,,9,92,3,3,2,RO221
3,44159,ŞUŢEŞTI,817165,9,44140,22,3,2,RO221
3,44168,MIHAIL KOGĂLNICEANU,817166,9,44140,23,3,2,RO221
2,44177,TICHILEŞTI,,9,92,3,3,2,RO221
3,44186,TICHILEŞTI,817170,9,44177,22,3,2,RO221
3,44195,ALBINA,817171,9,44177,23,3,2,RO221
2,44202,TRAIAN,,9,92,3,3,2,RO221
3,44211,TRAIAN,817175,9,44202,22,3,2,RO221
3,44220,CĂLDĂRUŞA,817176,9,44202,23,3,2,RO221
3,44239,SILISTRARU,817177,9,44202,23,3,2,RO221
3,44248,URLEASCA,817178,9,44202,23,3,2,RO221
2,44257,TUDOR VLADIMIRESCU,,9,92,3,3,2,RO221
3,44266,TUDOR VLADIMIRESCU,817180,9,44257,22,3,2,RO221
3,44284,COMĂNEASCA,817182,9,44257,23,3,2,RO221
3,44293,SCORŢARU VECHI,817183,9,44257,23,3,2,RO221
2,44300,TUFEŞTI,,9,92,3,3,2,RO221
3,44319,TUFEŞTI,817185,9,44300,22,3,2,RO221
2,44328,ULMU,,9,92,3,3,2,RO221
3,44337,ULMU,817190,9,44328,22,3,2,RO221
3,44346,JUGUREANU,817191,9,44328,23,3,2,RO221
2,44355,UNIREA,,9,92,3,3,2,RO221
3,44364,UNIREA,817195,9,44355,22,3,2,RO221
3,44373,MOROTEŞTI,817196,9,44355,23,3,2,RO221
3,44382,VALEA CÂNEPII,817197,9,44355,23,3,2,RO221
2,44391,VĂDENI,,9,92,3,3,2,RO221
3,44408,VĂDENI,817200,9,44391,22,3,2,RO221
3,44417,BALDOVINEŞTI,817201,9,44391,23,3,2,RO221
3,44426,PIETROIU,817202,9,44391,23,3,2,RO221
2,44435,VICTORIA,,9,92,3,3,2,RO221
3,44444,VICTORIA,817205,9,44435,22,3,2,RO221
3,44453,MIHAI BRAVU,817206,9,44435,23,3,2,RO221
2,44462,VIŞANI,,9,92,3,3,2,RO221
3,44471,VIŞANI,817210,9,44462,22,3,2,RO221
3,44480,CÂINENI-BĂI,817211,9,44462,23,3,2,RO221
3,44499,PLĂSOIU,817212,9,44462,23,3,2,RO221
2,44505,VIZIRU,,9,92,3,3,2,RO221
3,44514,VIZIRU,817215,9,44505,22,3,2,RO221
3,44523,LANURILE,817216,9,44505,23,3,2,RO221
2,44532,ZĂVOAIA,,9,92,3,3,2,RO221
3,44541,ZĂVOAIA,817220,9,44532,22,3,2,RO221
3,44550,DUDESCU,817221,9,44532,23,3,2,RO221
1,109,JUDEŢUL BUZĂU,,10,1,40,0,2,RO222
2,44818,MUNICIPIUL BUZĂU,,10,109,1,1,2,RO222
3,44827,BUZĂU,120001,10,44818,9,1,2,RO222
2,44845,MUNICIPIUL RÂMNICU SĂRAT,,10,109,4,1,2,RO222
3,44854,RÂMNICU SĂRAT,125300,10,44845,9,1,2,RO222
2,47916,ORAŞ NEHOIU,,10,109,2,1,2,RO222
3,47925,NEHOIU,125100,10,47916,17,1,2,RO222
3,47934,BÂSCA ROZILEI,125101,10,47916,19,1,2,RO222
3,47943,CHIRLEŞTI,125102,10,47916,19,1,2,RO222
3,47952,CURMĂTURA,125103,10,47916,19,1,2,RO222
3,47961,LUNCA PRIPORULUI,125104,10,47916,19,1,2,RO222
3,47970,MLĂJET,125105,10,47916,19,1,2,RO222
3,47989,NEHOIAŞU,125106,10,47916,19,1,2,RO222
3,47998,PĂLTINENI,125107,10,47916,19,1,2,RO222
3,48003,STĂNILA,125108,10,47916,19,1,2,RO222
3,48012,VINEŢIŞU,125109,10,47916,19,1,2,RO222
2,48325,ORAŞ PĂTÂRLAGELE,,10,109,2,1,2,RO222
3,48334,PĂTÂRLAGELE,127430,10,48325,17,1,2,RO222
3,48343,CALEA CHIOJDULUI,127431,10,48325,19,1,2,RO222
3,48352,CRÂNG,127432,10,48325,19,1,2,RO222
3,48361,FUNDĂTURILE,127433,10,48325,19,1,2,RO222
3,48370,GORNET,127434,10,48325,19,1,2,RO222
3,48389,LUNCA,127436,10,48325,19,1,2,RO222
3,48405,MĂNĂSTIREA,127437,10,48325,19,1,2,RO222
3,48398,MĂRUNŢIŞU,127438,10,48325,19,1,2,RO222
3,48414,MUŞCEL,127439,10,48325,18,1,2,RO222
3,48423,POIENILE,127441,10,48325,18,1,2,RO222
3,48432,SIBICIU DE SUS,127442,10,48325,18,1,2,RO222
3,48441,STROEŞTI,127443,10,48325,18,1,2,RO222
3,48450,VALEA LUPULUI,127444,10,48325,18,1,2,RO222
3,48469,VALEA SIBICIULUI,127446,10,48325,18,1,2,RO222
3,48478,VALEA VIEI,127447,10,48325,18,1,2,RO222
2,48744,ORAŞ POGOANELE,,10,109,2,1,2,RO222
3,48753,POGOANELE,125200,10,48744,17,1,2,RO222
3,48762,CĂLDĂRĂŞTI,125201,10,48744,18,1,2,RO222
2,44863,AMARU,,10,109,3,3,2,RO222
3,44872,AMARU,127005,10,44863,22,3,2,RO222
3,44881,CÂMPENI,127006,10,44863,23,3,2,RO222
3,44890,DULBANU,127007,10,44863,23,3,2,RO222
3,44907,LACU SINAIA,127008,10,44863,23,3,2,RO222
3,44916,LUNCA,127009,10,44863,23,3,2,RO222
3,44925,SCORŢEANCA,127011,10,44863,23,3,2,RO222
2,44934,BALTA ALBĂ,,10,109,3,3,2,RO222
3,44943,BALTA ALBĂ,127015,10,44934,22,3,2,RO222
3,44952,AMARA,127016,10,44934,23,3,2,RO222
3,44961,BĂILE,127017,10,44934,23,3,2,RO222
3,44970,STĂVĂRĂŞTI,127018,10,44934,23,3,2,RO222
2,44989,BĂLĂCEANU,,10,109,3,3,2,RO222
3,44998,BĂLĂCEANU,127020,10,44989,22,3,2,RO222
2,45003,BECENI,,10,109,3,3,2,RO222
3,45012,BECENI,127025,10,45003,22,3,2,RO222
3,45021,ARBĂNAŞI,127026,10,45003,23,3,2,RO222
3,45030,CĂRPINIŞTEA,127027,10,45003,23,3,2,RO222
3,45049,DOGARI,127028,10,45003,23,3,2,RO222
3,45058,FLOREŞTI,127029,10,45003,23,3,2,RO222
3,45067,GURA DIMIENII,127031,10,45003,23,3,2,RO222
3,45076,IZVORU DULCE,127032,10,45003,23,3,2,RO222
3,45085,MĂRGĂRIŢI,127033,10,45003,23,3,2,RO222
3,45094,VALEA PĂRULUI,127034,10,45003,23,3,2,RO222
2,45101,BERCA,,10,109,3,3,2,RO222
3,45110,BERCA,127035,10,45101,22,3,2,RO222
3,45129,BĂCENI,127036,10,45101,23,3,2,RO222
3,45138,COJANU,127037,10,45101,23,3,2,RO222
3,45147,JOSENI,127038,10,45101,23,3,2,RO222
3,45156,MÂNĂSTIREA RĂTEŞTI,127039,10,45101,23,3,2,RO222
3,45165,PÂCLELE,127041,10,45101,23,3,2,RO222
3,45174,PLEŞCOI,127042,10,45101,23,3,2,RO222
3,45183,PLEŞEŞTI,127043,10,45101,23,3,2,RO222
3,45192,RĂTEŞTI,127044,10,45101,23,3,2,RO222
3,45209,SĂTUC,127046,10,45101,23,3,2,RO222
3,45218,TÂŢÂRLIGU,127047,10,45101,23,3,2,RO222
3,45227,VALEA NUCULUI,127048,10,45101,23,3,2,RO222
3,45236,VIFORÂTA,127049,10,45101,23,3,2,RO222
2,45245,BISOCA,,10,109,3,3,2,RO222
3,45254,BISOCA,127055,10,45245,22,3,2,RO222
3,45263,BĂLTĂGARI,127056,10,45245,23,3,2,RO222
3,45272,LACURILE,127057,10,45245,23,3,2,RO222
3,45281,LOPĂTĂREASA,127058,10,45245,23,3,2,RO222
3,45290,PLEŞI,127059,10,45245,23,3,2,RO222
3,45307,RECEA,127061,10,45245,23,3,2,RO222
3,45316,SĂRILE,127062,10,45245,23,3,2,RO222
3,45325,ŞINDRILA,127063,10,45245,23,3,2,RO222
2,45334,BLĂJANI,,10,109,3,3,2,RO222
3,45343,BLĂJANI,127065,10,45334,22,3,2,RO222
3,45352,SOREŞTI,127066,10,45334,23,3,2,RO222
2,45361,BOLDU,,10,109,3,3,2,RO222
3,45370,BOLDU,127070,10,45361,22,3,2,RO222
2,45389,BOZIORU,,10,109,3,3,2,RO222
3,45398,BOZIORU,127075,10,45389,22,3,2,RO222
3,45405,BUDUILE,127076,10,45389,23,3,2,RO222
3,45414,FIŞICI,127077,10,45389,23,3,2,RO222
3,45423,GĂVANELE,127078,10,45389,23,3,2,RO222
3,45432,GRESIA,127079,10,45389,23,3,2,RO222
3,45441,IZVOARELE,127081,10,45389,23,3,2,RO222
3,45450,NUCU,127082,10,45389,23,3,2,RO222
3,45469,SCĂENI,127083,10,45389,23,3,2,RO222
3,45478,ULMET,127084,10,45389,23,3,2,RO222
3,45487,VĂVĂLUCILE,127086,10,45389,23,3,2,RO222
2,45496,BRĂDEANU,,10,109,3,3,2,RO222
3,45502,BRĂDEANU,127090,10,45496,22,3,2,RO222
3,45511,MITROPOLIA,127091,10,45496,23,3,2,RO222
3,45520,SMÂRDAN,127092,10,45496,23,3,2,RO222
2,45539,BRĂEŞTI,,10,109,3,3,2,RO222
3,45548,BRĂEŞTI,127095,10,45539,22,3,2,RO222
3,45557,BRĂTILEŞTI,127096,10,45539,23,3,2,RO222
3,45566,GOIDEŞTI,127097,10,45539,23,3,2,RO222
3,45575,IVĂNEŢU,127098,10,45539,23,3,2,RO222
3,45593,PÂRSCOVELU,127099,10,45539,23,3,2,RO222
3,45584,PINU,127101,10,45539,23,3,2,RO222
3,45600,RUGINOASA,127102,10,45539,23,3,2,RO222
2,45619,BREAZA,,10,109,3,3,2,RO222
3,45628,BREAZA,127105,10,45619,22,3,2,RO222
3,45637,BĂDENI,127106,10,45619,23,3,2,RO222
3,45646,GRECEANCA,127107,10,45619,23,3,2,RO222
3,45655,VĂLEANCA-VILĂNEŞTI,127108,10,45619,23,3,2,RO222
3,45664,VISPEŞTI,127109,10,45619,23,3,2,RO222
2,45673,BUDA,,10,109,3,3,2,RO222
3,45682,BUDA,127110,10,45673,22,3,2,RO222
3,45691,ALEXANDRU ODOBESCU,127111,10,45673,23,3,2,RO222
3,45708,DĂNULEŞTI,127112,10,45673,23,3,2,RO222
3,45717,MUCEŞTI-DĂNULEŞTI,127113,10,45673,23,3,2,RO222
3,45726,SPIDELE,127114,10,45673,23,3,2,RO222
3,45735,TOROPĂLEŞTI,127116,10,45673,23,3,2,RO222
3,45744,VALEA LARGĂ,127117,10,45673,23,3,2,RO222
2,45815,C.A. ROSETTI,,10,109,3,3,2,RO222
3,45824,C.A. ROSETTI,127120,10,45815,22,3,2,RO222
3,45833,BĂLTENI,127121,10,45815,23,3,2,RO222
3,45842,BÂLHACU,127122,10,45815,23,3,2,RO222
3,45851,COTU CIORII,127123,10,45815,23,3,2,RO222
3,45860,LUNCA,127124,10,45815,23,3,2,RO222
3,45879,VIZIRENI,127126,10,45815,23,3,2,RO222
2,45753,CALVINI,,10,109,3,3,2,RO222
3,45762,CALVINI,127130,10,45753,22,3,2,RO222
3,45771,BÂSCENII DE JOS,127131,10,45753,23,3,2,RO222
3,45780,BÂSCENII DE SUS,127132,10,45753,23,3,2,RO222
3,45799,FRĂSINET,127133,10,45753,23,3,2,RO222
3,45806,OLARI,127134,10,45753,23,3,2,RO222
2,45888,CĂNEŞTI,,10,109,3,3,2,RO222
3,45897,CĂNEŞTI,127135,10,45888,22,3,2,RO222
3,45904,GONŢEŞTI,127136,10,45888,23,3,2,RO222
3,45913,NEGOŞINA,127137,10,45888,23,3,2,RO222
3,45922,PĂCURILE,127138,10,45888,23,3,2,RO222
3,45931,ŞUCHEA,127139,10,45888,23,3,2,RO222
3,45940,VALEA VERZEI,127141,10,45888,23,3,2,RO222
2,45959,CĂTINA,,10,109,3,3,2,RO222
3,45968,CĂTINA,127145,10,45959,22,3,2,RO222
3,45977,CORBU,127146,10,45959,23,3,2,RO222
3,45986,SLOBOZIA,127147,10,45959,23,3,2,RO222
3,45995,VALEA CĂTINEI,127148,10,45959,23,3,2,RO222
3,46000,ZELETIN,127149,10,45959,23,3,2,RO222
2,46019,CERNĂTEŞTI,,10,109,3,3,2,RO222
3,46028,CERNĂTEŞTI,127150,10,46019,22,3,2,RO222
3,46037,ALDENI,127151,10,46019,23,3,2,RO222
3,46046,BĂEŞTI,127152,10,46019,23,3,2,RO222
3,46055,CĂLDĂRUŞA,127153,10,46019,23,3,2,RO222
3,46064,FULGA,127154,10,46019,23,3,2,RO222
3,46073,MANASIA,127156,10,46019,23,3,2,RO222
3,46082,VLĂDENI,127157,10,46019,23,3,2,RO222
3,46091,ZĂRNEŞTII DE SLĂNIC,127158,10,46019,23,3,2,RO222
2,46108,CHILIILE,,10,109,3,3,2,RO222
3,46117,CHILIILE,127160,10,46108,22,3,2,RO222
3,46126,BUDEŞTI,127161,10,46108,23,3,2,RO222
3,46135,CREVELEŞTI,127162,10,46108,23,3,2,RO222
3,46144,GHIOCARI,127163,10,46108,23,3,2,RO222
3,46153,GLODU-PETCARI,127164,10,46108,23,3,2,RO222
3,46162,POIANA PLETARI,127166,10,46108,23,3,2,RO222
3,46171,TRESTIOARA,127167,10,46108,23,3,2,RO222
2,46180,CHIOJDU,,10,109,3,3,2,RO222
3,46199,CHIOJDU,127170,10,46180,22,3,2,RO222
3,46206,BÂSCA CHIOJDULUI,127171,10,46180,23,3,2,RO222
3,46215,CĂTIAŞU,127172,10,46180,23,3,2,RO222
3,46224,LERA,127173,10,46180,23,3,2,RO222
3,46233,PLESCIOARA,127174,10,46180,23,3,2,RO222
3,46242,POENIŢELE,127176,10,46180,23,3,2,RO222
2,46251,CILIBIA,,10,109,3,3,2,RO222
3,46260,CILIBIA,127180,10,46251,22,3,2,RO222
3,46279,GARA CILIBIA,127181,10,46251,23,3,2,RO222
3,46288,MÂNZU,127182,10,46251,23,3,2,RO222
3,46297,MOVILA OII,127183,10,46251,23,3,2,RO222
3,46304,POŞTA,127184,10,46251,23,3,2,RO222
2,46313,CISLĂU,,10,109,3,3,2,RO222
3,46322,CISLĂU,127185,10,46313,22,3,2,RO222
3,46331,BĂRĂŞTI,127186,10,46313,23,3,2,RO222
3,46340,BUDA CRĂCIUNEŞTI,127187,10,46313,23,3,2,RO222
3,46359,GURA BÂSCEI,127188,10,46313,23,3,2,RO222
3,46368,SCĂRIŞOARA,127189,10,46313,23,3,2,RO222
2,46377,COCHIRLEANCA,,10,109,3,3,2,RO222
3,46386,COCHIRLEANCA,127190,10,46377,22,3,2,RO222
3,46395,BOBOC,127191,10,46377,23,3,2,RO222
3,46402,GARA BOBOCU,127192,10,46377,23,3,2,RO222
3,46411,ROŞIORU,127193,10,46377,23,3,2,RO222
3,46420,TÂRLELE,127194,10,46377,23,3,2,RO222
2,46439,COLŢI,,10,109,3,3,2,RO222
3,46448,COLŢI,127195,10,46439,22,3,2,RO222
3,46457,ALUNIŞ,127196,10,46439,23,3,2,RO222
3,46466,COLŢII DE JOS,127197,10,46439,23,3,2,RO222
3,46475,MUSCELU CĂRĂMĂNEŞTI,127198,10,46439,23,3,2,RO222
2,46484,COSTEŞTI,,10,109,3,3,2,RO222
3,46493,COSTEŞTI,127200,10,46484,22,3,2,RO222
3,46509,BUDIŞTENI,127201,10,46484,23,3,2,RO222
3,46518,GOMOEŞTI,127202,10,46484,23,3,2,RO222
3,46527,GROŞANI,127203,10,46484,23,3,2,RO222
3,46536,PIETROSU,127204,10,46484,23,3,2,RO222
3,46545,SPĂTARU,127206,10,46484,23,3,2,RO222
2,46554,COZIENI,,10,109,3,3,2,RO222
3,46563,COZIENI,127210,10,46554,22,3,2,RO222
3,46572,ANINI,127211,10,46554,23,3,2,RO222
3,46581,BĂLĂNEŞTI,127212,10,46554,23,3,2,RO222
3,46590,BERCEŞTI,127213,10,46554,23,3,2,RO222
3,46607,CIOCĂNEŞTI,127214,10,46554,23,3,2,RO222
3,46616,COCÂRCENI,127216,10,46554,23,3,2,RO222
3,46625,COLŢENI,127217,10,46554,23,3,2,RO222
3,46634,FAŢA LUI NAN,127218,10,46554,23,3,2,RO222
3,46643,GLODURILE,127219,10,46554,23,3,2,RO222
3,46652,IZVORU,127221,10,46554,23,3,2,RO222
3,46661,LUNGEŞTI,127222,10,46554,23,3,2,RO222
3,46670,NISTOREŞTI,127223,10,46554,23,3,2,RO222
3,46689,PIETRARU,127224,10,46554,23,3,2,RO222
3,46698,PUNGA,127226,10,46554,23,3,2,RO222
3,46705,TEIŞU,127227,10,46554,23,3,2,RO222
3,46714,TRESTIA,127228,10,46554,23,3,2,RO222
3,46723,TULBUREA,127229,10,46554,23,3,2,RO222
3,46732,VALEA BANULUI,127231,10,46554,23,3,2,RO222
3,46741,VALEA ROATEI,127232,10,46554,23,3,2,RO222
3,46750,ZĂPODIA,127233,10,46554,23,3,2,RO222
2,50564,FLORICA,,10,109,3,3,2,RO222
3,47603,FLORICA,127377,10,50564,22,3,2,RO222
2,46769,GĂLBINAŞI,,10,109,3,3,2,RO222
3,46778,GĂLBINAŞI,127240,10,46769,22,3,2,RO222
3,46787,BENTU,127241,10,46769,23,3,2,RO222
3,46796,TĂBĂRĂŞTI,127242,10,46769,23,3,2,RO222
2,46803,GHERĂSENI,,10,109,3,3,2,RO222
3,46812,GHERĂSENI,127245,10,46803,22,3,2,RO222
3,46821,SUDIŢI,127246,10,46803,23,3,2,RO222
2,46830,GHERGHEASA,,10,109,3,3,2,RO222
3,46849,GHERGHEASA,127250,10,46830,22,3,2,RO222
3,46858,SĂLCIOARA,127251,10,46830,23,3,2,RO222
2,46867,GLODEANU SĂRAT,,10,109,3,3,2,RO222
3,46876,GLODEANU SĂRAT,127255,10,46867,22,3,2,RO222
3,46885,CĂLDĂRUŞEANCA,127256,10,46867,23,3,2,RO222
3,46894,ILEANA,127257,10,46867,23,3,2,RO222
3,46901,PITULICEA,127258,10,46867,23,3,2,RO222
2,46910,GLODEANU-SILIŞTEA,,10,109,3,3,2,RO222
3,46929,GLODEANU-SILIŞTEA,127260,10,46910,22,3,2,RO222
3,46938,CASOTA,127261,10,46910,23,3,2,RO222
3,46947,CÂRLIGU MARE,127262,10,46910,23,3,2,RO222
3,46956,CÂRLIGU MIC,127263,10,46910,23,3,2,RO222
3,46965,CORBU,127264,10,46910,23,3,2,RO222
3,46974,COTORCA,127266,10,46910,23,3,2,RO222
3,46983,SATU NOU,127267,10,46910,23,3,2,RO222
3,46992,VĂCĂREASCA,127268,10,46910,23,3,2,RO222
2,47006,GREBĂNU,,10,109,3,3,2,RO222
3,47015,GREBĂNU,127270,10,47006,22,3,2,RO222
3,47024,HOMEŞTI,127271,10,47006,23,3,2,RO222
3,47033,LIVADA,127272,10,47006,23,3,2,RO222
3,47042,LIVADA MICĂ,127273,10,47006,23,3,2,RO222
3,47051,PLEVNA,127274,10,47006,23,3,2,RO222
3,47060,ZĂPLAZI,127276,10,47006,23,3,2,RO222
2,47079,GURA TEGHII,,10,109,3,3,2,RO222
3,47088,GURA TEGHII,127280,10,47079,22,3,2,RO222
3,47097,FURTUNEŞTI,127281,10,47079,23,3,2,RO222
3,47104,NEMERTEA,127282,10,47079,23,3,2,RO222
3,47113,PĂLTINIŞ,127283,10,47079,23,3,2,RO222
3,47122,SECUIU,127284,10,47079,23,3,2,RO222
3,47131,VADU OII,127286,10,47079,23,3,2,RO222
3,47140,VARLAAM,127287,10,47079,23,3,2,RO222
2,47159,LARGU,,10,109,3,3,2,RO222
3,47168,LARGU,127290,10,47159,22,3,2,RO222
3,47177,SCĂRLĂTEŞTI,127291,10,47159,23,3,2,RO222
2,47186,LOPĂTARI,,10,109,3,3,2,RO222
3,47195,LOPĂTARI,127295,10,47186,22,3,2,RO222
3,47202,BREBU,127296,10,47186,23,3,2,RO222
3,47211,FUNDATA,127297,10,47186,23,3,2,RO222
3,47220,LUNCILE,127298,10,47186,23,3,2,RO222
3,47239,PESTRIŢU,127299,10,47186,23,3,2,RO222
3,47248,PLAIU NUCULUI,127301,10,47186,23,3,2,RO222
3,47257,PLOŞTINA,127302,10,47186,23,3,2,RO222
3,47266,POTECU,127303,10,47186,23,3,2,RO222
3,47275,SĂRENI,127304,10,47186,23,3,2,RO222
3,47284,TERCA,127306,10,47186,23,3,2,RO222
3,47293,VÂRTEJU,127307,10,47186,23,3,2,RO222
2,47300,LUCIU,,10,109,3,3,2,RO222
3,47319,LUCIU,127315,10,47300,22,3,2,RO222
3,47328,CARAGELE,127316,10,47300,23,3,2,RO222
2,47337,MĂGURA,,10,109,3,3,2,RO222
3,47346,MĂGURA,127320,10,47337,22,3,2,RO222
3,47355,CIUTA,127321,10,47337,23,3,2,RO222
2,47373,MĂRĂCINENI,,10,109,3,3,2,RO222
3,47382,MĂRĂCINENI,127325,10,47373,22,3,2,RO222
3,47391,CĂPĂŢÂNEŞTI,127326,10,47373,23,3,2,RO222
3,47408,POTOCENI,127327,10,47373,23,3,2,RO222
2,47417,MĂRGĂRITEŞTI,,10,109,3,3,2,RO222
3,47426,MĂRGĂRITEŞTI,127330,10,47417,22,3,2,RO222
3,47435,CÂMPULUNGEANCA,127331,10,47417,23,3,2,RO222
3,47444,FÂNTÂNELE,127332,10,47417,23,3,2,RO222
2,47630,MÂNZĂLEŞTI,,10,109,3,3,2,RO222
3,47649,MÂNZĂLEŞTI,127335,10,47630,22,3,2,RO222
3,47658,BEŞLII,127336,10,47630,23,3,2,RO222
3,47667,BUŞTEA,127337,10,47630,23,3,2,RO222
3,47676,CIREŞU,127338,10,47630,23,3,2,RO222
3,47685,GHIZDITA,127339,10,47630,23,3,2,RO222
3,47694,GURA BĂDICULUI,127341,10,47630,23,3,2,RO222
3,47701,JGHIAB,127342,10,47630,23,3,2,RO222
3,47710,PLAVĂŢU,127343,10,47630,23,3,2,RO222
3,47729,POIANA VÂLCULUI,127344,10,47630,23,3,2,RO222
3,47738,SATU VECHI,127346,10,47630,23,3,2,RO222
3,47747,TRESTIOARA,127347,10,47630,23,3,2,RO222
3,47756,VALEA COTOAREI,127348,10,47630,23,3,2,RO222
3,47765,VALEA URSULUI,127349,10,47630,23,3,2,RO222
2,47453,MEREI,,10,109,3,3,2,RO222
3,47462,MEREI,127355,10,47453,22,3,2,RO222
3,47471,CIOBĂNOAIA,127356,10,47453,23,3,2,RO222
3,47480,DEALUL VIEI,127357,10,47453,23,3,2,RO222
3,47499,DOBRILEŞTI,127358,10,47453,23,3,2,RO222
3,47505,GURA SĂRĂŢII,127359,10,47453,23,3,2,RO222
3,47514,IZVORU DULCE,127361,10,47453,23,3,2,RO222
3,47523,LIPIA,127362,10,47453,23,3,2,RO222
3,47532,NENCIULEŞTI,127363,10,47453,23,3,2,RO222
3,47541,OGRĂZILE,127364,10,47453,23,3,2,RO222
3,47550,SĂRATA-MONTEORU,127366,10,47453,23,3,2,RO222
3,47569,VALEA PUŢULUI MEREI,127367,10,47453,23,3,2,RO222
2,47578,MIHĂILEŞTI,,10,109,3,3,2,RO222
3,47587,MIHĂILEŞTI,127375,10,47578,22,3,2,RO222
3,47596,COLŢĂNENI,127376,10,47578,23,3,2,RO222
3,47612,MĂRGINEANU,127378,10,47578,23,3,2,RO222
3,47621,SATU NOU,127379,10,47578,23,3,2,RO222
2,47774,MOVILA BANULUI,,10,109,3,3,2,RO222
3,47783,MOVILA BANULUI,127380,10,47774,22,3,2,RO222
3,47792,CIORANCA,127381,10,47774,23,3,2,RO222
3,47809,LIMPEZIŞ,127382,10,47774,23,3,2,RO222
2,47818,MURGEŞTI,,10,109,3,3,2,RO222
3,47827,MURGEŞTI,127385,10,47818,22,3,2,RO222
3,47836,BATOGU,127386,10,47818,23,3,2,RO222
3,47845,VALEA RATEI,127387,10,47818,23,3,2,RO222
2,47854,NĂENI,,10,109,3,3,2,RO222
3,47863,NĂENI,127390,10,47854,22,3,2,RO222
3,47881,FÂNTÂNELE,127391,10,47854,23,3,2,RO222
3,47872,FINŢEŞTI,127392,10,47854,23,3,2,RO222
3,47890,PROŞCA,127393,10,47854,23,3,2,RO222
3,47907,VÂRF,127394,10,47854,23,3,2,RO222
2,48021,ODĂILE,,10,109,3,3,2,RO222
3,48030,ODĂILE,127395,10,48021,22,3,2,RO222
3,48049,CAPU SATULUI,127396,10,48021,23,3,2,RO222
3,48058,CORNEANU,127397,10,48021,23,3,2,RO222
3,48067,GORÂNI,127398,10,48021,23,3,2,RO222
3,48076,LACU,127399,10,48021,23,3,2,RO222
3,48085,PIATRA ALBĂ,127401,10,48021,23,3,2,RO222
3,48094,POSOBEŞTI,127402,10,48021,23,3,2,RO222
3,48101,SCOROŞEŞTI,127403,10,48021,23,3,2,RO222
3,48110,VALEA FÂNTÂNEI,127404,10,48021,23,3,2,RO222
3,48129,VALEA ŞTEFANULUI,127406,10,48021,23,3,2,RO222
2,48138,PADINA,,10,109,3,3,2,RO222
3,48147,PADINA,127410,10,48138,22,3,2,RO222
3,48156,TĂTULEŞTI,127411,10,48138,23,3,2,RO222
2,48165,PARDOŞI,,10,109,3,3,2,RO222
3,48174,PARDOŞI,127415,10,48165,22,3,2,RO222
3,48183,CHIPERU,127416,10,48165,23,3,2,RO222
3,48192,COSTOMIRU,127417,10,48165,23,3,2,RO222
3,48209,VALEA LUI LALU,127419,10,48165,23,3,2,RO222
3,48218,VALEA ŞCHIOPULUI,127418,10,48165,23,3,2,RO222
2,48227,PĂNĂTĂU,,10,109,3,3,2,RO222
3,48236,PĂNĂTĂU,127420,10,48227,22,3,2,RO222
3,48245,BEGU,127421,10,48227,23,3,2,RO222
3,48254,LACU CU ANINI,127422,10,48227,23,3,2,RO222
3,48263,MĂGURICEA,127423,10,48227,23,3,2,RO222
3,48272,PLĂIŞOR,127424,10,48227,23,3,2,RO222
3,48281,RÂPILE,127426,10,48227,23,3,2,RO222
3,48290,SIBICIU DE JOS,127427,10,48227,23,3,2,RO222
3,48307,TEGA,127428,10,48227,23,3,2,RO222
3,48316,ZAHAREŞTI,127429,10,48227,23,3,2,RO222
2,48557,PÂRSCOV,,10,109,3,3,2,RO222
3,48566,PÂRSCOV,127450,10,48557,22,3,2,RO222
3,48575,BĂDILA,127451,10,48557,23,3,2,RO222
3,48584,CURCĂNEŞTI,127452,10,48557,23,3,2,RO222
3,48593,LUNCA FRUMOASĂ,127453,10,48557,23,3,2,RO222
3,48600,OLEŞEŞTI,127454,10,48557,23,3,2,RO222
3,48619,PÂRJOLEŞTI,127456,10,48557,23,3,2,RO222
3,48628,ROBEŞTI,127457,10,48557,23,3,2,RO222
3,48637,RUNCU,127458,10,48557,23,3,2,RO222
3,48646,TÂRCOV,127459,10,48557,23,3,2,RO222
3,48655,TOCILENI,127461,10,48557,23,3,2,RO222
3,48664,TRESTIENI,127462,10,48557,23,3,2,RO222
3,48673,VALEA PURCARULUI,127463,10,48557,23,3,2,RO222
2,48487,PIETROASELE,,10,109,3,3,2,RO222
3,48496,PIETROASELE,127470,10,48487,22,3,2,RO222
3,48502,CÂLŢEŞTI,127471,10,48487,23,3,2,RO222
3,48511,CLONDIRU DE SUS,127472,10,48487,23,3,2,RO222
3,48520,DARA,127473,10,48487,23,3,2,RO222
3,48539,PIETROASA MICĂ,127474,10,48487,23,3,2,RO222
3,48548,ŞARÂNGA,127476,10,48487,23,3,2,RO222
2,48682,PODGORIA,,10,109,3,3,2,RO222
3,48691,PODGORIA,127480,10,48682,22,3,2,RO222
3,48708,COŢATCU,127481,10,48682,23,3,2,RO222
3,48717,ORATIA,127482,10,48682,23,3,2,RO222
3,48726,PLEŞEŞTI,127483,10,48682,23,3,2,RO222
3,48735,TĂBĂCARI,127484,10,48682,23,3,2,RO222
2,48771,POŞTA CÂLNĂU,,10,109,3,3,2,RO222
3,48780,POŞTA CÂLNĂU,127485,10,48771,22,3,2,RO222
3,48799,ALICENI,127486,10,48771,23,3,2,RO222
3,48806,COCONARI,127487,10,48771,23,3,2,RO222
3,48815,POTÂRNICHEŞTI,127488,10,48771,23,3,2,RO222
3,48824,SUDIŢI,127489,10,48771,23,3,2,RO222
3,48833,ZILIŞTEANCA,127491,10,48771,23,3,2,RO222
2,48842,PUIEŞTI,,10,109,3,3,2,RO222
3,48851,PUIEŞTII DE JOS,127502,10,48842,22,3,2,RO222
3,48860,DĂSCĂLEŞTI,127496,10,48842,23,3,2,RO222
3,48879,LUNCA,127497,10,48842,23,3,2,RO222
3,48888,MĂCRINA,127498,10,48842,23,3,2,RO222
3,48897,NICOLEŞTI,127499,10,48842,23,3,2,RO222
3,48904,PLOPI,127501,10,48842,23,3,2,RO222
3,48913,PUIEŞTII DE SUS,127503,10,48842,23,3,2,RO222
2,48922,RACOVIŢENI,,10,109,3,3,2,RO222
3,48931,RACOVIŢENI,127505,10,48922,22,3,2,RO222
3,48940,BUDREA,127506,10,48922,23,3,2,RO222
3,48959,PETRIŞORU,127507,10,48922,23,3,2,RO222
2,48968,RÂMNICELU,,10,109,3,3,2,RO222
3,48977,RÂMNICELU,127510,10,48968,22,3,2,RO222
3,48986,COLIBAŞI,127511,10,48968,23,3,2,RO222
3,48995,FOTIN,127512,10,48968,23,3,2,RO222
3,49000,ŞTIUBEI,127513,10,48968,23,3,2,RO222
2,49019,ROBEASCA,,10,109,3,3,2,RO222
3,49028,ROBEASCA,127515,10,49019,22,3,2,RO222
3,49037,MOŞEŞTI,127516,10,49019,23,3,2,RO222
2,49046,RUŞEŢU,,10,109,3,3,2,RO222
3,49055,RUŞEŢU,127520,10,49046,22,3,2,RO222
3,49064,SERGENT IONEL ŞTEFAN,127521,10,49046,23,3,2,RO222
2,49073,SĂGEATA,,10,109,3,3,2,RO222
3,49082,SĂGEATA,127525,10,49073,22,3,2,RO222
3,49091,BANIŢA,127526,10,49073,23,3,2,RO222
3,49108,BEILIC,127527,10,49073,23,3,2,RO222
3,49117,BORDUŞANI,127528,10,49073,23,3,2,RO222
3,49126,DÂMBROCA,127529,10,49073,23,3,2,RO222
3,49135,GĂVĂNEŞTI,127531,10,49073,23,3,2,RO222
3,49144,MOVILIŢA,127532,10,49073,23,3,2,RO222
2,49153,SĂHĂTENI,,10,109,3,3,2,RO222
3,49162,SĂHĂTENI,127535,10,49153,22,3,2,RO222
3,49171,GĂGENI,127536,10,49153,23,3,2,RO222
3,49180,ISTRIŢA DE JOS,127537,10,49153,23,3,2,RO222
3,49199,VINTILEANCA,127538,10,49153,23,3,2,RO222
2,49206,SĂPOCA,,10,109,3,3,2,RO222
3,49215,SĂPOCA,127540,10,49206,22,3,2,RO222
3,49224,MĂTEŞTI,127541,10,49206,23,3,2,RO222
2,49233,SĂRULEŞTI,,10,109,3,3,2,RO222
3,49242,SĂRULEŞTI,127545,10,49233,22,3,2,RO222
3,49251,CĂRĂTNĂU DE JOS,127546,10,49233,23,3,2,RO222
3,49260,CĂRĂTNĂU DE SUS,127547,10,49233,23,3,2,RO222
3,49279,GOICELU,127548,10,49233,23,3,2,RO222
3,49288,SĂRILE-CĂTUN,127549,10,49233,23,3,2,RO222
3,49297,VALEA LARGĂ-SĂRULEŞTI,127551,10,49233,23,3,2,RO222
3,49304,VALEA STÂNEI,127552,10,49233,23,3,2,RO222
2,49313,SCORŢOASA,,10,109,3,3,2,RO222
3,49322,SCORŢOASA,127555,10,49313,22,3,2,RO222
3,49331,BALTA TOCILA,127556,10,49313,23,3,2,RO222
3,49340,BECIU,127557,10,49313,23,3,2,RO222
3,49368,DÂLMA,127558,10,49313,23,3,2,RO222
3,49359,DELENI,127559,10,49313,23,3,2,RO222
3,49377,GOLU GRABICINA,127561,10,49313,23,3,2,RO222
3,49386,GRABICINA DE JOS,127562,10,49313,23,3,2,RO222
3,49395,GRABICINA DE SUS,127563,10,49313,23,3,2,RO222
3,49402,GURA VĂII,127564,10,49313,23,3,2,RO222
3,49411,PLOPEASA,127566,10,49313,23,3,2,RO222
3,49420,POLICIORI,127567,10,49313,23,3,2,RO222
2,49439,SCUTELNICI,,10,109,3,3,2,RO222
3,49448,SCUTELNICI,127575,10,49439,22,3,2,RO222
3,49457,ARCANU,127576,10,49439,23,3,2,RO222
3,49466,BRĂGĂREASA,127577,10,49439,23,3,2,RO222
3,49475,LIPĂNESCU,127578,10,49439,23,3,2,RO222
2,49484,SIRIU,,10,109,3,3,2,RO222
3,49493,LUNCA JARIŞTEI,127585,10,49484,22,3,2,RO222
3,49518,CAŞOCA,127581,10,49484,23,3,2,RO222
3,49509,COLŢU PIETRII,127582,10,49484,23,3,2,RO222
3,49527,GURA SIRIULUI,127583,10,49484,23,3,2,RO222
3,49536,MUŞCELUŞA,127584,10,49484,23,3,2,RO222
2,49545,SMEENI,,10,109,3,3,2,RO222
3,49554,SMEENI,127595,10,49545,22,3,2,RO222
3,49563,ALBEŞTI,127596,10,49545,23,3,2,RO222
3,49572,BĂLAIA,127597,10,49545,23,3,2,RO222
3,49581,CĂLŢUNA,127598,10,49545,23,3,2,RO222
3,49590,MOISICA,127599,10,49545,23,3,2,RO222
3,49607,UDAŢI-LUCIENI,127601,10,49545,23,3,2,RO222
3,49616,UDAŢI-MÂNZU,127602,10,49545,23,3,2,RO222
2,49625,STÂLPU,,10,109,3,3,2,RO222
3,49634,STÂLPU,127605,10,49625,22,3,2,RO222
2,49643,TISĂU,,10,109,3,3,2,RO222
3,49652,IZVORU,127616,10,49643,22,3,2,RO222
3,49661,BĂRBUNCEŞTI,127611,10,49643,23,3,2,RO222
3,49670,GRĂJDANA,127612,10,49643,23,3,2,RO222
3,49689,HALEŞ,127613,10,49643,23,3,2,RO222
3,49698,IZVORANU,127614,10,49643,23,3,2,RO222
3,49705,LEICULEŞTI,127617,10,49643,23,3,2,RO222
3,49714,PĂDURENII,127618,10,49643,23,3,2,RO222
3,49723,SALCIA,127619,10,49643,23,3,2,RO222
3,49732,STREZENI,127621,10,49643,23,3,2,RO222
3,49741,TISĂU,127610,10,49643,23,3,2,RO222
3,49750,VALEA SĂLCIILOR,127622,10,49643,23,3,2,RO222
2,49769,TOPLICENI,,10,109,3,3,2,RO222
3,49778,TOPLICENI,127630,10,49769,22,3,2,RO222
3,49787,BĂBENI,127631,10,49769,23,3,2,RO222
3,49796,CEAIRU,127632,10,49769,23,3,2,RO222
3,49803,DEDULEŞTI,127633,10,49769,23,3,2,RO222
3,49812,GURA FĂGETULUI,127634,10,49769,23,3,2,RO222
3,49821,POŞTA,127636,10,49769,23,3,2,RO222
3,49830,RĂDUCEŞTI,127637,10,49769,23,3,2,RO222
2,49849,ŢINTEŞTI,,10,109,3,3,2,RO222
3,49858,ŢINTEŞTI,127640,10,49849,22,3,2,RO222
3,49867,MAXENU,127641,10,49849,23,3,2,RO222
3,49876,ODAIA BANULUI,127642,10,49849,23,3,2,RO222
3,49885,POGONELE,127643,10,49849,23,3,2,RO222
2,49894,ULMENI,,10,109,3,3,2,RO222
3,49901,ULMENI,127645,10,49894,22,3,2,RO222
3,49910,BĂLTĂREŢI,127646,10,49894,23,3,2,RO222
3,49929,CLONDIRU,127647,10,49894,23,3,2,RO222
3,49938,SĂRATA,127648,10,49894,23,3,2,RO222
3,49947,VÂLCELE,127649,10,49894,23,3,2,RO222
2,50549,UNGURIU,,10,109,3,3,2,RO222
3,47364,UNGURIU,127322,10,50549,22,3,2,RO222
3,50556,OJASCA,127323,10,50549,23,3,2,RO222
2,49956,VADU PAŞII,,10,109,3,3,2,RO222
3,49965,VADU PAŞII,127650,10,49956,22,3,2,RO222
3,49974,BĂJANI,127651,10,49956,23,3,2,RO222
3,49983,FOCŞĂNEI,127652,10,49956,23,3,2,RO222
3,49992,GURA CÂLNĂULUI,127653,10,49956,23,3,2,RO222
3,50004,SCURTEŞTI,127654,10,49956,23,3,2,RO222
3,50013,STĂNCEŞTI,127656,10,49956,23,3,2,RO222
2,50022,VALEA RÂMNICULUI,,10,109,3,3,2,RO222
3,50031,VALEA RÂMNICULUI,127660,10,50022,22,3,2,RO222
3,50040,OREAVUL,127661,10,50022,23,3,2,RO222
3,50059,RUBLA,127662,10,50022,23,3,2,RO222
2,50068,VALEA SALCIEI,,10,109,3,3,2,RO222
3,50077,VALEA SALCIEI,127665,10,50068,22,3,2,RO222
3,50086,MODRENI,127666,10,50068,23,3,2,RO222
3,50095,VALEA SALCIEI-CĂTUN,127667,10,50068,23,3,2,RO222
2,50399,VÂLCELELE,,10,109,3,3,2,RO222
3,50406,VÂLCELELE,127670,10,50399,22,3,2,RO222
2,50102,VERNEŞTI,,10,109,3,3,2,RO222
3,50111,VERNEŞTI,127675,10,50102,22,3,2,RO222
3,50120,BRĂDEANCA,127676,10,50102,23,3,2,RO222
3,50139,CÂNDEŞTI,127677,10,50102,23,3,2,RO222
3,50148,CÂRLOMĂNEŞTI,127678,10,50102,23,3,2,RO222
3,50157,MIEREA,127679,10,50102,23,3,2,RO222
3,50166,NENCIU,127681,10,50102,23,3,2,RO222
3,50175,NIŞCOV,127682,10,50102,23,3,2,RO222
3,50184,SĂSENII NOI,127683,10,50102,23,3,2,RO222
3,50193,SĂSENII PE VALE,127686,10,50102,23,3,2,RO222
3,50200,SĂSENII VECHI,127684,10,50102,23,3,2,RO222
3,50219,ZOREŞTI,127687,10,50102,23,3,2,RO222
2,50228,VINTILĂ VODĂ,,10,109,3,3,2,RO222
3,50237,VINTILĂ VODĂ,127695,10,50228,22,3,2,RO222
3,50246,BODINEŞTI,127696,10,50228,23,3,2,RO222
3,50255,COCA-ANTIMIREŞTI,127697,10,50228,23,3,2,RO222
3,50264,COCA-NICULEŞTI,127698,10,50228,23,3,2,RO222
3,50273,NICULEŞTI,127699,10,50228,23,3,2,RO222
3,50282,PETRĂCHEŞTI,127701,10,50228,23,3,2,RO222
3,50291,PODU MUNCII,127702,10,50228,23,3,2,RO222
3,50308,SÂRBEŞTI,127703,10,50228,23,3,2,RO222
3,50317,SMEEŞTI,127704,10,50228,23,3,2,RO222
2,50326,VIPEREŞTI,,10,109,3,3,2,RO222
3,50335,VIPEREŞTI,127705,10,50326,22,3,2,RO222
3,50344,MUSCEL,127706,10,50326,23,3,2,RO222
3,50353,PĂLICI,127707,10,50326,23,3,2,RO222
3,50362,RUŞAVĂŢ,127708,10,50326,23,3,2,RO222
3,50371,TRONARI,127709,10,50326,23,3,2,RO222
3,50380,URSOAIA,127711,10,50326,23,3,2,RO222
2,50415,ZĂRNEŞTI,,10,109,3,3,2,RO222
3,50424,FUNDENI,127717,10,50415,22,3,2,RO222
3,50433,COMISOAIA,127716,10,50415,23,3,2,RO222
3,50442,PRUNENI,127718,10,50415,23,3,2,RO222
3,50451,VADU SOREŞTI,127719,10,50415,23,3,2,RO222
3,50460,ZĂRNEŞTI,127715,10,50415,23,3,2,RO222
2,50479,ZIDURI,,10,109,3,3,2,RO222
3,50488,ZIDURI,127720,10,50479,22,3,2,RO222
3,50497,COSTIENI,127721,10,50479,23,3,2,RO222
3,50503,CUCULEASA,127722,10,50479,23,3,2,RO222
3,50512,HELIADE RĂDULESCU,127723,10,50479,23,3,2,RO222
3,50521,LANURILE,127724,10,50479,23,3,2,RO222
3,50530,ZOIŢA,127726,10,50479,23,3,2,RO222
1,118,JUDEŢUL CARAŞ-SEVERIN,,11,1,40,0,5,RO422
2,50790,MUNICIPIUL REŞIŢA,,11,118,1,1,5,RO422
3,50807,REŞIŢA,320011,11,50790,9,1,5,RO422
3,50816,CÂLNIC,320001,11,50790,10,1,5,RO422
3,50825,CUPTOARE,320002,11,50790,10,1,5,RO422
3,50834,DOMAN,320003,11,50790,10,1,5,RO422
3,50861,MONIOM,320004,11,50790,11,1,5,RO422
3,50843,SECU,320005,11,50790,10,1,5,RO422
3,50852,ŢEROVA,320006,11,50790,10,1,5,RO422
2,51010,MUNICIPIUL CARANSEBEŞ,,11,118,4,1,5,RO422
3,51029,CARANSEBEŞ,325400,11,51010,9,1,5,RO422
3,51038,JUPA,325401,11,51010,11,1,5,RO422
2,50889,ORAŞ ANINA,,11,118,2,1,5,RO422
3,50898,ANINA,325100,11,50889,17,1,5,RO422
3,50905,STEIERDORF,325150,11,50889,18,1,5,RO422
2,50923,ORAŞ BĂILE HERCULANE,,11,118,2,1,5,RO422
3,50932,BĂILE HERCULANE,325200,11,50923,17,1,5,RO422
3,50941,PECINIŞCA,325201,11,50923,18,1,5,RO422
2,50969,ORAŞ BOCŞA,,11,118,2,1,5,RO422
3,50978,BOCŞA,325300,11,50969,17,1,5,RO422
2,51056,ORAŞ MOLDOVA NOUĂ,,11,118,2,1,5,RO422
3,51065,MOLDOVA NOUĂ,325500,11,51056,17,1,5,RO422
3,51074,MĂCEŞTI,325501,11,51056,18,1,5,RO422
3,51083,MOLDOVA VECHE,325550,11,51056,18,1,5,RO422
3,51092,MOLDOVIŢA,325502,11,51056,18,1,5,RO422
2,51118,ORAŞ ORAVIŢA,,11,118,2,1,5,RO422
3,51127,ORAVIŢA,325600,11,51118,17,1,5,RO422
3,51154,AGADICI,325601,11,51118,19,1,5,RO422
3,51163,BRĂDIŞORU DE JOS,325602,11,51118,19,1,5,RO422
3,51172,BROŞTENI,325603,11,51118,19,1,5,RO422
3,51136,CICLOVA MONTANĂ,325604,11,51118,18,1,5,RO422
3,51145,MARILA,325605,11,51118,18,1,5,RO422
3,51181,RĂCHITOVA,325606,11,51118,19,1,5,RO422
2,51207,ORAŞ OŢELU ROŞU,,11,118,2,1,5,RO422
3,51216,OŢELU ROŞU,325700,11,51207,17,1,5,RO422
3,51225,CIREŞA,325701,11,51207,18,1,5,RO422
3,51234,MAL,325702,11,51207,19,1,5,RO422
2,51243,ARMENIŞ,,11,118,3,3,5,RO422
3,51252,ARMENIŞ,327005,11,51243,22,3,5,RO422
3,51261,FENEŞ,327006,11,51243,23,3,5,RO422
3,51270,PLOPU,327007,11,51243,23,3,5,RO422
3,51289,SAT BĂTRÂN,327008,11,51243,23,3,5,RO422
3,51298,SUB MARGINE,327009,11,51243,23,3,5,RO422
2,51305,BĂNIA,,11,118,3,3,5,RO422
3,51314,BĂNIA,327010,11,51305,22,3,5,RO422
3,51323,GÂRBOVĂŢ,327011,11,51305,23,3,5,RO422
2,51332,BĂUŢAR,,11,118,3,3,5,RO422
3,51341,BĂUŢAR,327015,11,51332,22,3,5,RO422
3,51350,BUCOVA,327016,11,51332,23,3,5,RO422
3,51369,CORNIŞORU,327017,11,51332,23,3,5,RO422
3,51378,PREVECIORI,327018,11,51332,23,3,5,RO422
2,51387,BERLIŞTE,,11,118,3,3,5,RO422
3,51396,BERLIŞTE,327020,11,51387,22,3,5,RO422
3,51403,IAM,327021,11,51387,23,3,5,RO422
3,51412,MILCOVENI,327022,11,51387,23,3,5,RO422
3,51421,RUSOVA NOUĂ,327023,11,51387,23,3,5,RO422
3,51430,RUSOVA VECHE,327024,11,51387,23,3,5,RO422
2,51449,BERZASCA,,11,118,3,3,5,RO422
3,51458,BERZASCA,327025,11,51449,22,3,5,RO422
3,51467,BIGĂR,327026,11,51449,23,3,5,RO422
3,51476,COZLA,327027,11,51449,23,3,5,RO422
3,51485,DRENCOVA,327028,11,51449,23,3,5,RO422
3,51494,LIUBCOVA,327029,11,51449,23,3,5,RO422
2,51500,BERZOVIA,,11,118,3,3,5,RO422
3,51519,BERZOVIA,327030,11,51500,22,3,5,RO422
3,51528,FIZEŞ,327031,11,51500,23,3,5,RO422
3,51537,GHERTENIŞ,327032,11,51500,23,3,5,RO422
2,51546,BOLVAŞNIŢA,,11,118,3,3,5,RO422
3,51555,BOLVAŞNIŢA,327035,11,51546,22,3,5,RO422
3,51564,VÂRCIOROVA,327036,11,51546,23,3,5,RO422
2,51573,BOZOVICI,,11,118,3,3,5,RO422
3,51582,BOZOVICI,327040,11,51573,22,3,5,RO422
3,51591,PONEASCA,327041,11,51573,23,3,5,RO422
3,51608,PRILIPEŢ,327042,11,51573,23,3,5,RO422
3,51617,VALEA MINIŞULUI,327043,11,51573,23,3,5,RO422
2,51626,BREBU,,11,118,3,3,5,RO422
3,51635,BREBU,327045,11,51626,22,3,5,RO422
3,51644,APADIA,327046,11,51626,23,3,5,RO422
3,51653,VALEADENI,327047,11,51626,23,3,5,RO422
2,51662,BREBU NOU,,11,118,3,3,5,RO422
3,51671,BREBU NOU,327050,11,51662,22,3,5,RO422
3,51680,GĂRÂNA,327051,11,51662,23,3,5,RO422
2,51699,BUCHIN,,11,118,3,3,5,RO422
3,51706,BUCHIN,327055,11,51699,22,3,5,RO422
3,51715,LINDENFELD,327056,11,51699,23,3,5,RO422
3,51724,POIANA,327057,11,51699,23,3,5,RO422
3,51733,PRISIAN,327058,11,51699,23,3,5,RO422
3,51742,VALEA TIMIŞULUI,327059,11,51699,23,3,5,RO422
2,51751,BUCOŞNIŢA,,11,118,3,3,5,RO422
3,51760,BUCOŞNIŢA,327060,11,51751,22,3,5,RO422
3,51779,GOLEŢ,327061,11,51751,23,3,5,RO422
3,51788,PETROŞNIŢA,327062,11,51751,23,3,5,RO422
3,51797,VĂLIŞOARA,327063,11,51751,23,3,5,RO422
2,51804,CARAŞOVA,,11,118,3,3,5,RO422
3,51813,CARAŞOVA,327065,11,51804,22,3,5,RO422
3,51822,IABALCEA,327066,11,51804,23,3,5,RO422
3,51831,NERMED,327067,11,51804,23,3,5,RO422
2,51840,CĂRBUNARI,,11,118,3,3,5,RO422
3,51859,CĂRBUNARI,327070,11,51840,22,3,5,RO422
3,51868,ŞTINĂPARI,327071,11,51840,23,3,5,RO422
2,51948,CICLOVA ROMÂNĂ,,11,118,3,3,5,RO422
3,51957,CICLOVA ROMÂNĂ,327075,11,51948,22,3,5,RO422
3,51966,ILIDIA,327076,11,51948,23,3,5,RO422
3,51975,SOCOLARI,327077,11,51948,23,3,5,RO422
2,51984,CIUCHICI,,11,118,3,3,5,RO422
3,51993,CIUCHICI,327080,11,51984,22,3,5,RO422
3,52008,MACOVIŞTE,327081,11,51984,23,3,5,RO422
3,52017,NICOLINŢ,327082,11,51984,23,3,5,RO422
3,52026,PETRILOVA,327083,11,51984,23,3,5,RO422
2,52035,CIUDANOVIŢA,,11,118,3,3,5,RO422
3,52044,CIUDANOVIŢA,327085,11,52035,22,3,5,RO422
3,52053,JITIN,327086,11,52035,23,3,5,RO422
2,51877,CONSTANTIN DAICOVICIU,,11,118,3,3,5,RO422
3,51886,CĂVĂRAN,327091,11,51877,22,3,5,RO422
3,51895,MACIOVA,327092,11,51877,23,3,5,RO422
3,51902,MÂTNICU MARE,327093,11,51877,23,3,5,RO422
3,51911,PEŞTERE,327094,11,51877,23,3,5,RO422
3,51920,PRISACA,327096,11,51877,23,3,5,RO422
3,51939,ZĂGUJENI,327097,11,51877,23,3,5,RO422
2,52062,COPĂCELE,,11,118,3,3,5,RO422
3,52071,COPĂCELE,327100,11,52062,22,3,5,RO422
3,52080,OHABA-MÂTNIC,327101,11,52062,23,3,5,RO422
3,52099,RUGINOSU,327102,11,52062,23,3,5,RO422
3,52106,ZORILE,327103,11,52062,23,3,5,RO422
2,52115,CORNEA,,11,118,3,3,5,RO422
3,52124,CORNEA,327105,11,52115,22,3,5,RO422
3,52133,CRUŞOVĂŢ,327106,11,52115,23,3,5,RO422
3,52142,CUPTOARE,327107,11,52115,23,3,5,RO422
3,52151,MACOVIŞTE,327108,11,52115,23,3,5,RO422
2,52160,CORNEREVA,,11,118,3,3,5,RO422
3,52179,CORNEREVA,327110,11,52160,22,3,5,RO422
3,52188,ARSURI,327111,11,52160,23,3,5,RO422
3,52197,BOGÂLTIN,327112,11,52160,23,3,5,RO422
3,52204,BOJIA,327113,11,52160,23,3,5,RO422
3,52213,BORUGI,327114,11,52160,23,3,5,RO422
3,52222,CAMENA,327116,11,52160,23,3,5,RO422
3,52231,CIREŞEL,327117,11,52160,23,3,5,RO422
3,52240,COSTIŞ,327118,11,52160,23,3,5,RO422
3,52259,COZIA,327119,11,52160,23,3,5,RO422
3,52268,CRACU MARE,327121,11,52160,23,3,5,RO422
3,52277,CRACU TEIULUI,327122,11,52160,23,3,5,RO422
3,52286,DOBRAIA,327123,11,52160,23,3,5,RO422
3,52295,DOLINA,327124,11,52160,23,3,5,RO422
3,52302,GRUNI,327126,11,52160,23,3,5,RO422
3,52311,HORA MARE,327127,11,52160,23,3,5,RO422
3,52320,HORA MICĂ,327128,11,52160,23,3,5,RO422
3,52339,INELEŢ,327129,11,52160,23,3,5,RO422
3,52348,IZVOR,327131,11,52160,23,3,5,RO422
3,52357,LUNCA FLORII,327132,11,52160,23,3,5,RO422
3,52366,LUNCA ZAICII,327133,11,52160,23,3,5,RO422
3,52375,MESTEACĂN,327134,11,52160,23,3,5,RO422
3,52384,NEGIUDIN,327136,11,52160,23,3,5,RO422
3,52393,OBIŢA,327137,11,52160,23,3,5,RO422
3,52419,POGARA,327138,11,52160,23,3,5,RO422
3,52400,POGARA DE SUS,327139,11,52160,23,3,5,RO422
3,52428,POIANA LUNGĂ,327141,11,52160,23,3,5,RO422
3,52437,PRISACINA,327142,11,52160,23,3,5,RO422
3,52446,PRISLOP,327143,11,52160,23,3,5,RO422
3,52455,RUŞTIN,327144,11,52160,23,3,5,RO422
3,52464,SCĂRIŞOARA,327146,11,52160,23,3,5,RO422
3,52473,STRUGASCA,327147,11,52160,23,3,5,RO422
3,52482,STUDENA,327148,11,52160,23,3,5,RO422
3,52491,SUB CRÂNG,327149,11,52160,23,3,5,RO422
3,52507,SUB PLAI,327151,11,52160,23,3,5,RO422
3,52516,TOPLA,327152,11,52160,23,3,5,RO422
3,52525,ŢAŢU,327153,11,52160,23,3,5,RO422
3,52534,ZĂNOGI,327154,11,52160,23,3,5,RO422
3,52543,ZBEGU,327156,11,52160,23,3,5,RO422
3,52552,ZMOGOTIN,327157,11,52160,23,3,5,RO422
3,52561,ZOINA,327158,11,52160,23,3,5,RO422
2,53489,CORONINI,,11,118,3,3,5,RO422
3,53498,CORONINI,327160,11,53489,22,3,5,RO422
3,53504,SFÂNTA ELENA,327161,11,53489,23,3,5,RO422
2,52570,DALBOŞEŢ,,11,118,3,3,5,RO422
3,52589,DALBOŞEŢ,327165,11,52570,22,3,5,RO422
3,52598,BÂRZ,327166,11,52570,23,3,5,RO422
3,52605,BOINA,327167,11,52570,23,3,5,RO422
3,52614,BOINIŢA,327168,11,52570,23,3,5,RO422
3,52623,PRISLOP,327169,11,52570,23,3,5,RO422
3,52632,REŞIŢA MICĂ,327171,11,52570,23,3,5,RO422
3,52641,ŞOPOTU VECHI,327172,11,52570,23,3,5,RO422
2,52650,DOCLIN,,11,118,3,3,5,RO422
3,52669,DOCLIN,327175,11,52650,22,3,5,RO422
3,52678,BINIŞ,327176,11,52650,23,3,5,RO422
3,52687,TIROL,327177,11,52650,23,3,5,RO422
2,52696,DOGNECEA,,11,118,3,3,5,RO422
3,52703,DOGNECEA,327180,11,52696,22,3,5,RO422
3,52712,CALINA,327181,11,52696,23,3,5,RO422
2,52721,DOMAŞNEA,,11,118,3,3,5,RO422
3,52730,DOMAŞNEA,327185,11,52721,22,3,5,RO422
3,52749,CĂNICEA,327186,11,52721,23,3,5,RO422
2,53700,EFTIMIE MURGU,,11,118,3,3,5,RO422
3,53719,EFTIMIE MURGU,327190,11,53700,22,3,5,RO422
2,52758,EZERIŞ,,11,118,3,3,5,RO422
3,52767,EZERIŞ,327195,11,52758,22,3,5,RO422
3,52776,SOCENI,327196,11,52758,23,3,5,RO422
2,52785,FÂRLIUG,,11,118,3,3,5,RO422
3,52794,FÂRLIUG,327200,11,52785,22,3,5,RO422
3,52801,DEZEŞTI,327201,11,52785,23,3,5,RO422
3,52810,DULEU,327202,11,52785,23,3,5,RO422
3,52829,REMETEA-POGĂNICI,327203,11,52785,23,3,5,RO422
3,52838,SCĂIUŞ,327204,11,52785,23,3,5,RO422
3,52847,VALEA MARE,327206,11,52785,23,3,5,RO422
2,52856,FOROTIC,,11,118,3,3,5,RO422
3,52865,FOROTIC,327210,11,52856,22,3,5,RO422
3,52874,BREZON,327211,11,52856,23,3,5,RO422
3,52883,COMORÂŞTE,327212,11,52856,23,3,5,RO422
3,52892,SURDUCU MARE,327213,11,52856,23,3,5,RO422
2,52909,GÂRNIC,,11,118,3,3,5,RO422
3,52918,GÂRNIC,327215,11,52909,22,3,5,RO422
3,52927,PADINA MATEI,327216,11,52909,23,3,5,RO422
2,52936,GLIMBOCA,,11,118,3,3,5,RO422
3,52945,GLIMBOCA,327220,11,52936,22,3,5,RO422
2,52954,GORUIA,,11,118,3,3,5,RO422
3,52963,GORUIA,327225,11,52954,22,3,5,RO422
3,52981,GÂRLIŞTE,327226,11,52954,23,3,5,RO422
3,52972,GIURGIOVA,327227,11,52954,23,3,5,RO422
2,52990,GRĂDINARI,,11,118,3,3,5,RO422
3,53005,GRĂDINARI,327230,11,52990,22,3,5,RO422
3,53014,GREONI,327231,11,52990,23,3,5,RO422
2,53023,IABLANIŢA,,11,118,3,3,5,RO422
3,53032,IABLANIŢA,327235,11,53023,22,3,5,RO422
3,53041,GLOBU CRAIOVEI,327236,11,53023,23,3,5,RO422
3,53050,PETNIC,327237,11,53023,23,3,5,RO422
2,53069,LĂPUŞNICEL,,11,118,3,3,5,RO422
3,53078,LĂPUŞNICEL,327240,11,53069,22,3,5,RO422
3,53087,PÂRVOVA,327241,11,53069,23,3,5,RO422
3,53096,ŞUMIŢA,327242,11,53069,23,3,5,RO422
2,53103,LĂPUŞNICU MARE,,11,118,3,3,5,RO422
3,53112,LĂPUŞNICU MARE,327245,11,53103,22,3,5,RO422
3,53121,MOCERIŞ,327246,11,53103,23,3,5,RO422
2,53130,LUNCAVIŢA,,11,118,3,3,5,RO422
3,53149,LUNCAVIŢA,327250,11,53130,22,3,5,RO422
3,53158,VERENDIN,327251,11,53130,23,3,5,RO422
2,53167,LUPAC,,11,118,3,3,5,RO422
3,53176,LUPAC,327255,11,53167,22,3,5,RO422
3,53185,CLOCOTICI,327256,11,53167,23,3,5,RO422
3,53194,RAFNIC,327257,11,53167,23,3,5,RO422
3,53201,VODNIC,327258,11,53167,23,3,5,RO422
2,53210,MARGA,,11,118,3,3,5,RO422
3,53229,MARGA,327260,11,53210,22,3,5,RO422
3,53238,VAMA MARGA,327261,11,53210,23,3,5,RO422
2,53247,MĂURENI,,11,118,3,3,5,RO422
3,53256,MĂURENI,327265,11,53247,22,3,5,RO422
3,53265,ŞOŞDEA,327266,11,53247,23,3,5,RO422
2,53274,MEHADIA,,11,118,3,3,5,RO422
3,53283,MEHADIA,327270,11,53274,22,3,5,RO422
3,53292,GLOBURĂU,327271,11,53274,23,3,5,RO422
3,53309,PLUGOVA,327272,11,53274,23,3,5,RO422
3,53318,VALEA BOLVAŞNIŢA,327273,11,53274,23,3,5,RO422
2,53327,MEHADICA,,11,118,3,3,5,RO422
3,53336,MEHADICA,327275,11,53327,22,3,5,RO422
2,53345,NAIDĂŞ,,11,118,3,3,5,RO422
3,53354,NAIDĂŞ,327280,11,53345,22,3,5,RO422
3,53363,LESCOVIŢA,327281,11,53345,23,3,5,RO422
2,53372,OBREJA,,11,118,3,3,5,RO422
3,53381,OBREJA,327285,11,53372,22,3,5,RO422
3,53390,CIUTA,327286,11,53372,23,3,5,RO422
3,53407,IAZ,327287,11,53372,23,3,5,RO422
3,53416,VAR,327288,11,53372,23,3,5,RO422
2,50987,OCNA DE FIER,,11,118,3,3,5,RO422
3,50996,OCNA DE FIER,327290,11,50987,22,3,5,RO422
2,53425,PĂLTINIŞ,,11,118,3,3,5,RO422
3,53434,PĂLTINIŞ,327295,11,53425,22,3,5,RO422
3,53443,CORNUŢEL,327296,11,53425,23,3,5,RO422
3,53452,DELINEŞTI,327297,11,53425,23,3,5,RO422
3,53461,OHABIŢA,327298,11,53425,23,3,5,RO422
3,53470,RUGI,327299,11,53425,23,3,5,RO422
2,53513,POJEJENA,,11,118,3,3,5,RO422
3,53522,POJEJENA,327300,11,53513,22,3,5,RO422
3,53531,BELOBREŞCA,327301,11,53513,23,3,5,RO422
3,53540,DIVICI,327302,11,53513,23,3,5,RO422
3,53559,RADIMNA,327303,11,53513,23,3,5,RO422
3,53568,ŞUŞCA,327304,11,53513,23,3,5,RO422
2,53577,PRIGOR,,11,118,3,3,5,RO422
3,53586,PRIGOR,327305,11,53577,22,3,5,RO422
3,53595,BORLOVENII NOI,327306,11,53577,23,3,5,RO422
3,53602,BORLOVENII VECHI,327307,11,53577,23,3,5,RO422
3,53611,PĂTAŞ,327308,11,53577,23,3,5,RO422
3,53620,PUTNA,327309,11,53577,23,3,5,RO422
2,53639,RAMNA,,11,118,3,3,5,RO422
3,53648,RAMNA,327310,11,53639,22,3,5,RO422
3,53657,BĂRBOSU,327311,11,53639,23,3,5,RO422
3,53666,VALEAPAI,327312,11,53639,23,3,5,RO422
2,53675,RĂCĂŞDIA,,11,118,3,3,5,RO422
3,53684,RĂCĂŞDIA,327315,11,53675,22,3,5,RO422
3,53693,VRĂNIUŢ,327316,11,53675,23,3,5,RO422
2,53728,RUSCA MONTANĂ,,11,118,3,3,5,RO422
3,53737,RUSCA MONTANĂ,327320,11,53728,22,3,5,RO422
3,53746,RUŞCHIŢA,327321,11,53728,23,3,5,RO422
2,53755,SACU,,11,118,3,3,5,RO422
3,53764,SACU,327325,11,53755,22,3,5,RO422
3,53773,SĂLBĂGELU NOU,327326,11,53755,23,3,5,RO422
3,53782,TINCOVA,327327,11,53755,23,3,5,RO422
2,53791,SASCA MONTANĂ,,11,118,3,3,5,RO422
3,53808,SASCA MONTANĂ,327330,11,53791,22,3,5,RO422
3,53817,BOGODINŢ,327331,11,53791,23,3,5,RO422
3,53826,POTOC,327332,11,53791,23,3,5,RO422
3,53835,SASCA ROMÂNĂ,327333,11,53791,23,3,5,RO422
3,53844,SLATINA-NERA,327334,11,53791,23,3,5,RO422
2,53853,SICHEVIŢA,,11,118,3,3,5,RO422
3,53862,SICHEVIŢA,327335,11,53853,22,3,5,RO422
3,53871,BRESTELNIC,327336,11,53853,23,3,5,RO422
3,53880,CAMENIŢA,327337,11,53853,23,3,5,RO422
3,53899,CÂRŞIE,327338,11,53853,23,3,5,RO422
3,53906,CRACU ALMĂJ,327339,11,53853,23,3,5,RO422
3,53915,CRUŞOVIŢA,327341,11,53853,23,3,5,RO422
3,53924,CURMĂTURA,327342,11,53853,23,3,5,RO422
3,53933,FRĂSINIŞ,327343,11,53853,23,3,5,RO422
3,53942,GORNEA,327344,11,53853,23,3,5,RO422
3,53951,LIBORAJDEA,327346,11,53853,23,3,5,RO422
3,53960,LUCACEVĂŢ,327347,11,53853,23,3,5,RO422
3,53979,MARTINOVĂŢ,327348,11,53853,23,3,5,RO422
3,53988,OGAŞU PODULUI,327349,11,53853,23,3,5,RO422
3,53997,STRENEAC,327351,11,53853,23,3,5,RO422
3,54001,VALEA OREVIŢA,327352,11,53853,23,3,5,RO422
3,54010,VALEA RAVENSCA,327353,11,53853,23,3,5,RO422
3,54029,VALEA SICHEVIŢEI,327354,11,53853,23,3,5,RO422
3,54038,ZĂNOU,327356,11,53853,23,3,5,RO422
3,54047,ZĂSLOANE,327357,11,53853,23,3,5,RO422
2,54056,SLATINA-TIMIŞ,,11,118,3,3,5,RO422
3,54065,SLATINA-TIMIŞ,327360,11,54056,22,3,5,RO422
3,54074,ILOVA,327361,11,54056,23,3,5,RO422
3,54083,SADOVA NOUĂ,327362,11,54056,23,3,5,RO422
3,54092,SADOVA VECHE,327363,11,54056,23,3,5,RO422
2,54109,SOCOL,,11,118,3,3,5,RO422
3,54118,SOCOL,327365,11,54109,22,3,5,RO422
3,54127,BAZIAŞ,327366,11,54109,23,3,5,RO422
3,54136,CÂMPIA,327367,11,54109,23,3,5,RO422
3,54145,PÂRNEAURA,327368,11,54109,23,3,5,RO422
3,54154,ZLATIŢA,327445,11,54109,23,3,5,RO422
2,54163,ŞOPOTU NOU,,11,118,3,3,5,RO422
3,54172,ŞOPOTU NOU,327370,11,54163,22,3,5,RO422
3,54181,CÂRŞA ROŞIE,327371,11,54163,23,3,5,RO422
3,54190,DRIŞTIE,327372,11,54163,23,3,5,RO422
3,54207,POIENILE BOINEI,327373,11,54163,23,3,5,RO422
3,54216,RAVENSCA,327374,11,54163,23,3,5,RO422
3,54225,RĂCHITA,327376,11,54163,23,3,5,RO422
3,54234,STĂNCILOVA,327377,11,54163,23,3,5,RO422
3,54243,URCU,327378,11,54163,23,3,5,RO422
3,54252,VALEA RĂCHITEI,327379,11,54163,23,3,5,RO422
3,54261,VALEA ROŞIE,327381,11,54163,23,3,5,RO422
2,54350,TÂRNOVA,,11,118,3,3,5,RO422
3,54369,TÂRNOVA,327385,11,54350,22,3,5,RO422
3,54378,BRATOVA,327386,11,54350,23,3,5,RO422
2,54270,TEREGOVA,,11,118,3,3,5,RO422
3,54289,TEREGOVA,327390,11,54270,22,3,5,RO422
3,54298,RUSCA,327391,11,54270,23,3,5,RO422
2,54305,TICVANIU MARE,,11,118,3,3,5,RO422
3,54314,TICVANIU MARE,327395,11,54305,22,3,5,RO422
3,54323,CÂRNECEA,327396,11,54305,23,3,5,RO422
3,54332,SECĂŞENI,327397,11,54305,23,3,5,RO422
3,54341,TICVANIU MIC,327398,11,54305,23,3,5,RO422
2,54387,TOPLEŢ,,11,118,3,3,5,RO422
3,54396,TOPLEŢ,327400,11,54387,22,3,5,RO422
3,54403,BÂRZA,327401,11,54387,23,3,5,RO422
2,54412,TURNU RUIENI,,11,118,3,3,5,RO422
3,54421,TURNU RUIENI,327405,11,54412,22,3,5,RO422
3,54430,BORLOVA,327406,11,54412,23,3,5,RO422
3,54449,CICLENI,327407,11,54412,23,3,5,RO422
3,54458,DALCI,327408,11,54412,23,3,5,RO422
3,54467,ZERVEŞTI,327409,11,54412,23,3,5,RO422
3,54476,ZLAGNA,327411,11,54412,23,3,5,RO422
2,54485,VĂLIUG,,11,118,3,3,5,RO422
3,54494,VĂLIUG,327415,11,54485,22,3,5,RO422
2,54500,VĂRĂDIA,,11,118,3,3,5,RO422
3,54519,VĂRĂDIA,327420,11,54500,22,3,5,RO422
3,54528,MERCINA,327421,11,54500,23,3,5,RO422
2,54537,VERMEŞ,,11,118,3,3,5,RO422
3,54546,VERMEŞ,327425,11,54537,22,3,5,RO422
3,54555,ERSIG,327426,11,54537,23,3,5,RO422
3,54564,IZGAR,327427,11,54537,23,3,5,RO422
2,54573,VRANI,,11,118,3,3,5,RO422
3,54582,VRANI,327430,11,54573,22,3,5,RO422
3,54591,CIORTEA,327431,11,54573,23,3,5,RO422
3,54608,IERTOF,327432,11,54573,23,3,5,RO422
2,54617,ZĂVOI,,11,118,3,3,5,RO422
3,54626,ZĂVOI,327435,11,54617,22,3,5,RO422
3,54680,23 AUGUST,327436,11,54617,23,3,5,RO422
3,54635,MĂGURA,327437,11,54617,23,3,5,RO422
3,54644,MĂRU,327438,11,54617,23,3,5,RO422
3,54653,POIANA MĂRULUI,327439,11,54617,23,3,5,RO422
3,54662,VALEA BISTREI,327441,11,54617,23,3,5,RO422
3,54671,VOISLOVA,327442,11,54617,23,3,5,RO422
2,54699,ZORLENŢU MARE,,11,118,3,3,5,RO422
3,54706,ZORLENŢU MARE,327450,11,54699,22,3,5,RO422
3,54715,ZORLENCIOR,327451,11,54699,23,3,5,RO422
1,519,JUDEŢUL CĂLĂRAŞI,,51,1,40,0,3,RO312
2,92569,MUNICIPIUL CĂLĂRAŞI,,51,519,1,1,3,RO312
3,92578,CĂLĂRAŞI,910001,51,92569,9,1,3,RO312
2,100610,MUNICIPIUL OLTENIŢA,,51,519,4,1,3,RO312
3,100629,OLTENIŢA,915400,51,100610,9,1,3,RO312
2,101458,ORAŞ BUDEŞTI,,51,519,2,1,3,RO312
3,101467,BUDEŞTI,915100,51,101458,17,1,3,RO312
3,101476,APROZI,915101,51,101458,19,1,3,RO312
3,101485,BUCIUMENI,915102,51,101458,19,1,3,RO312
3,101500,GRUIU,915104,51,101458,19,1,3,RO312
2,103032,ORAŞ FUNDULEA,,51,519,2,1,3,RO312
3,103041,FUNDULEA,915200,51,103032,17,1,3,RO312
3,103050,ALEXANDRU I.CUZA,915201,51,103032,19,1,3,RO312
3,103078,GOSTILELE,915202,51,103032,19,1,3,RO312
2,93888,ORAŞ LEHLIU-GARĂ,,51,519,2,1,3,RO312
3,93897,LEHLIU-GARĂ,915300,51,93888,17,1,3,RO312
3,93904,BUZOENI,915301,51,93888,19,1,3,RO312
3,93913,RĂZVANI,915302,51,93888,19,1,3,RO312
3,93922,VALEA SEACĂ,915303,51,93888,19,1,3,RO312
2,94125,ALEXANDRU ODOBESCU,,51,519,3,3,3,RO312
3,94134,NICOLAE BĂLCESCU,917007,51,94125,22,3,3,RO312
3,94143,ALEXANDRU ODOBESCU,917005,51,94125,23,3,3,RO312
3,94152,GĂLĂŢUI,917006,51,94125,23,3,3,RO312
2,101083,BELCIUGATELE,,51,519,3,3,3,RO312
3,101092,BELCIUGATELE,917010,51,101083,22,3,3,RO312
3,101109,CÂNDEASCA,917011,51,101083,23,3,3,RO312
3,101118,COJEŞTI,917012,51,101083,23,3,3,RO312
3,101127,MATARAUA,917013,51,101083,23,3,3,RO312
3,101136,MĂRIUŢA,917014,51,101083,23,3,3,RO312
2,92961,BORCEA,,51,519,3,3,3,RO312
3,92970,BORCEA,917015,51,92961,22,3,3,RO312
2,101724,CĂSCIOARELE,,51,519,3,3,3,RO312
3,101733,CĂSCIOARELE,917020,51,101724,22,3,3,RO312
2,101804,CHIRNOGI,,51,519,3,3,3,RO312
3,101813,CHIRNOGI,917025,51,101804,22,3,3,RO312
2,101822,CHISELET,,51,519,3,3,3,RO312
3,101831,CHISELET,917030,51,101822,22,3,3,RO312
2,93085,CIOCĂNEŞTI,,51,519,3,3,3,RO312
3,93094,CIOCĂNEŞTI,917035,51,93085,22,3,3,RO312
2,180055,CRIVĂŢ,,51,519,3,3,3,RO312
3,101494,CRIVĂŢ,915103,51,180055,22,3,3,RO312
2,102419,CURCANI,,51,519,3,3,3,RO312
3,102428,CURCANI,917040,51,102419,22,3,3,RO312
3,102437,SĂLCIOARA,917041,51,102419,23,3,3,RO312
2,93281,CUZA VODA,,51,519,3,3,3,RO312
3,93290,CEACU,917047,51,93281,22,3,3,RO312
3,93307,CĂLĂRAŞII VECHI,917046,51,93281,23,3,3,RO312
3,93316,CUZA VODĂ,917045,51,93281,23,3,3,RO312
2,93325,DICHISENI,,51,519,3,3,3,RO312
3,93334,DICHISENI,917050,51,93325,22,3,3,RO312
3,93343,COSLOGENI,917051,51,93325,23,3,3,RO312
3,93352,LIBERTATEA,917052,51,93325,23,3,3,RO312
3,93361,SATNOENI,917053,51,93325,23,3,3,RO312
2,93370,DOR MĂRUNT,,51,519,3,3,3,RO312
3,93389,DOR MĂRUNT,917055,51,93370,22,3,3,RO312
3,93398,DÂLGA,917056,51,93370,23,3,3,RO312
3,93405,DÂLGA-GARĂ,917057,51,93370,23,3,3,RO312
3,93414,ÎNFRĂŢIREA,917058,51,93370,23,3,3,RO312
3,93423,OGORU,917059,51,93370,23,3,3,RO312
3,93432,PELINU,917061,51,93370,23,3,3,RO312
2,93441,DOROBANŢU,,51,519,3,3,3,RO312
3,93450,DOROBANŢU,917065,51,93441,22,3,3,RO312
3,93469,BOŞNEAGU,917066,51,93441,23,3,3,RO312
3,93478,VĂRĂŞTI,917067,51,93441,23,3,3,RO312
2,93487,DRAGALINA,,51,519,3,3,3,RO312
3,93496,DRAGALINA,917080,51,93487,22,3,3,RO312
3,93502,CONSTANTIN BRÂNCOVEANU,917082,51,93487,23,3,3,RO312
3,93511,DRAJNA NOUĂ,917083,51,93487,23,3,3,RO312
2,93539,DRAGOŞ VODĂ,,51,519,3,3,3,RO312
3,93548,DRAGOŞ VODĂ,917085,51,93539,22,3,3,RO312
3,93557,BOGDANA,917086,51,93539,23,3,3,RO312
3,93566,SOCOALELE,917087,51,93539,23,3,3,RO312
2,102838,FRĂSINET,,51,519,3,3,3,RO312
3,102847,FRĂSINET,917090,51,102838,22,3,3,RO312
3,102856,CURĂTEŞTI,917091,51,102838,23,3,3,RO312
3,102865,DĂNEŞTI,917092,51,102838,23,3,3,RO312
3,102874,FRĂSINETU DE JOS,917093,51,102838,23,3,3,RO312
3,102883,LUPTĂTORI,917094,51,102838,23,3,3,RO312
3,102892,TĂRICENI,917096,51,102838,23,3,3,RO312
2,102945,FRUMUŞANI,,51,519,3,3,3,RO312
3,102954,FRUMUŞANI,917100,51,102945,22,3,3,RO312
3,102963,ORĂŞTI,917101,51,102945,23,3,3,RO312
3,102972,PASĂREA,917102,51,102945,23,3,3,RO312
3,102981,PĂDURIŞU,917103,51,102945,23,3,3,RO312
3,102990,PIŢIGAIA,917104,51,102945,23,3,3,RO312
3,103005,POSTĂVARI,917106,51,102945,23,3,3,RO312
2,103014,FUNDENI,,51,519,3,3,3,RO312
3,103023,FUNDENI,917110,51,103014,22,3,3,RO312
2,179962,GĂLBINAŞI,,51,519,3,3,3,RO312
3,105847,GĂLBINAŞI,917285,51,179962,22,3,3,RO312
2,93664,GRĂDIŞTEA,,51,519,3,3,3,RO312
3,93673,GRĂDIŞTEA,917115,51,93664,22,3,3,RO312
3,93682,BOGATA,917116,51,93664,23,3,3,RO312
3,93691,CUNEŞTI,917117,51,93664,23,3,3,RO312
3,93708,RASA,917118,51,93664,23,3,3,RO312
2,103568,GURBĂNEŞTI,,51,519,3,3,3,RO312
3,103577,GURBĂNEŞTI,917120,51,103568,22,3,3,RO312
3,103586,CODRENI,917121,51,103568,23,3,3,RO312
3,103595,COŢOFANCA,917122,51,103568,23,3,3,RO312
3,103602,PREASNA,917123,51,103568,23,3,3,RO312
3,103611,PREASNA VECHE,917124,51,103568,23,3,3,RO312
3,103620,VALEA PRESNEI,917126,51,103568,23,3,3,RO312
2,103764,ILEANA,,51,519,3,3,3,RO312
3,103773,ILEANA,917130,51,103764,22,3,3,RO312
3,103782,ARŢARI,917131,51,103764,23,3,3,RO312
3,103791,FLORICA,917132,51,103764,23,3,3,RO312
3,103808,PODARI,917133,51,103764,23,3,3,RO312
3,103817,RĂSURILE,917134,51,103764,23,3,3,RO312
3,103826,RĂZOARELE,917136,51,103764,23,3,3,RO312
3,103835,SATU NOU,917137,51,103764,23,3,3,RO312
3,103844,ŞTEFĂNEŞTI,917138,51,103764,23,3,3,RO312
3,103853,VLĂICULEŞTI,917139,51,103764,23,3,3,RO312
2,93771,INDEPENDENŢA,,51,519,3,3,3,RO312
3,93780,INDEPENDENŢA,917140,51,93771,22,3,3,RO312
3,93799,POTCOAVA,917141,51,93771,23,3,3,RO312
3,93806,VIŞINII,917142,51,93771,23,3,3,RO312
2,93815,JEGĂLIA,,51,519,3,3,3,RO312
3,93824,JEGĂLIA,917145,51,93815,22,3,3,RO312
3,93833,GÂLDĂU,917146,51,93815,23,3,3,RO312
3,93842,IEZERU,917147,51,93815,23,3,3,RO312
2,93851,LEHLIU,,51,519,3,3,3,RO312
3,93860,LEHLIU,917150,51,93851,22,3,3,RO312
3,93879,SĂPUNARI,917151,51,93851,23,3,3,RO312
2,104083,LUICA,,51,519,3,3,3,RO312
3,104092,LUICA,917155,51,104083,22,3,3,RO312
3,104109,VALEA STÂNII,917156,51,104083,23,3,3,RO312
2,93931,LUPŞANU,,51,519,3,3,3,RO312
3,93940,LUPŞANU,917160,51,93931,22,3,3,RO312
3,93959,NUCETU,917161,51,93931,23,3,3,RO312
3,93968,PLEVNA,917162,51,93931,23,3,3,RO312
3,93977,RADU VODĂ,917165,51,93931,23,3,3,RO312
3,93986,VALEA RUSULUI,917163,51,93931,23,3,3,RO312
2,104181,MÂNĂSTIREA,,51,519,3,3,3,RO312
3,104190,MÂNĂSTIREA,917170,51,104181,22,3,3,RO312
3,104207,COCONI,917171,51,104181,23,3,3,RO312
3,104216,SULTANA,917172,51,104181,23,3,3,RO312
2,100638,MITRENI,,51,519,3,3,3,RO312
3,100647,MITRENI,917175,51,100638,22,3,3,RO312
3,100656,CLĂTEŞTI,917176,51,100638,23,3,3,RO312
3,100665,VALEA ROŞIE,917177,51,100638,23,3,3,RO312
2,92587,MODELU,,51,519,3,3,3,RO312
3,92596,MODELU,917180,51,92587,22,3,3,RO312
3,92612,RADU NEGRU,917181,51,92587,23,3,3,RO312
3,92621,STOENEŞTI,917182,51,92587,23,3,3,RO312
3,92630,TONEA,917183,51,92587,23,3,3,RO312
2,104323,NANA,,51,519,3,3,3,RO312
3,104332,NANA,917185,51,104323,22,3,3,RO312
2,104341,NICOLAE BĂLCESCU,,51,519,3,3,3,RO312
3,104350,NICOLAE BĂLCESCU,917190,51,104341,22,3,3,RO312
3,104369,FÂNTÂNA DOAMNEI,917191,51,104341,23,3,3,RO312
3,104378,PAICU,917192,51,104341,23,3,3,RO312
2,94223,PERIŞORU,,51,519,3,3,3,RO312
3,94232,PERIŞORU,917195,51,94223,22,3,3,RO312
3,94241,MĂRCULEŞTI-GARĂ,917196,51,94223,23,3,3,RO312
3,94250,TUDOR VLADIMIRESCU,917197,51,94223,23,3,3,RO312
2,104635,PLĂTĂREŞTI,,51,519,3,3,3,RO312
3,104644,PLĂTĂREŞTI,917200,51,104635,22,3,3,RO312
3,104653,CUCUIEŢI,917201,51,104635,23,3,3,RO312
3,104662,DOROBANŢU,917202,51,104635,23,3,3,RO312
3,104671,PODU PITARULUI,917203,51,104635,23,3,3,RO312
2,104751,RADOVANU,,51,519,3,3,3,RO312
3,104760,RADOVANU,917205,51,104751,22,3,3,RO312
3,104779,VALEA POPII,917206,51,104751,23,3,3,RO312
2,94312,ROSEŢI,,51,519,3,3,3,RO312
3,94321,ROSEŢI,917210,51,94312,22,3,3,RO312
2,104886,SĂRULEŞTI,,51,519,3,3,3,RO312
3,104895,SĂRULEŞTI,917215,51,104886,22,3,3,RO312
3,104902,MĂGURENI,917216,51,104886,23,3,3,RO312
3,104911,POLCEŞTI,917217,51,104886,23,3,3,RO312
3,104920,SĂNDULIŢA,917218,51,104886,23,3,3,RO312
3,104939,SĂRULEŞTI-GARĂ,917219,51,104886,23,3,3,RO312
3,104957,SĂTUCU,917221,51,104886,23,3,3,RO312
3,104966,SOLACOLU,917222,51,104886,23,3,3,RO312
2,105222,SOHATU,,51,519,3,3,3,RO312
3,105231,SOHATU,917225,51,105222,22,3,3,RO312
3,105240,PROGRESU,917226,51,105222,23,3,3,RO312
2,105259,SPANŢOV,,51,519,3,3,3,RO312
3,105268,SPANŢOV,917230,51,105259,22,3,3,RO312
3,105277,CETATEA VECHE,917231,51,105259,23,3,3,RO312
3,105286,STANCEA,917232,51,105259,23,3,3,RO312
2,105384,ŞOLDANU,,51,519,3,3,3,RO312
3,105393,ŞOLDANU,917235,51,105384,22,3,3,RO312
3,105400,NEGOEŞTI,917236,51,105384,23,3,3,RO312
2,94562,ŞTEFAN CEL MARE,,51,519,3,3,3,RO312
3,94571,ŞTEFAN CEL MARE,917245,51,94562,22,3,3,RO312
2,94580,ŞTEFAN VODĂ,,51,519,3,3,3,RO312
3,94599,ŞTEFAN VODĂ,917240,51,94580,22,3,3,RO312
2,105455,TĂMĂDĂU MARE,,51,519,3,3,3,RO312
3,105464,TĂMĂDĂU MARE,917250,51,105455,22,3,3,RO312
3,105473,CĂLĂREŢI,917251,51,105455,23,3,3,RO312
3,105482,DÂRVARI,917252,51,105455,23,3,3,RO312
3,105491,PLUMBUITA,917253,51,105455,23,3,3,RO312
3,105507,SĂCELE,917254,51,105455,23,3,3,RO312
3,105516,ŞEINOIU,917256,51,105455,23,3,3,RO312
3,105525,TĂMĂDĂU MIC,917257,51,105455,23,3,3,RO312
2,105605,ULMENI,,51,519,3,3,3,RO312
3,105614,ULMENI,917260,51,105605,22,3,3,RO312
2,94606,ULMU,,51,519,3,3,3,RO312
3,94615,ULMU,917265,51,94606,22,3,3,RO312
3,94624,CHIRNOGI,917266,51,94606,23,3,3,RO312
3,94633,FĂUREI,917267,51,94606,23,3,3,RO312
3,94642,ZIMBRU,917268,51,94606,23,3,3,RO312
2,94651,UNIREA,,51,519,3,3,3,RO312
3,94660,UNIREA,917270,51,94651,22,3,3,RO312
3,94679,OLTINA,917271,51,94651,23,3,3,RO312
2,105712,VALEA ARGOVEI,,51,519,3,3,3,RO312
3,105721,VALEA ARGOVEI,917275,51,105712,22,3,3,RO312
3,105730,LUNCA,917276,51,105712,23,3,3,RO312
3,105749,OSTROVU,917277,51,105712,23,3,3,RO312
3,105758,SILIŞTEA,917278,51,105712,23,3,3,RO312
3,105767,VLĂDICEASCA,917279,51,105712,23,3,3,RO312
2,105829,VASILAŢI,,51,519,3,3,3,RO312
3,105838,VASILAŢI,917280,51,105829,22,3,3,RO312
3,105856,NUCI,917281,51,105829,23,3,3,RO312
3,105865,POPEŞTI,917282,51,105829,23,3,3,RO312
2,94731,VÂLCELELE,,51,519,3,3,3,RO312
3,94740,VÂLCELELE,917290,51,94731,22,3,3,RO312
3,94759,FLOROAICA,917291,51,94731,23,3,3,RO312
2,94768,VLAD ŢEPEŞ,,51,519,3,3,3,RO312
3,94777,VLAD ŢEPEŞ,917295,51,94768,22,3,3,RO312
3,94786,MIHAI VITEAZU,917296,51,94768,23,3,3,RO312
1,127,JUDEŢUL CLUJ,,12,1,40,0,6,RO113
2,54975,MUNICIPIUL CLUJ-NAPOCA,,12,127,1,1,6,RO113
3,54984,CLUJ-NAPOCA,400335,12,54975,9,1,6,RO113
2,55357,MUNICIPIUL CÂMPIA TURZII,,12,127,4,1,6,RO113
3,55366,CÂMPIA TURZII,405100,12,55357,9,1,6,RO113
2,55008,MUNICIPIUL DEJ,,12,127,4,1,6,RO113
3,55017,DEJ,405200,12,55008,9,1,6,RO113
3,55026,OCNA DEJULUI,405201,12,55008,10,1,6,RO113
3,55035,PEŞTERA,405202,12,55008,10,1,6,RO113
3,55044,PINTIC,405203,12,55008,10,1,6,RO113
3,55053,ŞOMCUTU MIC,405204,12,55008,10,1,6,RO113
2,55384,MUNICIPIUL GHERLA,,12,127,4,1,6,RO113
3,55393,GHERLA,405300,12,55384,9,1,6,RO113
3,55400,BĂIŢA,405301,12,55384,10,1,6,RO113
3,55419,HĂŞDATE,405302,12,55384,10,1,6,RO113
3,55428,SILIVAŞ,405303,12,55384,10,1,6,RO113
2,55259,MUNICIPIUL TURDA,,12,127,4,1,6,RO113
3,55268,TURDA,401100,12,55259,9,1,6,RO113
2,55446,ORAŞ HUEDIN,,12,127,2,1,6,RO113
3,55455,HUEDIN,405400,12,55446,17,1,6,RO113
3,55464,BICĂLATU,405401,12,55446,18,1,6,RO113
2,55473,AGHIREŞU,,12,127,3,3,6,RO113
3,55482,AGHIREŞU,407005,12,55473,22,3,6,RO113
3,55491,AGHIREŞU-FABRICI,407010,12,55473,23,3,6,RO113
3,55507,ARGHIŞU,407006,12,55473,23,3,6,RO113
3,55516,BĂGARA,407007,12,55473,23,3,6,RO113
3,55525,DÂNCU,407008,12,55473,23,3,6,RO113
3,55534,DOROLŢU,407009,12,55473,23,3,6,RO113
3,55543,INUCU,407011,12,55473,23,3,6,RO113
3,55552,LEGHIA,407012,12,55473,23,3,6,RO113
3,55561,MACĂU,407013,12,55473,23,3,6,RO113
3,55570,TICU,407014,12,55473,23,3,6,RO113
3,55589,TICU-COLONIE,407016,12,55473,23,3,6,RO113
2,55598,AITON,,12,127,3,3,6,RO113
3,55605,AITON,407025,12,55598,22,3,6,RO113
3,55614,REDIU,407026,12,55598,23,3,6,RO113
2,55623,ALUNIŞ,,12,127,3,3,6,RO113
3,55632,ALUNIŞ,407030,12,55623,22,3,6,RO113
3,55641,CORNENI,407031,12,55623,23,3,6,RO113
3,55650,GHIROLT,407032,12,55623,23,3,6,RO113
3,55669,PRUNENI,407033,12,55623,23,3,6,RO113
3,55678,VALE,407034,12,55623,23,3,6,RO113
2,55687,APAHIDA,,12,127,3,3,6,RO113
3,55696,APAHIDA,407035,12,55687,22,3,6,RO113
3,55703,BODROG,407036,12,55687,23,3,6,RO113
3,55712,CÂMPENEŞTI,407037,12,55687,23,3,6,RO113
3,55721,CORPADEA,407038,12,55687,23,3,6,RO113
3,55730,DEZMIR,407039,12,55687,23,3,6,RO113
3,55749,PATA,407041,12,55687,23,3,6,RO113
3,55758,SÂNNICOARĂ,407042,12,55687,23,3,6,RO113
3,55767,SUB COASTĂ,407043,12,55687,23,3,6,RO113
2,55776,AŞCHILEU,,12,127,3,3,6,RO113
3,55785,AŞCHILEU MARE,407046,12,55776,22,3,6,RO113
3,55794,AŞCHILEU MIC,407047,12,55776,23,3,6,RO113
3,55801,CRISTOREL,407048,12,55776,23,3,6,RO113
3,55810,DORNA,407049,12,55776,23,3,6,RO113
3,55829,FODORA,407051,12,55776,23,3,6,RO113
2,55838,BACIU,,12,127,3,3,6,RO113
3,55847,BACIU,407055,12,55838,22,3,6,RO113
3,55856,CORUŞU,407056,12,55838,23,3,6,RO113
3,55865,MERA,407057,12,55838,23,3,6,RO113
3,55874,POPEŞTI,407058,12,55838,23,3,6,RO113
3,55883,RĂDAIA,407059,12,55838,23,3,6,RO113
3,55892,SĂLIŞTEA NOUĂ,407061,12,55838,23,3,6,RO113
3,55909,SUCEAGU,407062,12,55838,23,3,6,RO113
2,55918,BĂIŞOARA,,12,127,3,3,6,RO113
3,55927,BĂIŞOARA,407065,12,55918,22,3,6,RO113
3,55936,FRĂSINET,407066,12,55918,23,3,6,RO113
3,55945,MOARA DE PĂDURE,407067,12,55918,23,3,6,RO113
3,55954,MUNTELE BĂIŞORII,407068,12,55918,23,3,6,RO113
3,55963,MUNTELE BOCULUI,407069,12,55918,23,3,6,RO113
3,55972,MUNTELE CACOVEI,407071,12,55918,23,3,6,RO113
3,55981,MUNTELE FILII,407072,12,55918,23,3,6,RO113
3,55990,MUNTELE SĂCELULUI,407073,12,55918,23,3,6,RO113
3,56005,SĂCEL,407074,12,55918,23,3,6,RO113
2,56014,BELIŞ,,12,127,3,3,6,RO113
3,56023,BELIŞ,407075,12,56014,22,3,6,RO113
3,56032,BĂLCEŞTI,407076,12,56014,23,3,6,RO113
3,56041,DEALU BOTII,407077,12,56014,23,3,6,RO113
3,56050,GIURCUŢA DE JOS,407078,12,56014,23,3,6,RO113
3,56069,GIURCUŢA DE SUS,407079,12,56014,23,3,6,RO113
3,56078,POIANA HOREA,407081,12,56014,23,3,6,RO113
3,56087,SMIDA,407082,12,56014,23,3,6,RO113
2,56096,BOBÂLNA,,12,127,3,3,6,RO113
3,56103,BOBÂLNA,407085,12,56096,22,3,6,RO113
3,56112,ANTĂŞ,407086,12,56096,23,3,6,RO113
3,56121,BĂBDIU,407087,12,56096,23,3,6,RO113
3,56130,BLIDĂREŞTI,407088,12,56096,23,3,6,RO113
3,56149,CREMENEA,407089,12,56096,23,3,6,RO113
3,56158,MAIA,407091,12,56096,23,3,6,RO113
3,56167,OŞORHEL,407092,12,56096,23,3,6,RO113
3,56176,PRUNI,407093,12,56096,23,3,6,RO113
3,56185,RĂZBUNENI,407094,12,56096,23,3,6,RO113
3,56194,SUARĂŞ,407096,12,56096,23,3,6,RO113
3,56201,VÂLCELELE,407097,12,56096,23,3,6,RO113
2,56210,BONŢIDA,,12,127,3,3,6,RO113
3,56229,BONŢIDA,407105,12,56210,22,3,6,RO113
3,56238,COASTA,407106,12,56210,23,3,6,RO113
3,56247,RĂSCRUCI,407107,12,56210,23,3,6,RO113
3,56256,TĂUŞENI,407108,12,56210,23,3,6,RO113
2,56265,BORŞA,,12,127,3,3,6,RO113
3,56274,BORŞA,407110,12,56265,22,3,6,RO113
3,56283,BORŞA-CĂTUN,407111,12,56265,23,3,6,RO113
3,56292,BORŞA-CRESTAIA,407112,12,56265,23,3,6,RO113
3,56309,CIUMĂFAIA,407113,12,56265,23,3,6,RO113
3,56318,GIULA,407114,12,56265,23,3,6,RO113
2,56327,BUZA,,12,127,3,3,6,RO113
3,56336,BUZA,407115,12,56327,22,3,6,RO113
3,56345,ROTUNDA,407116,12,56327,23,3,6,RO113
2,56354,CĂIANU,,12,127,3,3,6,RO113
3,56363,CĂIANU,407120,12,56354,22,3,6,RO113
3,56372,BĂRĂI,407121,12,56354,23,3,6,RO113
3,56381,CĂIANU MIC,407122,12,56354,23,3,6,RO113
3,56390,CĂIANU-VAMĂ,407123,12,56354,23,3,6,RO113
3,56407,VAIDA-CĂMĂRAŞ,407124,12,56354,23,3,6,RO113
3,56416,VĂLENI,407126,12,56354,23,3,6,RO113
2,56425,CĂLĂRAŞI,,12,127,3,3,6,RO113
3,56434,CĂLĂRAŞI,407130,12,56425,22,3,6,RO113
3,56443,BOGATA,407131,12,56425,23,3,6,RO113
3,56452,CĂLĂRAŞI-GARĂ,407132,12,56425,23,3,6,RO113
2,56461,CĂLĂŢELE,,12,127,3,3,6,RO113
3,56470,CĂLĂŢELE,407135,12,56461,22,3,6,RO113
3,56489,CĂLATA,407136,12,56461,23,3,6,RO113
3,56498,DEALU NEGRU,407137,12,56461,23,3,6,RO113
3,56504,FINCIU,407138,12,56461,23,3,6,RO113
3,56513,VĂLENI,407139,12,56461,23,3,6,RO113
2,56522,CĂMĂRAŞU,,12,127,3,3,6,RO113
3,56531,CĂMĂRAŞU,407140,12,56522,22,3,6,RO113
3,56540,NĂOIU,407141,12,56522,23,3,6,RO113
3,56559,SÂMBOLENI,407142,12,56522,23,3,6,RO113
2,56568,CĂPUŞU MARE,,12,127,3,3,6,RO113
3,56577,CĂPUŞU MARE,407145,12,56568,22,3,6,RO113
3,56586,AGÂRBICIU,407146,12,56568,23,3,6,RO113
3,56595,BĂLCEŞTI,407147,12,56568,23,3,6,RO113
3,56602,CĂPUŞU MIC,407148,12,56568,23,3,6,RO113
3,56611,DÂNGĂU MARE,407149,12,56568,23,3,6,RO113
3,56620,DÂNGĂU MIC,407151,12,56568,23,3,6,RO113
3,56639,DUMBRAVA,407152,12,56568,23,3,6,RO113
3,56648,PĂNICENI,407153,12,56568,23,3,6,RO113
3,56657,STRAJA,407154,12,56568,23,3,6,RO113
2,56666,CĂŞEIU,,12,127,3,3,6,RO113
3,56675,CĂŞEIU,407155,12,56666,22,3,6,RO113
3,56684,COMORÂŢA,407156,12,56666,23,3,6,RO113
3,56693,COPLEAN,407157,12,56666,23,3,6,RO113
3,56700,CUSTURA,407158,12,56666,23,3,6,RO113
3,56719,GÂRBĂU DEJULUI,407159,12,56666,23,3,6,RO113
3,56728,GUGA,407161,12,56666,23,3,6,RO113
3,56737,LEURDA,407162,12,56666,23,3,6,RO113
3,56746,RUGĂŞEŞTI,407163,12,56666,23,3,6,RO113
3,56755,SĂLĂTRUC,407164,12,56666,23,3,6,RO113
3,56764,URIŞOR,407166,12,56666,23,3,6,RO113
2,56773,CĂTINA,,12,127,3,3,6,RO113
3,56782,CĂTINA,407170,12,56773,22,3,6,RO113
3,56791,COPRU,407171,12,56773,23,3,6,RO113
3,56808,FELDIOARA,407172,12,56773,23,3,6,RO113
3,56817,HAGĂU,407173,12,56773,23,3,6,RO113
3,56826,HODAIE,407174,12,56773,23,3,6,RO113
3,56835,VALEA CALDĂ,407176,12,56773,23,3,6,RO113
2,57314,CÂŢCĂU,,12,127,3,3,6,RO113
3,57323,CÂŢCĂU,407180,12,57314,22,3,6,RO113
3,57332,MUNCEL,407181,12,57314,23,3,6,RO113
3,57341,SĂLIŞCA,407182,12,57314,23,3,6,RO113
2,56844,CEANU MARE,,12,127,3,3,6,RO113
3,56853,CEANU MARE,407185,12,56844,22,3,6,RO113
3,56862,ANDICI,407186,12,56844,23,3,6,RO113
3,56871,BOIAN,407187,12,56844,23,3,6,RO113
3,56880,BOLDUŢ,407188,12,56844,23,3,6,RO113
3,56899,CIURGĂU,407189,12,56844,23,3,6,RO113
3,56906,DOSU NAPULUI,407191,12,56844,23,3,6,RO113
3,56915,FÂNAŢE,407192,12,56844,23,3,6,RO113
3,56924,HODĂI-BOIAN,407193,12,56844,23,3,6,RO113
3,56933,IACOBENI,407194,12,56844,23,3,6,RO113
3,56942,MORŢEŞTI,407196,12,56844,23,3,6,RO113
3,56951,STÂRCU,407197,12,56844,23,3,6,RO113
3,56960,STRUCUT,407198,12,56844,23,3,6,RO113
3,56979,VALEA LUI CATI,407199,12,56844,23,3,6,RO113
2,56988,CHINTENI,,12,127,3,3,6,RO113
3,56997,CHINTENI,407205,12,56988,22,3,6,RO113
3,57001,DEUŞU,407206,12,56988,23,3,6,RO113
3,57010,FEIURDENI,407207,12,56988,23,3,6,RO113
3,57029,MĂCICAŞU,407208,12,56988,23,3,6,RO113
3,57038,PĂDURENI,407209,12,56988,23,3,6,RO113
3,57047,SATU LUNG,407211,12,56988,23,3,6,RO113
3,57056,SĂLIŞTEA VECHE,407212,12,56988,23,3,6,RO113
3,57065,SÂNMĂRTIN,407213,12,56988,23,3,6,RO113
3,57074,VECHEA,407214,12,56988,23,3,6,RO113
2,57083,CHIUIEŞTI,,12,127,3,3,6,RO113
3,57092,CHIUIEŞTI,407215,12,57083,22,3,6,RO113
3,57109,DOSU BRICII,407216,12,57083,23,3,6,RO113
3,57118,HUTA,407217,12,57083,23,3,6,RO113
3,57127,MĂGOAJA,407218,12,57083,23,3,6,RO113
3,57136,STRÂMBU,407219,12,57083,23,3,6,RO113
3,57145,VALEA CĂŞEIELULUI,407221,12,57083,23,3,6,RO113
3,57154,VALEA LUI OPRIŞ,407222,12,57083,23,3,6,RO113
2,57163,CIUCEA,,12,127,3,3,6,RO113
3,57172,CIUCEA,407225,12,57163,22,3,6,RO113
3,57216,VÂNĂTORI,407226,12,57163,23,3,6,RO113
2,57225,CIURILA,,12,127,3,3,6,RO113
3,57234,CIURILA,407230,12,57225,22,3,6,RO113
3,57243,FILEA DE JOS,407231,12,57225,23,3,6,RO113
3,57252,FILEA DE SUS,407232,12,57225,23,3,6,RO113
3,57261,PĂDURENI,407233,12,57225,23,3,6,RO113
3,57270,PRUNIŞ,407234,12,57225,23,3,6,RO113
3,57289,SĂLICEA,407236,12,57225,23,3,6,RO113
3,57298,SĂLIŞTE,407237,12,57225,23,3,6,RO113
3,57305,ŞUTU,407238,12,57225,23,3,6,RO113
2,57350,COJOCNA,,12,127,3,3,6,RO113
3,57369,COJOCNA,407240,12,57350,22,3,6,RO113
3,57378,BOJ-CĂTUN,407241,12,57350,23,3,6,RO113
3,57387,BOJU,407242,12,57350,23,3,6,RO113
3,57396,CARA,407243,12,57350,23,3,6,RO113
3,57403,HUCI,407244,12,57350,23,3,6,RO113
3,57412,IURIU DE CÂMPIE,407246,12,57350,23,3,6,RO113
3,57421,MORIŞTI,407247,12,57350,23,3,6,RO113
3,57430,STRAJA,407248,12,57350,23,3,6,RO113
2,57449,CORNEŞTI,,12,127,3,3,6,RO113
3,57458,CORNEŞTI,407250,12,57449,22,3,6,RO113
3,57467,BÂRLEA,407251,12,57449,23,3,6,RO113
3,57476,IGRIŢIA,407252,12,57449,23,3,6,RO113
3,57485,LUJERDIU,407253,12,57449,23,3,6,RO113
3,57494,MORĂU,407254,12,57449,23,3,6,RO113
3,57500,STOIANA,407256,12,57449,23,3,6,RO113
3,57519,TIOCU DE JOS,407257,12,57449,23,3,6,RO113
3,57528,TIOCU DE SUS,407258,12,57449,23,3,6,RO113
3,57537,TIOLTIUR,407259,12,57449,23,3,6,RO113
2,55062,CUZDRIOARA,,12,127,3,3,6,RO113
3,55071,CUZDRIOARA,407260,12,55062,22,3,6,RO113
3,55080,MĂNĂŞTUREL,407261,12,55062,23,3,6,RO113
3,55099,VALEA GÂRBOULUI,407262,12,55062,23,3,6,RO113
2,57546,DĂBÂCA,,12,127,3,3,6,RO113
3,57555,DĂBÂCA,407265,12,57546,22,3,6,RO113
3,57564,LUNA DE JOS,407266,12,57546,23,3,6,RO113
3,57573,PÂGLIŞA,407267,12,57546,23,3,6,RO113
2,57582,FELEACU,,12,127,3,3,6,RO113
3,57591,FELEACU,407270,12,57582,22,3,6,RO113
3,57608,CASELE MICEŞTI,407271,12,57582,23,3,6,RO113
3,57617,GHEORGHIENI,407272,12,57582,23,3,6,RO113
3,57626,SĂRĂDIŞ,407273,12,57582,23,3,6,RO113
3,57635,VÂLCELE,407274,12,57582,23,3,6,RO113
2,57644,FIZEŞU GHERLII,,12,127,3,3,6,RO113
3,57653,FIZEŞU GHERLII,407275,12,57644,22,3,6,RO113
3,57662,BONŢ,407276,12,57644,23,3,6,RO113
3,57671,LUNCA BONŢULUI,407277,12,57644,23,3,6,RO113
3,57680,NICULA,407278,12,57644,23,3,6,RO113
3,57699,SĂCĂLAIA,407279,12,57644,23,3,6,RO113
2,57706,FLOREŞTI,,12,127,3,3,6,RO113
3,57715,FLOREŞTI,407280,12,57706,22,3,6,RO113
3,57724,LUNA DE SUS,407281,12,57706,23,3,6,RO113
3,57733,TĂUŢI,407282,12,57706,23,3,6,RO113
2,57742,FRATA,,12,127,3,3,6,RO113
3,57751,FRATA,407285,12,57742,22,3,6,RO113
3,57760,BERCHIEŞU,407286,12,57742,23,3,6,RO113
3,57779,OAŞ,407287,12,57742,23,3,6,RO113
3,57788,OLARIU,407288,12,57742,23,3,6,RO113
3,57797,PĂDUREA IACOBENI,407289,12,57742,23,3,6,RO113
3,57804,POIANA FRĂŢII,407291,12,57742,23,3,6,RO113
3,57813,RĂZOARE,407292,12,57742,23,3,6,RO113
3,57822,SOPORU DE CÂMPIE,407293,12,57742,23,3,6,RO113
2,57948,GÂRBĂU,,12,127,3,3,6,RO113
3,57957,GÂRBĂU,407295,12,57948,22,3,6,RO113
3,57966,CORNEŞTI,407296,12,57948,23,3,6,RO113
3,57975,NĂDĂŞELU,407297,12,57948,23,3,6,RO113
3,57993,TUREA,407298,12,57948,23,3,6,RO113
3,57984,VIŞTEA,407299,12,57948,23,3,6,RO113
2,57831,GEACA,,12,127,3,3,6,RO113
3,57840,GEACA,407300,12,57831,22,3,6,RO113
3,57859,CHIRIŞ,407301,12,57831,23,3,6,RO113
3,57868,LACU,407302,12,57831,23,3,6,RO113
3,57877,LEGII,407303,12,57831,23,3,6,RO113
3,57886,PUINI,407304,12,57831,23,3,6,RO113
3,57895,SUCUTARD,407306,12,57831,23,3,6,RO113
2,57902,GILĂU,,12,127,3,3,6,RO113
3,57911,GILĂU,407310,12,57902,22,3,6,RO113
3,57920,SOMEŞU CALD,407311,12,57902,23,3,6,RO113
3,57939,SOMEŞU RECE,407312,12,57902,23,3,6,RO113
2,58008,IARA,,12,127,3,3,6,RO113
3,58017,IARA,407315,12,58008,22,3,6,RO113
3,58026,AGRIŞ,407316,12,58008,23,3,6,RO113
3,58035,BORZEŞTI,407317,12,58008,23,3,6,RO113
3,58044,BURU,407318,12,58008,23,3,6,RO113
3,58053,CACOVA IERII,407319,12,58008,23,3,6,RO113
3,58062,FĂGETU IERII,407321,12,58008,23,3,6,RO113
3,58071,LUNGEŞTI,407322,12,58008,23,3,6,RO113
3,58080,MAŞCA,407323,12,58008,23,3,6,RO113
3,58099,MĂGURA IERII,407324,12,58008,23,3,6,RO113
3,58106,OCOLIŞEL,407326,12,58008,23,3,6,RO113
3,58115,SURDUC,407327,12,58008,23,3,6,RO113
3,58124,VALEA AGRIŞULUI,407328,12,58008,23,3,6,RO113
3,58133,VALEA VADULUI,407329,12,58008,23,3,6,RO113
2,58142,ICLOD,,12,127,3,3,6,RO113
3,58151,ICLOD,407335,12,58142,22,3,6,RO113
3,58160,FUNDĂTURA,407336,12,58142,23,3,6,RO113
3,58179,ICLOZEL,407337,12,58142,23,3,6,RO113
3,58188,LIVADA,407338,12,58142,23,3,6,RO113
3,58197,ORMAN,407339,12,58142,23,3,6,RO113
2,58204,IZVORU CRIŞULUI,,12,127,3,3,6,RO113
3,58213,IZVORU CRIŞULUI,407340,12,58204,22,3,6,RO113
3,58222,NADĂŞU,407341,12,58204,23,3,6,RO113
3,58231,NEARŞOVA,407342,12,58204,23,3,6,RO113
3,58240,ŞAULA,407343,12,58204,23,3,6,RO113
2,55106,JICHIŞU DE JOS,,12,127,3,3,6,RO113
3,55115,JICHIŞU DE JOS,407345,12,55106,22,3,6,RO113
3,55124,CODOR,407346,12,55106,23,3,6,RO113
3,55133,JICHIŞU DE SUS,407347,12,55106,23,3,6,RO113
3,55142,ŞIGĂU,407348,12,55106,23,3,6,RO113
3,55151,TĂRPIU,407349,12,55106,23,3,6,RO113
2,58259,JUCU,,12,127,3,3,6,RO113
3,58268,JUCU DE SUS,407354,12,58259,22,3,6,RO113
3,58277,GĂDĂLIN,407351,12,58259,23,3,6,RO113
3,58286,JUC-HERGHELIE,407352,12,58259,23,3,6,RO113
3,58295,JUCU DE MIJLOC,407353,12,58259,23,3,6,RO113
3,58302,VIŞEA,407356,12,58259,23,3,6,RO113
2,58311,LUNA,,12,127,3,3,6,RO113
3,58320,LUNA,407360,12,58311,22,3,6,RO113
3,58339,GLIGOREŞTI,407361,12,58311,23,3,6,RO113
3,58348,LUNCANI,407362,12,58311,23,3,6,RO113
2,58357,MĂGURI-RĂCĂTĂU,,12,127,3,3,6,RO113
3,58366,MĂGURI-RĂCĂTĂU,407365,12,58357,22,3,6,RO113
3,58375,MĂGURI,407366,12,58357,23,3,6,RO113
3,58384,MUNTELE RECE,407367,12,58357,23,3,6,RO113
2,58393,MĂNĂSTIRENI,,12,127,3,3,6,RO113
3,58400,MĂNĂSTIRENI,407370,12,58393,22,3,6,RO113
3,58419,ARDEOVA,407371,12,58393,23,3,6,RO113
3,58428,BEDECIU,407372,12,58393,23,3,6,RO113
3,58437,BICA,407373,12,58393,23,3,6,RO113
3,58446,DRETEA,407374,12,58393,23,3,6,RO113
3,58455,MĂNĂŞTURU ROMÂNESC,407376,12,58393,23,3,6,RO113
2,58464,MĂRGĂU,,12,127,3,3,6,RO113
3,58473,MĂRGĂU,407380,12,58464,22,3,6,RO113
3,58482,BOCIU,407381,12,58464,23,3,6,RO113
3,58491,BUTENI,407382,12,58464,23,3,6,RO113
3,58507,CIULENI,407383,12,58464,23,3,6,RO113
3,58516,RĂCHIŢELE,407384,12,58464,23,3,6,RO113
3,58525,SCRIND-FRĂSINET,407386,12,58464,23,3,6,RO113
2,58534,MĂRIŞEL,,12,127,3,3,6,RO113
3,58543,MĂRIŞEL,407390,12,58534,22,3,6,RO113
2,55160,MICA,,12,127,3,3,6,RO113
3,55179,MICA,407395,12,55160,22,3,6,RO113
3,55188,DÂMBU MARE,407396,12,55160,23,3,6,RO113
3,55197,MĂNĂSTIREA,407397,12,55160,23,3,6,RO113
3,55204,NIREŞ,407398,12,55160,23,3,6,RO113
3,55213,SÂNMĂRGHITA,407399,12,55160,23,3,6,RO113
3,55222,VALEA CIREŞOII,407401,12,55160,23,3,6,RO113
3,55231,VALEA LUNCII,407402,12,55160,23,3,6,RO113
2,55277,MIHAI VITEAZU,,12,127,3,3,6,RO113
3,55286,MIHAI VITEAZU,407405,12,55277,22,3,6,RO113
3,55295,CHEIA,407406,12,55277,23,3,6,RO113
3,55302,CORNEŞTI,407407,12,55277,23,3,6,RO113
2,58552,MINTIU GHERLII,,12,127,3,3,6,RO113
3,58561,MINTIU GHERLII,407410,12,58552,22,3,6,RO113
3,58570,BUNEŞTI,407411,12,58552,23,3,6,RO113
3,58589,NIMA,407412,12,58552,23,3,6,RO113
3,58598,PĂDURENII,407413,12,58552,23,3,6,RO113
3,58605,PETREŞTI,407414,12,58552,23,3,6,RO113
3,58614,SALATIU,407416,12,58552,23,3,6,RO113
2,58623,MOCIU,,12,127,3,3,6,RO113
3,58632,MOCIU,407420,12,58623,22,3,6,RO113
3,58641,BOTENI,407421,12,58623,23,3,6,RO113
3,58650,CHESĂU,407422,12,58623,23,3,6,RO113
3,58669,CRIŞENI,407423,12,58623,23,3,6,RO113
3,58678,FALCA,407424,12,58623,23,3,6,RO113
3,58687,GHIRIŞU ROMÂN,407426,12,58623,23,3,6,RO113
3,58696,ROŞIENI,407427,12,58623,23,3,6,RO113
3,58703,TURMAŞI,407428,12,58623,23,3,6,RO113
3,58712,ZORENII DE VALE,407429,12,58623,23,3,6,RO113
2,58721,MOLDOVENEŞTI,,12,127,3,3,6,RO113
3,58730,MOLDOVENEŞTI,407430,12,58721,22,3,6,RO113
3,58749,BĂDENI,407431,12,58721,23,3,6,RO113
3,58758,PIETROASA,407432,12,58721,23,3,6,RO113
3,58767,PLĂIEŞTI,407433,12,58721,23,3,6,RO113
3,58776,PODENI,407434,12,58721,23,3,6,RO113
3,58785,STEJERIŞ,407436,12,58721,23,3,6,RO113
2,60169,NEGRENI,,12,127,3,3,6,RO113
3,57190,NEGRENI,407440,12,60169,22,3,6,RO113
3,57181,BUCEA,407441,12,60169,23,3,6,RO113
3,57207,PRELUCELE,407442,12,60169,23,3,6,RO113
2,58856,PANTICEU,,12,127,3,3,6,RO113
3,58865,PANTICEU,407445,12,58856,22,3,6,RO113
3,58874,CĂTĂLINA,407446,12,58856,23,3,6,RO113
3,58883,CUBLEŞU SOMEŞAN,407447,12,58856,23,3,6,RO113
3,58892,DÂRJA,407448,12,58856,23,3,6,RO113
3,58909,SĂRATA,407449,12,58856,23,3,6,RO113
2,58794,PĂLATCA,,12,127,3,3,6,RO113
3,58801,PĂLATCA,407450,12,58794,22,3,6,RO113
3,58810,BĂGACIU,407451,12,58794,23,3,6,RO113
3,58829,MUREŞENII DE CÂMPIE,407452,12,58794,23,3,6,RO113
3,58838,PETEA,407453,12,58794,23,3,6,RO113
3,58847,SAVA,407454,12,58794,23,3,6,RO113
2,58918,PETREŞTII DE JOS,,12,127,3,3,6,RO113
3,58927,PETREŞTII DE JOS,407455,12,58918,22,3,6,RO113
3,58936,CRĂEŞTI,407456,12,58918,23,3,6,RO113
3,58945,DELENI,407457,12,58918,23,3,6,RO113
3,58954,LIVADA,407458,12,58918,23,3,6,RO113
3,58963,PETREŞTII DE MIJLOC,407459,12,58918,23,3,6,RO113
3,58972,PETREŞTII DE SUS,407461,12,58918,23,3,6,RO113
3,58981,PLAIURI,407462,12,58918,23,3,6,RO113
2,58990,PLOSCOŞ,,12,127,3,3,6,RO113
3,59005,PLOSCOŞ,407465,12,58990,22,3,6,RO113
3,59014,CRAIRÂT,407466,12,58990,23,3,6,RO113
3,59023,LOBODAŞ,407467,12,58990,23,3,6,RO113
3,59032,VALEA FLORILOR,407468,12,58990,23,3,6,RO113
2,59041,POIENI,,12,127,3,3,6,RO113
3,59050,POIENI,407470,12,59041,22,3,6,RO113
3,59069,BOLOGA,407471,12,59041,23,3,6,RO113
3,59078,CERBEŞTI,407472,12,59041,23,3,6,RO113
3,59087,HODIŞU,407473,12,59041,23,3,6,RO113
3,59096,LUNCA VIŞAGULUI,407474,12,59041,23,3,6,RO113
3,59103,MORLACA,407476,12,59041,23,3,6,RO113
3,59112,TRANIŞU,407477,12,59041,23,3,6,RO113
3,59121,VALEA DRĂGANULUI,407478,12,59041,23,3,6,RO113
2,59130,RECEA-CRISTUR,,12,127,3,3,6,RO113
3,59149,RECEA-CRISTUR,407480,12,59130,22,3,6,RO113
3,59158,CĂPRIOARA,407481,12,59130,23,3,6,RO113
3,59167,CIUBANCA,407482,12,59130,23,3,6,RO113
3,59176,CIUBĂNCUŢA,407483,12,59130,23,3,6,RO113
3,59185,ELCIU,407484,12,59130,23,3,6,RO113
3,59194,ESCU,407486,12,59130,23,3,6,RO113
3,59201,JURCA,407487,12,59130,23,3,6,RO113
3,59210,OSOI,407488,12,59130,23,3,6,RO113
3,59229,PUSTUŢA,407489,12,59130,23,3,6,RO113
2,59238,RIŞCA,,12,127,3,3,6,RO113
3,59247,RIŞCA,407490,12,59238,22,3,6,RO113
3,59256,DEALU MARE,407491,12,59238,23,3,6,RO113
3,59265,LĂPUŞTEŞTI,407492,12,59238,23,3,6,RO113
3,59274,MĂRCEŞTI,407493,12,59238,23,3,6,RO113
2,59283,SĂCUIEU,,12,127,3,3,6,RO113
3,59292,SĂCUIEU,407495,12,59283,22,3,6,RO113
3,59309,ROGOJEL,407496,12,59283,23,3,6,RO113
3,59318,VIŞAGU,407497,12,59283,23,3,6,RO113
2,55311,SĂNDULEŞTI,,12,127,3,3,6,RO113
3,55320,SĂNDULEŞTI,407500,12,55311,22,3,6,RO113
3,55339,COPĂCENI,407501,12,55311,23,3,6,RO113
2,59327,SĂVĂDISLA,,12,127,3,3,6,RO113
3,59336,SĂVĂDISLA,407505,12,59327,22,3,6,RO113
3,59345,FINIŞEL,407506,12,59327,23,3,6,RO113
3,59354,HĂŞDATE,407507,12,59327,23,3,6,RO113
3,59363,LITA,407508,12,59327,23,3,6,RO113
3,59372,LITENI,407509,12,59327,23,3,6,RO113
3,59381,STOLNA,407511,12,59327,23,3,6,RO113
3,59390,VĂLIŞOARA,407512,12,59327,23,3,6,RO113
3,59407,VLAHA,407513,12,59327,23,3,6,RO113
2,59434,SÂNCRAIU,,12,127,3,3,6,RO113
3,59443,SÂNCRAIU,407515,12,59434,22,3,6,RO113
3,59452,ALUNIŞU,407516,12,59434,23,3,6,RO113
3,59461,BRĂIŞORU,407517,12,59434,23,3,6,RO113
3,59470,DOMOŞU,407518,12,59434,23,3,6,RO113
3,59489,HORLACEA,407519,12,59434,23,3,6,RO113
2,59498,SÂNMĂRTIN,,12,127,3,3,6,RO113
3,59504,SÂNMĂRTIN,407520,12,59498,22,3,6,RO113
3,59513,CEABA,407521,12,59498,23,3,6,RO113
3,59522,CUTCA,407522,12,59498,23,3,6,RO113
3,59531,DIVICIORII MARI,407523,12,59498,23,3,6,RO113
3,59540,DIVICIORII MICI,407524,12,59498,23,3,6,RO113
3,59559,MĂHAL,407526,12,59498,23,3,6,RO113
3,59568,SÂMBOIENI,407527,12,59498,23,3,6,RO113
3,59577,TÂRGUŞOR,407528,12,59498,23,3,6,RO113
2,59586,SÂNPAUL,,12,127,3,3,6,RO113
3,59595,SÂNPAUL,407530,12,59586,22,3,6,RO113
3,59602,BERINDU,407531,12,59586,23,3,6,RO113
3,59611,MIHĂIEŞTI,407532,12,59586,23,3,6,RO113
3,59620,SUMURDUCU,407533,12,59586,23,3,6,RO113
3,59639,ŞARDU,407534,12,59586,23,3,6,RO113
3,59648,TOPA MICĂ,407536,12,59586,23,3,6,RO113
2,59416,SIC,,12,127,3,3,6,RO113
3,59425,SIC,407540,12,59416,22,3,6,RO113
2,59657,SUATU,,12,127,3,3,6,RO113
3,59666,SUATU,407545,12,59657,22,3,6,RO113
3,59675,ARUNCUTA,407546,12,59657,23,3,6,RO113
3,59684,DÂMBURILE,407547,12,59657,23,3,6,RO113
2,59693,TRITENII DE JOS,,12,127,3,3,6,RO113
3,59700,TRITENII DE JOS,407550,12,59693,22,3,6,RO113
3,59719,CLAPA,407551,12,59693,23,3,6,RO113
3,59728,COLONIA,407552,12,59693,23,3,6,RO113
3,59737,PĂDURENI,407553,12,59693,23,3,6,RO113
3,59746,TRITENII DE SUS,407554,12,59693,23,3,6,RO113
3,59755,TRITENII-HOTAR,407556,12,59693,23,3,6,RO113
2,59764,TURENI,,12,127,3,3,6,RO113
3,59773,TURENI,407560,12,59764,22,3,6,RO113
3,59782,CEANU MIC,407561,12,59764,23,3,6,RO113
3,59791,COMŞEŞTI,407562,12,59764,23,3,6,RO113
3,59808,MĂRTINEŞTI,407563,12,59764,23,3,6,RO113
3,59817,MICEŞTI,407564,12,59764,23,3,6,RO113
2,59826,ŢAGA,,12,127,3,3,6,RO113
3,59835,ŢAGA,407565,12,59826,22,3,6,RO113
3,59844,NĂSAL,407566,12,59826,23,3,6,RO113
3,59853,SÂNTEJUDE,407567,12,59826,23,3,6,RO113
3,59862,SÂNTEJUDE-VALE,407568,12,59826,23,3,6,RO113
3,59871,SÂNTIOANA,407569,12,59826,23,3,6,RO113
2,59880,UNGURAŞ,,12,127,3,3,6,RO113
3,59899,UNGURAŞ,407570,12,59880,22,3,6,RO113
3,59906,BATIN,407571,12,59880,23,3,6,RO113
3,59915,DAROŢ,407572,12,59880,23,3,6,RO113
3,59924,SICFA,407573,12,59880,23,3,6,RO113
3,59933,VALEA UNGURAŞULUI,407574,12,59880,23,3,6,RO113
2,59942,VAD,,12,127,3,3,6,RO113
3,59951,VAD,407575,12,59942,22,3,6,RO113
3,59960,BOGATA DE JOS,407576,12,59942,23,3,6,RO113
3,59979,BOGATA DE SUS,407577,12,59942,23,3,6,RO113
3,59988,CALNA,407578,12,59942,23,3,6,RO113
3,59997,CETAN,407579,12,59942,23,3,6,RO113
3,60008,CURTUIUŞU DEJULUI,407581,12,59942,23,3,6,RO113
3,60017,VALEA GROŞILOR,407582,12,59942,23,3,6,RO113
2,60026,VALEA IERII,,12,127,3,3,6,RO113
3,60035,VALEA IERII,407585,12,60026,22,3,6,RO113
3,60044,CERC,407586,12,60026,23,3,6,RO113
3,60053,PLOPI,407587,12,60026,23,3,6,RO113
2,60062,VIIŞOARA,,12,127,3,3,6,RO113
3,60071,VIIŞOARA,407590,12,60062,22,3,6,RO113
3,60080,URCA,407591,12,60062,23,3,6,RO113
2,60099,VULTURENI,,12,127,3,3,6,RO113
3,60106,VULTURENI,407595,12,60099,22,3,6,RO113
3,60115,BĂBUŢIU,407596,12,60099,23,3,6,RO113
3,60124,BĂDEŞTI,407597,12,60099,23,3,6,RO113
3,60133,CHIDEA,407598,12,60099,23,3,6,RO113
3,60142,FĂURENI,407599,12,60099,23,3,6,RO113
3,60151,ŞOIMENI,407601,12,60099,23,3,6,RO113
1,136,JUDEŢUL CONSTANŢA,,13,1,40,0,2,RO223
2,60419,MUNICIPIUL CONSTANŢA,,13,136,1,1,2,RO223
3,60428,CONSTANŢA,900657,13,60419,9,1,2,RO223
3,60437,MAMAIA,900001,13,60419,10,1,2,RO223
3,60446,PALAZU MARE,900002,13,60419,10,1,2,RO223
2,60482,MUNICIPIUL MANGALIA,,13,136,4,1,2,RO223
3,60491,MANGALIA,905500,13,60482,9,1,2,RO223
3,63223,CAP AURORA,905501,13,60482,10,1,2,RO223
3,63214,JUPITER,905502,13,60482,10,1,2,RO223
3,63205,NEPTUN,905550,13,60482,10,1,2,RO223
3,63143,OLIMP,905503,13,60482,10,1,2,RO223
3,63241,SATURN,905560,13,60482,10,1,2,RO223
3,63232,VENUS,905504,13,60482,10,1,2,RO223
2,60847,MUNICIPIUL MEDGIDIA,,13,136,4,1,2,RO223
3,60856,MEDGIDIA,905600,13,60847,9,1,2,RO223
3,60865,REMUS OPREANU,905601,13,60847,10,1,2,RO223
3,60874,VALEA DACILOR,905602,13,60847,10,1,2,RO223
2,60776,ORAŞ CERNAVODĂ,,13,136,2,1,2,RO223
3,60785,CERNAVODĂ,905200,13,60776,17,1,2,RO223
2,60455,ORAŞ EFORIE,,13,136,2,1,2,RO223
3,60464,EFORIE SUD,905360,13,60455,17,1,2,RO223
3,60473,EFORIE NORD,905350,13,60455,18,1,2,RO223
2,60801,ORAŞ HÂRŞOVA,,13,136,2,1,2,RO223
3,60810,HÂRŞOVA,905400,13,60801,17,1,2,RO223
3,60829,VADU OII,905401,13,60801,18,1,2,RO223
2,62360,ORAŞ MURFATLAR,,13,136,2,1,2,RO223
3,62379,MURFATLAR,905100,13,62360,17,1,2,RO223
3,62388,SIMINOC,905101,13,62360,19,1,2,RO223
2,60507,ORAŞ NĂVODARI,,13,136,2,1,2,RO223
3,60516,NĂVODARI,905700,13,60507,17,1,2,RO223
3,60525,MAMAIA-SAT,905701,13,60507,18,1,2,RO223
2,62397,ORAŞ NEGRU VODĂ,,13,136,2,1,2,RO223
3,62404,NEGRU VODĂ,905800,13,62397,17,1,2,RO223
3,62413,DARABANI,905801,13,62397,19,1,2,RO223
3,62422,GRĂNICERU,905802,13,62397,19,1,2,RO223
3,62431,VÂLCELELE,905803,13,62397,19,1,2,RO223
2,60687,ORAŞ OVIDIU,,13,136,2,1,2,RO223
3,60696,OVIDIU,905900,13,60687,17,1,2,RO223
3,63349,CULMEA,905902,13,60687,19,1,2,RO223
3,60712,POIANA,905901,13,60687,19,1,2,RO223
2,60534,ORAŞ TECHIRGHIOL,,13,136,2,1,2,RO223
3,60543,TECHIRGHIOL,906100,13,60534,17,1,2,RO223
2,60598,23 AUGUST,,13,136,3,3,2,RO223
3,60605,23 AUGUST,907005,13,60598,22,3,2,RO223
3,60614,DULCEŞTI,907006,13,60598,23,3,2,RO223
3,60623,MOŞNENI,907007,13,60598,23,3,2,RO223
2,60883,ADAMCLISI,,13,136,3,3,2,RO223
3,60892,ADAMCLISI,907010,13,60883,22,3,2,RO223
3,60909,ABRUD,907011,13,60883,23,3,2,RO223
3,60918,HAŢEG,907012,13,60883,23,3,2,RO223
3,60927,URLUIA,907013,13,60883,23,3,2,RO223
3,60936,ZORILE,907014,13,60883,23,3,2,RO223
2,60570,AGIGEA,,13,136,3,3,2,RO223
3,63269,AGIGEA,907015,13,60570,22,3,2,RO223
3,60589,LAZU,907016,13,60570,23,3,2,RO223
3,60552,SANATORIUL AGIGEA,907017,13,60570,23,3,2,RO223
3,60561,STAŢIUNEA ZOOLOGICĂ MARINĂ AGIGEA,907018,13,60570,23,3,2,RO223
2,60945,ALBEŞTI,,13,136,3,3,2,RO223
3,60954,ALBEŞTI,907020,13,60945,22,3,2,RO223
3,60963,ARSA,907021,13,60945,23,3,2,RO223
3,60972,COROANA,907022,13,60945,23,3,2,RO223
3,60981,COTU VĂII,907023,13,60945,23,3,2,RO223
3,60990,VÂRTOP,907024,13,60945,23,3,2,RO223
2,61005,ALIMAN,,13,136,3,3,2,RO223
3,61014,ALIMAN,907025,13,61005,22,3,2,RO223
3,61032,DUNĂRENI,907026,13,61005,23,3,2,RO223
3,61041,FLORIILE,907027,13,61005,23,3,2,RO223
3,61050,VLAHII,907028,13,61005,23,3,2,RO223
2,63198,AMZACEA,,13,136,3,3,2,RO223
3,63090,AMZACEA,907030,13,63198,22,3,2,RO223
3,61470,CASICEA,907031,13,63198,23,3,2,RO223
3,61489,GENERAL SCĂRIŞOREANU,907032,13,63198,23,3,2,RO223
2,61069,BĂNEASA,,13,136,3,3,2,RO223
3,61078,BĂNEASA,907035,13,61069,22,3,2,RO223
3,61087,FĂUREI,907036,13,61069,23,3,2,RO223
3,61096,NEGURENI,907037,13,61069,23,3,2,RO223
3,61103,TUDOR VLADIMIRESCU,907038,13,61069,23,3,2,RO223
2,63294,BĂRĂGANU,,13,136,3,3,2,RO223
3,61648,BĂRĂGANU,907181,13,63294,22,3,2,RO223
3,62164,LANURILE,907183,13,63294,23,3,2,RO223
2,61121,CASTELU,,13,136,3,3,2,RO223
3,61130,CASTELU,907040,13,61121,22,3,2,RO223
3,61158,NISIPARI,907042,13,61121,23,3,2,RO223
2,61167,CERCHEZU,,13,136,3,3,2,RO223
3,61176,CERCHEZU,907045,13,61167,22,3,2,RO223
3,61185,CĂSCIOARELE,907046,13,61167,23,3,2,RO223
3,61194,MĂGURA,907047,13,61167,23,3,2,RO223
3,61201,VIROAGA,907048,13,61167,23,3,2,RO223
2,61210,CHIRNOGENI,,13,136,3,3,2,RO223
3,61229,CHIRNOGENI,907050,13,61210,22,3,2,RO223
3,61238,CREDINŢA,907051,13,61210,23,3,2,RO223
3,61247,PLOPENI,907052,13,61210,23,3,2,RO223
2,61256,CIOBANU,,13,136,3,3,2,RO223
3,61265,CIOBANU,907055,13,61256,22,3,2,RO223
3,61274,MIORIŢA,907056,13,61256,23,3,2,RO223
2,61283,CIOCÂRLIA,,13,136,3,3,2,RO223
3,61292,CIOCÂRLIA,907060,13,61283,22,3,2,RO223
3,61309,CIOCÂRLIA DE SUS,907061,13,61283,23,3,2,RO223
2,61318,COBADIN,,13,136,3,3,2,RO223
3,61327,COBADIN,907065,13,61318,22,3,2,RO223
3,61336,CONACU,907066,13,61318,23,3,2,RO223
3,61345,CURCANI,907067,13,61318,23,3,2,RO223
3,61354,NEGREŞTI,907068,13,61318,23,3,2,RO223
3,61363,VIIŞOARA,907069,13,61318,23,3,2,RO223
2,61372,COGEALAC,,13,136,3,3,2,RO223
3,61381,COGEALAC,907070,13,61372,22,3,2,RO223
3,61416,GURA DOBROGEI,907072,13,61372,23,3,2,RO223
3,61425,RÂMNICU DE JOS,907073,13,61372,23,3,2,RO223
3,61434,RÂMNICU DE SUS,907074,13,61372,23,3,2,RO223
3,61443,TARIVERDE,907076,13,61372,23,3,2,RO223
2,61452,COMANA,,13,136,3,3,2,RO223
3,61461,COMANA,907080,13,61452,22,3,2,RO223
3,61498,PELINU,907081,13,61452,23,3,2,RO223
3,61504,TĂTARU,907082,13,61452,23,3,2,RO223
2,61513,CORBU,,13,136,3,3,2,RO223
3,61522,CORBU,907085,13,61513,22,3,2,RO223
3,61531,LUMINIŢA,907086,13,61513,23,3,2,RO223
3,61540,VADU,907087,13,61513,23,3,2,RO223
2,63286,COSTINEŞTI,,13,136,3,3,2,RO223
3,60749,COSTINEŞTI,907090,13,63286,22,3,2,RO223
3,60758,SCHITU,907091,13,63286,23,3,2,RO223
2,61559,CRUCEA,,13,136,3,3,2,RO223
3,61568,CRUCEA,907095,13,61559,22,3,2,RO223
3,61577,BĂLTĂGEŞTI,907096,13,61559,23,3,2,RO223
3,61586,CRIŞAN,907097,13,61559,23,3,2,RO223
3,61595,GĂLBIORI,907098,13,61559,23,3,2,RO223
3,61602,STUPINA,907101,13,61559,23,3,2,RO223
3,61611,ŞIRIU,907099,13,61559,23,3,2,RO223
2,61620,CUMPĂNA,,13,136,3,3,2,RO223
3,61639,CUMPĂNA,907105,13,61620,22,3,2,RO223
3,61666,STRAJA,907106,13,61620,23,3,2,RO223
2,63300,CUZA VODĂ,,13,136,3,3,2,RO223
3,61149,CUZA VODĂ,907041,13,63300,22,3,2,RO223
2,61675,DELENI,,13,136,3,3,2,RO223
3,61684,DELENI,907110,13,61675,22,3,2,RO223
3,61693,PETROŞANI,907111,13,61675,23,3,2,RO223
3,61700,PIETRENI,907112,13,61675,23,3,2,RO223
3,61728,ŞIPOTELE,907113,13,61675,23,3,2,RO223
2,61737,DOBROMIR,,13,136,3,3,2,RO223
3,61746,DOBROMIR,907115,13,61737,22,3,2,RO223
3,61755,CETATEA,907116,13,61737,23,3,2,RO223
3,61764,DOBROMIRU DIN DEAL,907117,13,61737,23,3,2,RO223
3,61773,LESPEZI,907118,13,61737,23,3,2,RO223
3,61782,PĂDURENI,907119,13,61737,23,3,2,RO223
3,61791,VĂLENI,907121,13,61737,23,3,2,RO223
2,63161,DUMBRĂVENI,,13,136,3,3,2,RO223
3,61899,DUMBRĂVENI,907125,13,63161,22,3,2,RO223
3,61915,FURNICA,907126,13,63161,23,3,2,RO223
2,63334,FÂNTÂNELE,,13,136,3,3,2,RO223
3,61407,FÂNTÂNELE,907071,13,63334,22,3,2,RO223
2,61808,GÂRLICIU,,13,136,3,3,2,RO223
3,61817,GÂRLICIU,907130,13,61808,22,3,2,RO223
2,61826,GHINDĂREŞTI,,13,136,3,3,2,RO223
3,61853,GHINDĂREŞTI,907135,13,61826,22,3,2,RO223
2,63326,GRĂDINA,,13,136,3,3,2,RO223
3,63027,GRĂDINA,907278,13,63326,22,3,2,RO223
3,63009,CASIAN,907276,13,63326,23,3,2,RO223
3,63018,CHEIA,907277,13,63326,23,3,2,RO223
2,63278,HORIA,,13,136,3,3,2,RO223
3,61835,HORIA,907140,13,63278,22,3,2,RO223
3,61844,CLOŞCA,907141,13,63278,23,3,2,RO223
3,61862,TICHILEŞTI,907142,13,63278,23,3,2,RO223
2,61871,INDEPENDENŢA,,13,136,3,3,2,RO223
3,61880,INDEPENDENŢA,907145,13,61871,22,3,2,RO223
3,61906,FÂNTÂNA MARE,907146,13,61871,23,3,2,RO223
3,61924,MOVILA VERDE,907147,13,61871,23,3,2,RO223
3,61933,OLTENI,907148,13,61871,23,3,2,RO223
3,61942,TUFANI,907149,13,61871,23,3,2,RO223
2,61951,ION CORVIN,,13,136,3,3,2,RO223
3,61960,ION CORVIN,907150,13,61951,22,3,2,RO223
3,61979,BREBENI,907151,13,61951,23,3,2,RO223
3,61988,CRÂNGU,907152,13,61951,23,3,2,RO223
3,62002,RARIŞTEA,907153,13,61951,23,3,2,RO223
3,62011,VIILE,907154,13,61951,23,3,2,RO223
2,62020,ISTRIA,,13,136,3,3,2,RO223
3,62039,ISTRIA,907155,13,62020,22,3,2,RO223
3,62048,NUNTAŞI,907156,13,62020,23,3,2,RO223
2,60632,LIMANU,,13,136,3,3,2,RO223
3,60641,LIMANU,907160,13,60632,22,3,2,RO223
3,60669,2 MAI,907161,13,60632,23,3,2,RO223
3,60650,HAGIENI,907162,13,60632,23,3,2,RO223
3,60678,VAMA VECHE,907163,13,60632,23,3,2,RO223
2,62057,LIPNIŢA,,13,136,3,3,2,RO223
3,62066,LIPNIŢA,907165,13,62057,22,3,2,RO223
3,62075,CANLIA,907166,13,62057,23,3,2,RO223
3,62084,CARVĂN,907167,13,62057,23,3,2,RO223
3,62093,COSLUGEA,907168,13,62057,23,3,2,RO223
3,62100,CUIUGIUC,907169,13,62057,23,3,2,RO223
3,62119,GORUNI,907171,13,62057,23,3,2,RO223
3,62128,IZVOARELE,907172,13,62057,23,3,2,RO223
2,63152,LUMINA,,13,136,3,3,2,RO223
3,60703,LUMINA,907175,13,63152,22,3,2,RO223
3,62217,OITUZ,907176,13,63152,23,3,2,RO223
3,62244,SIBIOARA,907177,13,63152,23,3,2,RO223
2,62137,MERENI,,13,136,3,3,2,RO223
3,62146,MERENI,907180,13,62137,22,3,2,RO223
3,62155,CIOBĂNIŢA,907182,13,62137,23,3,2,RO223
3,62173,MIRIŞTEA,907184,13,62137,23,3,2,RO223
3,62182,OSMANCEA,907186,13,62137,23,3,2,RO223
2,62253,MIHAI VITEAZU,,13,136,3,3,2,RO223
3,62262,MIHAI VITEAZU,907190,13,62253,22,3,2,RO223
3,62271,SINOIE,907191,13,62253,23,3,2,RO223
2,62191,MIHAIL KOGĂLNICEANU,,13,136,3,3,2,RO223
3,62208,MIHAIL KOGĂLNICEANU,907195,13,62191,22,3,2,RO223
3,62226,PALAZU MIC,907196,13,62191,23,3,2,RO223
3,62235,PIATRA,907197,13,62191,23,3,2,RO223
2,62280,MIRCEA VODĂ,,13,136,3,3,2,RO223
3,62299,MIRCEA VODĂ,907200,13,62280,22,3,2,RO223
3,62315,GHERGHINA,907202,13,62280,23,3,2,RO223
3,62333,SATU NOU,907204,13,62280,23,3,2,RO223
3,62351,ŢIBRINU,907207,13,62280,23,3,2,RO223
2,62440,NICOLAE BĂLCESCU,,13,136,3,3,2,RO223
3,62459,NICOLAE BĂLCESCU,907210,13,62440,22,3,2,RO223
3,62468,DOROBANŢU,907211,13,62440,23,3,2,RO223
2,62486,OLTINA,,13,136,3,3,2,RO223
3,62495,OLTINA,907215,13,62486,22,3,2,RO223
3,62501,RĂZOARELE,907216,13,62486,23,3,2,RO223
3,62510,SATU NOU,907217,13,62486,23,3,2,RO223
3,62529,STRUNGA,907218,13,62486,23,3,2,RO223
2,62538,OSTROV,,13,136,3,3,2,RO223
3,62547,OSTROV,907220,13,62538,22,3,2,RO223
3,62556,ALMĂLĂU,907221,13,62538,23,3,2,RO223
3,62565,BUGEAC,907222,13,62538,23,3,2,RO223
3,62574,ESECHIOI,907223,13,62538,23,3,2,RO223
3,62583,GALIŢA,907224,13,62538,23,3,2,RO223
3,62592,GÂRLIŢA,907226,13,62538,23,3,2,RO223
2,62609,PANTELIMON,,13,136,3,3,2,RO223
3,62618,PANTELIMON,907230,13,62609,22,3,2,RO223
3,62627,CĂLUGĂRENI,907231,13,62609,23,3,2,RO223
3,62636,NISTOREŞTI,907232,13,62609,23,3,2,RO223
3,62645,PANTELIMON DE JOS,907233,13,62609,23,3,2,RO223
3,62654,RUNCU,907234,13,62609,23,3,2,RO223
2,62672,PECINEAGA,,13,136,3,3,2,RO223
3,62681,PECINEAGA,907235,13,62672,22,3,2,RO223
3,62690,VÂNĂTORI,907236,13,62672,23,3,2,RO223
2,62707,PEŞTERA,,13,136,3,3,2,RO223
3,62716,PEŞTERA,907240,13,62707,22,3,2,RO223
3,62725,IVRINEZU MARE,907241,13,62707,23,3,2,RO223
3,62734,IVRINEZU MIC,907242,13,62707,23,3,2,RO223
3,62743,IZVORU MARE,907243,13,62707,23,3,2,RO223
3,62752,VETERANU,907244,13,62707,23,3,2,RO223
2,62761,POARTA ALBĂ,,13,136,3,3,2,RO223
3,62770,POARTA ALBĂ,907245,13,62761,22,3,2,RO223
3,62789,NAZARCEA,907246,13,62761,23,3,2,RO223
2,62798,RASOVA,,13,136,3,3,2,RO223
3,62805,RASOVA,907250,13,62798,22,3,2,RO223
3,62814,COCHIRLENI,907251,13,62798,23,3,2,RO223
2,63318,SALIGNY,,13,136,3,3,2,RO223
3,62324,SALIGNY,907203,13,63318,22,3,2,RO223
3,62306,FĂCLIA,907201,13,63318,23,3,2,RO223
3,62342,ŞTEFAN CEL MARE,907206,13,63318,23,3,2,RO223
2,62823,SARAIU,,13,136,3,3,2,RO223
3,62832,SARAIU,907255,13,62823,22,3,2,RO223
3,62850,DULGHERU,907256,13,62823,23,3,2,RO223
3,62869,STEJARU,907257,13,62823,23,3,2,RO223
2,62878,SĂCELE,,13,136,3,3,2,RO223
3,62887,SĂCELE,907260,13,62878,22,3,2,RO223
3,62896,TRAIAN,907261,13,62878,23,3,2,RO223
2,62903,SEIMENI,,13,136,3,3,2,RO223
3,62912,SEIMENI,907265,13,62903,22,3,2,RO223
3,62921,DUNĂREA,907266,13,62903,23,3,2,RO223
3,62930,SEIMENII MICI,907267,13,62903,23,3,2,RO223
2,62949,SILIŞTEA,,13,136,3,3,2,RO223
3,62958,SILIŞTEA,907270,13,62949,22,3,2,RO223
3,62976,TEPEŞ VODĂ,907271,13,62949,23,3,2,RO223
2,62985,TÂRGUŞOR,,13,136,3,3,2,RO223
3,62994,TÂRGUŞOR,907275,13,62985,22,3,2,RO223
3,63036,MIREASA,907279,13,62985,23,3,2,RO223
2,63045,TOPALU,,13,136,3,3,2,RO223
3,63054,TOPALU,907280,13,63045,22,3,2,RO223
3,63063,CAPIDAVA,907281,13,63045,23,3,2,RO223
2,63072,TOPRAISAR,,13,136,3,3,2,RO223
3,63081,TOPRAISAR,907285,13,63072,22,3,2,RO223
3,63107,BIRUINŢA,907286,13,63072,23,3,2,RO223
3,63116,MOVILIŢA,907287,13,63072,23,3,2,RO223
3,61657,POTÂRNICHEA,907288,13,63072,23,3,2,RO223
2,63189,TORTOMAN,,13,136,3,3,2,RO223
3,62967,TORTOMAN,907290,13,63189,22,3,2,RO223
3,62477,DROPIA,907291,13,63189,23,3,2,RO223
2,60721,TUZLA,,13,136,3,3,2,RO223
3,60730,TUZLA,907295,13,60721,22,3,2,RO223
2,63125,VALU LUI TRAIAN,,13,136,3,3,2,RO223
3,63134,VALU LUI TRAIAN,907300,13,63125,22,3,2,RO223
2,63170,VULTURU,,13,136,3,3,2,RO223
3,62663,VULTURU,907305,13,63170,22,3,2,RO223
1,145,JUDEŢUL COVASNA,,14,1,40,0,7,RO123
2,63394,MUNICIPIUL SFÂNTU GHEORGHE,,14,145,1,1,7,RO123
3,63401,SFÂNTU GHEORGHE,520076,14,63394,9,1,7,RO123
3,63410,CHILIENI,520001,14,63394,11,1,7,RO123
3,63429,COŞENI,520002,14,63394,11,1,7,RO123
2,63740,MUNICIPIUL TÂRGU SECUIESC,,14,145,4,1,7,RO123
3,63759,TÂRGU SECUIESC,525400,14,63740,9,1,7,RO123
3,63768,LUNGA,525401,14,63740,11,1,7,RO123
2,63447,ORAŞ BARAOLT,,14,145,2,1,7,RO123
3,63456,BARAOLT,525100,14,63447,17,1,7,RO123
3,63465,BIBORŢENI,525101,14,63447,19,1,7,RO123
3,63474,BODOŞ,525102,14,63447,19,1,7,RO123
3,63483,CĂPENI,525103,14,63447,19,1,7,RO123
3,63492,MICLOŞOARA,525104,14,63447,19,1,7,RO123
3,63508,RACOŞUL DE SUS,525105,14,63447,19,1,7,RO123
2,63526,ORAŞ COVASNA,,14,145,2,1,7,RO123
3,63535,COVASNA,525200,14,63526,17,1,7,RO123
3,63544,CHIURUŞ,525201,14,63526,18,1,7,RO123
2,63580,ORAŞ ÎNTORSURA BUZĂULUI,,14,145,2,1,7,RO123
3,63599,ÎNTORSURA BUZĂULUI,525300,14,63580,17,1,7,RO123
3,63606,BRĂDET,525301,14,63580,19,1,7,RO123
3,63615,FLOROAIA,525302,14,63580,19,1,7,RO123
3,63624,SCRĂDOASA,525303,14,63580,19,1,7,RO123
2,63777,AITA MARE,,14,145,3,3,7,RO123
3,63786,AITA MARE,527005,14,63777,22,3,7,RO123
3,63795,AITA MEDIE,527006,14,63777,23,3,7,RO123
2,65113,ARCUŞ,,14,145,3,3,7,RO123
3,64924,ARCUŞ,527166,14,65113,22,3,7,RO123
2,63633,BARCANI,,14,145,3,3,7,RO123
3,63642,BARCANI,527010,14,63633,22,3,7,RO123
3,63651,LĂDĂUŢI,527011,14,63633,23,3,7,RO123
3,63660,SĂRĂMĂŞ,527012,14,63633,23,3,7,RO123
2,63802,BĂŢANI,,14,145,3,3,7,RO123
3,63811,BĂŢANII MARI,527020,14,63802,22,3,7,RO123
3,63820,AITA SEACĂ,527016,14,63802,23,3,7,RO123
3,63839,BĂŢANII MICI,527017,14,63802,23,3,7,RO123
3,63848,HERCULIAN,527018,14,63802,23,3,7,RO123
3,63857,OZUNCA-BĂI,527019,14,63802,23,3,7,RO123
2,63866,BELIN,,14,145,3,3,7,RO123
3,63875,BELIN,527030,14,63866,22,3,7,RO123
3,63884,BELIN-VALE,527031,14,63866,23,3,7,RO123
2,65121,BIXAD,,14,145,3,3,7,RO123
3,64522,BIXAD,527116,14,65121,22,3,7,RO123
2,63893,BODOC,,14,145,3,3,7,RO123
3,63900,BODOC,527035,14,63893,22,3,7,RO123
3,63919,OLTENI,527036,14,63893,23,3,7,RO123
3,63928,ZĂLAN,527037,14,63893,23,3,7,RO123
2,63937,BOROŞNEU MARE,,14,145,3,3,7,RO123
3,63946,BOROŞNEU MARE,527040,14,63937,22,3,7,RO123
3,63955,BOROŞNEU MIC,527041,14,63937,23,3,7,RO123
3,63964,DOBOLII DE SUS,527042,14,63937,23,3,7,RO123
3,63973,LEŢ,527043,14,63937,23,3,7,RO123
3,63982,ŢUFALĂU,527044,14,63937,23,3,7,RO123
3,63991,VALEA MICĂ,527046,14,63937,23,3,7,RO123
2,64005,BRATEŞ,,14,145,3,3,7,RO123
3,64014,BRATEŞ,527050,14,64005,22,3,7,RO123
3,64023,PACHIA,527051,14,64005,23,3,7,RO123
3,64032,TELECHIA,527052,14,64005,23,3,7,RO123
2,64041,BRĂDUŢ,,14,145,3,3,7,RO123
3,64050,BRĂDUŢ,527055,14,64041,22,3,7,RO123
3,64069,DOBOŞENI,527056,14,64041,23,3,7,RO123
3,64078,FILIA,527057,14,64041,23,3,7,RO123
3,64087,TĂLIŞOARA,527058,14,64041,23,3,7,RO123
2,64096,BREŢCU,,14,145,3,3,7,RO123
3,64103,BREŢCU,527060,14,64096,22,3,7,RO123
3,64112,MĂRTĂNUŞ,527061,14,64096,23,3,7,RO123
3,64121,OITUZ,527062,14,64096,23,3,7,RO123
2,64130,CATALINA,,14,145,3,3,7,RO123
3,64149,CATALINA,527065,14,64130,22,3,7,RO123
3,64158,HĂTUICA,527066,14,64130,23,3,7,RO123
3,64167,IMENI,527067,14,64130,23,3,7,RO123
3,64185,MĂRCUŞA,527068,14,64130,23,3,7,RO123
3,64176,MĂRTINENI,527069,14,64130,23,3,7,RO123
2,64194,CERNAT,,14,145,3,3,7,RO123
3,64201,CERNAT,527070,14,64194,22,3,7,RO123
3,64210,ALBIŞ,527071,14,64194,23,3,7,RO123
3,64229,ICAFALĂU,527072,14,64194,23,3,7,RO123
2,64238,CHICHIŞ,,14,145,3,3,7,RO123
3,64247,CHICHIŞ,527075,14,64238,22,3,7,RO123
3,64256,BĂCEL,527076,14,64238,23,3,7,RO123
2,63553,COMANDĂU,,14,145,3,3,7,RO123
3,63562,COMANDĂU,527080,14,63553,22,3,7,RO123
2,65147,DALNIC,,14,145,3,3,7,RO123
3,64586,DALNIC,527121,14,65147,22,3,7,RO123
2,64265,DOBÂRLĂU,,14,145,3,3,7,RO123
3,64274,DOBÂRLĂU,527085,14,64265,22,3,7,RO123
3,64283,LUNCA MĂRCUŞULUI,527086,14,64265,23,3,7,RO123
3,64292,MĂRCUŞ,527087,14,64265,23,3,7,RO123
3,64309,VALEA DOBÂRLĂULUI,527088,14,64265,23,3,7,RO123
2,65154,ESTELNIC,,14,145,3,3,7,RO123
3,64755,ESTELNIC,527143,14,65154,22,3,7,RO123
3,64746,CĂRPINENII,527142,14,65154,23,3,7,RO123
3,64764,VALEA SCURTĂ,527144,14,65154,23,3,7,RO123
2,64318,GHELINŢA,,14,145,3,3,7,RO123
3,64327,GHELINŢA,527090,14,64318,22,3,7,RO123
3,64336,HARALE,527091,14,64318,23,3,7,RO123
2,64345,GHIDFALĂU,,14,145,3,3,7,RO123
3,64354,GHIDFALĂU,527095,14,64345,22,3,7,RO123
3,64363,ANGHELUŞ,527096,14,64345,23,3,7,RO123
3,64372,FOTOŞ,527097,14,64345,23,3,7,RO123
3,64381,ZOLTAN,527098,14,64345,23,3,7,RO123
2,64390,HĂGHIG,,14,145,3,3,7,RO123
3,64407,HĂGHIG,527100,14,64390,22,3,7,RO123
3,64416,IARĂŞ,527101,14,64390,23,3,7,RO123
2,64425,ILIENI,,14,145,3,3,7,RO123
3,64434,ILIENI,527105,14,64425,22,3,7,RO123
3,64443,DOBOLII DE JOS,527106,14,64425,23,3,7,RO123
3,64452,SÂNCRAIU,527107,14,64425,23,3,7,RO123
2,64461,LEMNIA,,14,145,3,3,7,RO123
3,64470,LEMNIA,527110,14,64461,22,3,7,RO123
2,64504,MALNAŞ,,14,145,3,3,7,RO123
3,64531,MALNAŞ,527117,14,64504,22,3,7,RO123
3,64540,MALNAŞ-BĂI,527118,14,64504,23,3,7,RO123
3,64559,VALEA ZĂLANULUI,527119,14,64504,23,3,7,RO123
2,65105,MERENI,,14,145,3,3,7,RO123
3,64498,MERENI,527112,14,65105,22,3,7,RO123
3,64489,LUTOASA,527111,14,65105,23,3,7,RO123
2,65139,MICFALĂU,,14,145,3,3,7,RO123
3,64513,MICFALĂU,527115,14,65139,22,3,7,RO123
2,64568,MOACŞA,,14,145,3,3,7,RO123
3,64577,MOACŞA,527120,14,64568,22,3,7,RO123
3,64595,PĂDURENI,527122,14,64568,23,3,7,RO123
2,64602,OJDULA,,14,145,3,3,7,RO123
3,64611,OJDULA,527125,14,64602,22,3,7,RO123
3,64620,HILIB,527126,14,64602,23,3,7,RO123
2,64639,OZUN,,14,145,3,3,7,RO123
3,64648,OZUN,527130,14,64639,22,3,7,RO123
3,64657,BICFALĂU,527131,14,64639,23,3,7,RO123
3,64666,LISNĂU,527132,14,64639,23,3,7,RO123
3,64675,LISNĂU-VALE,527133,14,64639,23,3,7,RO123
3,64684,LUNCA OZUNULUI,527134,14,64639,23,3,7,RO123
3,64693,MĂGHERUŞ,527136,14,64639,23,3,7,RO123
3,64700,SÂNTIONLUNCA,527137,14,64639,23,3,7,RO123
2,64719,POIAN,,14,145,3,3,7,RO123
3,64728,POIAN,527140,14,64719,22,3,7,RO123
3,64737,BELANI,527141,14,64719,23,3,7,RO123
2,64773,RECI,,14,145,3,3,7,RO123
3,64782,RECI,527145,14,64773,22,3,7,RO123
3,64791,ANINOASA,527146,14,64773,23,3,7,RO123
3,64808,BITA,527147,14,64773,23,3,7,RO123
3,64817,SACIOVA,527148,14,64773,23,3,7,RO123
2,64826,SÂNZIENI,,14,145,3,3,7,RO123
3,64835,SÂNZIENI,527150,14,64826,22,3,7,RO123
3,64844,CAŞINU MIC,527151,14,64826,23,3,7,RO123
3,64853,PETRICENI,527152,14,64826,23,3,7,RO123
3,64862,VALEA SEACĂ,527153,14,64826,23,3,7,RO123
2,63688,SITA BUZĂULUI,,14,145,3,3,7,RO123
3,63697,SITA BUZĂULUI,527155,14,63688,22,3,7,RO123
3,63704,CRASNA,527156,14,63688,23,3,7,RO123
3,63713,MERIŞOR,527157,14,63688,23,3,7,RO123
3,63722,ZĂBRĂTĂU,527158,14,63688,23,3,7,RO123
2,64871,TURIA,,14,145,3,3,7,RO123
3,64880,TURIA,527160,14,64871,22,3,7,RO123
3,64899,ALUNGENI,527161,14,64871,23,3,7,RO123
2,64906,VALEA CRIŞULUI,,14,145,3,3,7,RO123
3,64915,VALEA CRIŞULUI,527165,14,64906,22,3,7,RO123
3,64933,CALNIC,527167,14,64906,23,3,7,RO123
2,65099,VALEA MARE,,14,145,3,3,7,RO123
3,63679,VALEA MARE,527170,14,65099,22,3,7,RO123
2,64942,VÂLCELE,,14,145,3,3,7,RO123
3,64951,ARACI,527176,14,64942,22,3,7,RO123
3,64960,ARIUŞD,527177,14,64942,23,3,7,RO123
3,64979,HETEA,527178,14,64942,23,3,7,RO123
3,64988,VÂLCELE,527175,14,64942,23,3,7,RO123
2,64997,VÂRGHIŞ,,14,145,3,3,7,RO123
3,65002,VÂRGHIŞ,527180,14,64997,22,3,7,RO123
2,65011,ZAGON,,14,145,3,3,7,RO123
3,65020,ZAGON,527185,14,65011,22,3,7,RO123
3,65039,PĂPĂUŢI,527186,14,65011,23,3,7,RO123
2,65048,ZĂBALA,,14,145,3,3,7,RO123
3,65057,ZĂBALA,527190,14,65048,22,3,7,RO123
3,65066,PETENI,527191,14,65048,23,3,7,RO123
3,65075,SURCEA,527192,14,65048,23,3,7,RO123
3,65084,TAMAŞFALĂU,527193,14,65048,23,3,7,RO123
1,154,JUDEŢUL DÂMBOVIŢA,,15,1,40,0,3,RO313
2,65342,MUNICIPIUL TÂRGOVIŞTE,,15,154,1,1,3,RO313
3,65351,TÂRGOVIŞTE,130002,15,65342,9,1,3,RO313
3,65360,PRISEACA,130001,15,65342,10,1,3,RO313
2,65841,MUNICIPIUL  MORENI,,15,154,4,1,3,RO313
3,65850,MORENI,135300,15,65841,9,1,3,RO313
2,65609,ORAŞ FIENI,,15,154,2,1,3,RO313
3,65618,FIENI,135100,15,65609,17,1,3,RO313
3,65627,BEREVOEŞTI,135101,15,65609,19,1,3,RO313
3,65636,COSTEŞTI,135102,15,65609,19,1,3,RO313
2,65681,ORAŞ GĂEŞTI,,15,154,2,1,3,RO313
3,65690,GĂEŞTI,135200,15,65681,17,1,3,RO313
2,65921,ORAŞ PUCIOASA,,15,154,2,1,3,RO313
3,65930,PUCIOASA,135400,15,65921,17,1,3,RO313
3,65949,BELA,135401,15,65921,18,1,3,RO313
3,65958,DIACONEŞTI,135402,15,65921,18,1,3,RO313
3,65967,GLODENI,135403,15,65921,18,1,3,RO313
3,65976,MALURILE,135404,15,65921,18,1,3,RO313
3,65985,MICULEŞTI,135405,15,65921,18,1,3,RO313
3,65994,PUCIOASA-SAT,135406,15,65921,18,1,3,RO313
2,68627,ORAŞ RĂCARI,,15,154,2,1,3,RO313
3,68636,RĂCARI,137385,15,68627,17,1,3,RO313
3,68645,BĂLĂNEŞTI,137386,15,68627,18,1,3,RO313
3,68654,COLACU,137387,15,68627,18,1,3,RO313
3,68663,GHERGANI,137388,15,68627,18,1,3,RO313
3,68672,GHIMPAŢI,137389,15,68627,18,1,3,RO313
3,68681,MAVRODIN,137391,15,68627,18,1,3,RO313
3,68690,SĂBIEŞTI,137392,15,68627,18,1,3,RO313
3,68707,STĂNEŞTI,137393,15,68627,18,1,3,RO313
2,66081,ORAŞ TITU,,15,154,2,1,3,RO313
3,66090,TITU,135500,15,66081,17,1,3,RO313
3,66107,FUSEA,135501,15,66081,19,1,3,RO313
3,66116,HAGIOAICA,135502,15,66081,19,1,3,RO313
3,66125,MERENI,135503,15,66081,19,1,3,RO313
3,66134,PLOPU,135504,15,66081,19,1,3,RO313
3,66143,SĂLCUŢA,135505,15,66081,19,1,3,RO313
2,65379,ANINOASA,,15,154,3,3,3,RO313
3,65388,ANINOASA,137005,15,65379,22,3,3,RO313
3,65397,SĂTENI,137006,15,65379,23,3,3,RO313
3,65404,VIFORÂTA,137007,15,65379,23,3,3,RO313
2,66198,BĂLENI,,15,154,3,3,3,RO313
3,66205,BĂLENI-ROMÂNI,137015,15,66198,22,3,3,RO313
3,66214,BĂLENI-SÂRBI,137011,15,66198,23,3,3,RO313
2,66223,BĂRBULEŢU,,15,154,3,3,3,RO313
3,66250,BĂRBULEŢU,137020,15,66223,22,3,3,RO313
3,66269,CETĂŢUIA,137022,15,66223,23,3,3,RO313
3,66232,GURA BĂRBULEŢULUI,137024,15,66223,23,3,3,RO313
2,66330,BEZDEAD,,15,154,3,3,3,RO313
3,66349,BEZDEAD,137035,15,66330,22,3,3,RO313
3,66358,BROŞTENI,137036,15,66330,23,3,3,RO313
3,66367,COSTIŞATA,137037,15,66330,23,3,3,RO313
3,66376,MĂGURA,137038,15,66330,23,3,3,RO313
3,66385,TUNARI,137039,15,66330,23,3,3,RO313
3,66394,VALEA MORII,137041,15,66330,23,3,3,RO313
2,66401,BILCIUREŞTI,,15,154,3,3,3,RO313
3,66410,BILCIUREŞTI,137045,15,66401,22,3,3,RO313
3,66429,SUSENI-SOCETU,137046,15,66401,23,3,3,RO313
2,66152,BRANIŞTEA,,15,154,3,3,3,RO313
3,66161,BRANIŞTEA,137050,15,66152,22,3,3,RO313
3,66170,DÂMBOVICIOARA,137051,15,66152,23,3,3,RO313
3,66189,SĂVEŞTI,137052,15,66152,23,3,3,RO313
2,66009,BRĂNEŞTI,,15,154,3,3,3,RO313
3,66018,BRĂNEŞTI,137055,15,66009,22,3,3,RO313
3,66045,PRIBOIU,137056,15,66009,23,3,3,RO313
2,101341,BREZOAELE,,15,154,3,3,3,RO313
3,101350,BREZOAELE,137060,15,101341,22,3,3,RO313
3,101369,BREZOAIA,137061,15,101341,23,3,3,RO313
2,66438,BUCIUMENI,,15,154,3,3,3,RO313
3,66447,BUCIUMENI,137065,15,66438,22,3,3,RO313
3,66456,DEALU MARE,137066,15,66438,23,3,3,RO313
3,66465,VALEA LEURZII,137067,15,66438,23,3,3,RO313
2,66474,BUCŞANI,,15,154,3,3,3,RO313
3,66483,BUCŞANI,137070,15,66474,22,3,3,RO313
3,66492,HĂBENI,137071,15,66474,23,3,3,RO313
3,66508,RACOVIŢA,137072,15,66474,23,3,3,RO313
3,66517,RĂŢOAIA,137073,15,66474,23,3,3,RO313
2,101564,BUTIMANU,,15,154,3,3,3,RO313
3,101573,BUTIMANU,137075,15,101564,22,3,3,RO313
3,101582,BĂRBUCEANU,137076,15,101564,23,3,3,RO313
3,101591,LUCIANCA,137077,15,101564,23,3,3,RO313
3,101608,UNGURENI,137078,15,101564,23,3,3,RO313
2,66526,CÂNDEŞTI,,15,154,3,3,3,RO313
3,66535,CÂNDEŞTI-VALE,137083,15,66526,22,3,3,RO313
3,66544,ANINOŞANI,137081,15,66526,23,3,3,RO313
3,66553,CÂNDEŞTI-DEAL,137082,15,66526,23,3,3,RO313
3,66562,DRAGODĂNEŞTI,137084,15,66526,23,3,3,RO313
3,66571,VALEA MARE,137086,15,66526,23,3,3,RO313
2,101840,CIOCĂNEŞTI,,15,154,3,3,3,RO313
3,101859,CIOCĂNEŞTI,137090,15,101840,22,3,3,RO313
3,101868,CREŢU,137091,15,101840,23,3,3,RO313
3,101877,DECINDEA,137092,15,101840,23,3,3,RO313
3,101886,URZICEANCA,137093,15,101840,23,3,3,RO313
3,101895,VIZUREŞTI,137094,15,101840,23,3,3,RO313
2,66580,COBIA,,15,154,3,3,3,RO313
3,66599,GHERGHIŢEŞTI,137104,15,66580,22,3,3,RO313
3,66606,BLIDARI,137096,15,66580,23,3,3,RO313
3,66615,CĂLUGĂRENI,137097,15,66580,23,3,3,RO313
3,66624,CĂPŞUNA,137098,15,66580,23,3,3,RO313
3,66633,COBIUŢA,137099,15,66580,23,3,3,RO313
3,66642,CRĂCIUNEŞTI,137101,15,66580,23,3,3,RO313
3,66651,FRASIN-DEAL,137102,15,66580,23,3,3,RO313
3,66660,FRASIN-VALE,137103,15,66580,23,3,3,RO313
3,66688,MĂNĂSTIREA,137106,15,66580,23,3,3,RO313
3,66679,MISLEA,137107,15,66580,23,3,3,RO313
2,66697,COJASCA,,15,154,3,3,3,RO313
3,66704,COJASCA,137115,15,66697,22,3,3,RO313
3,66713,FÂNTÂNELE,137116,15,66697,23,3,3,RO313
3,66722,IAZU,137117,15,66697,23,3,3,RO313
2,66731,COMIŞANI,,15,154,3,3,3,RO313
3,66740,COMIŞANI,137120,15,66731,22,3,3,RO313
3,66759,LAZURI,137121,15,66731,23,3,3,RO313
2,66768,CONŢEŞTI,,15,154,3,3,3,RO313
3,66777,CONŢEŞTI,137125,15,66768,22,3,3,RO313
3,66786,BĂLTENI,137126,15,66768,23,3,3,RO313
3,66795,BOTENI,137127,15,66768,23,3,3,RO313
3,66802,CĂLUGĂRENI,137128,15,66768,23,3,3,RO313
3,66811,CRÂNGAŞI,137129,15,66768,23,3,3,RO313
3,66820,GĂMĂNEŞTI,137131,15,66768,23,3,3,RO313
3,66839,HELEŞTEU,137132,15,66768,23,3,3,RO313
3,66848,MERENI,137133,15,66768,23,3,3,RO313
2,66857,CORBII MARI,,15,154,3,3,3,RO313
3,66866,CORBII MARI,137135,15,66857,22,3,3,RO313
3,66875,BĂRĂCENI,137136,15,66857,23,3,3,RO313
3,66884,GROZĂVEŞTI,137137,15,66857,23,3,3,RO313
3,66893,MOARA DIN GROAPĂ,137138,15,66857,23,3,3,RO313
3,66900,PETREŞTI,137139,15,66857,23,3,3,RO313
3,66919,PODU CORBENCII,137141,15,66857,23,3,3,RO313
3,66928,SATU NOU,137142,15,66857,23,3,3,RO313
3,66937,UNGURENI,137143,15,66857,23,3,3,RO313
3,66946,VADU STANCHII,137144,15,66857,23,3,3,RO313
2,66955,CORNĂŢELU,,15,154,3,3,3,RO313
3,66964,CORNĂŢELU,137145,15,66955,22,3,3,RO313
3,66973,ALUNIŞU,137146,15,66955,23,3,3,RO313
3,66982,BOLOVANI,137147,15,66955,23,3,3,RO313
3,66991,CORNI,137148,15,66955,23,3,3,RO313
3,67005,SLOBOZIA,137149,15,66955,23,3,3,RO313
2,67014,CORNEŞTI,,15,154,3,3,3,RO313
3,67023,CORNEŞTI,137150,15,67014,22,3,3,RO313
3,67032,BUJOREANCA,137151,15,67014,23,3,3,RO313
3,67041,CĂTUNU,137152,15,67014,23,3,3,RO313
3,67050,CRISTEASCA,137153,15,67014,23,3,3,RO313
3,67069,CRIVĂŢU,137154,15,67014,23,3,3,RO313
3,67078,FRASINU,137156,15,67014,23,3,3,RO313
3,67087,HODĂRĂŞTI,137157,15,67014,23,3,3,RO313
3,67096,IBRIANU,137158,15,67014,23,3,3,RO313
3,67103,POSTÂRNACU,137159,15,67014,23,3,3,RO313
3,67112,UNGURENI,137161,15,67014,23,3,3,RO313
2,67121,COSTEŞTII DIN VALE,,15,154,3,3,3,RO313
3,67130,COSTEŞTII DIN VALE,137165,15,67121,22,3,3,RO313
3,67149,MĂRUNŢIŞU,137166,15,67121,23,3,3,RO313
3,67158,TOMŞANI,137167,15,67121,23,3,3,RO313
2,67167,CRÂNGURILE,,15,154,3,3,3,RO313
3,67176,BĂDULEŞTI,137171,15,67167,22,3,3,RO313
3,67185,CRÂNGURILE DE JOS,137172,15,67167,23,3,3,RO313
3,67194,CRÂNGURILE DE SUS,137173,15,67167,23,3,3,RO313
3,67201,PĂTROAIA-DEAL,137174,15,67167,23,3,3,RO313
3,67210,PĂTROAIA-VALE,137176,15,67167,23,3,3,RO313
3,67229,POTLOGENI-VALE,137177,15,67167,23,3,3,RO313
3,67238,RĂŢEŞTI,137178,15,67167,23,3,3,RO313
3,67247,VOIA,137179,15,67167,23,3,3,RO313
2,102286,CREVEDIA,,15,154,3,3,3,RO313
3,102295,CREVEDIA,137180,15,102286,22,3,3,RO313
3,102302,COCANI,137181,15,102286,23,3,3,RO313
3,102311,DÂRZA,137182,15,102286,23,3,3,RO313
3,102320,MÂNĂSTIREA,137183,15,102286,23,3,3,RO313
3,102339,SAMURCAŞI,137184,15,102286,23,3,3,RO313
2,67256,DĂRMĂNEŞTI,,15,154,3,3,3,RO313
3,67265,DĂRMĂNEŞTI,137185,15,67256,22,3,3,RO313
3,67274,MĂRGINENII DE SUS,137186,15,67256,23,3,3,RO313
2,67292,DOBRA,,15,154,3,3,3,RO313
3,67309,DOBRA,137190,15,67292,22,3,3,RO313
3,67318,MĂRCEŞTI,137191,15,67292,23,3,3,RO313
2,65413,DOICEŞTI,,15,154,3,3,3,RO313
3,65422,DOICEŞTI,137195,15,65413,22,3,3,RO313
2,67327,DRAGODANA,,15,154,3,3,3,RO313
3,67336,DRAGODANA,137200,15,67327,22,3,3,RO313
3,67345,BOBOCI,137201,15,67327,23,3,3,RO313
3,67354,BURDUCA,137202,15,67327,23,3,3,RO313
3,67363,CUPARU,137203,15,67327,23,3,3,RO313
3,67372,PĂDURENI,137204,15,67327,23,3,3,RO313
3,67381,PICIOR DE MUNTE,137206,15,67327,23,3,3,RO313
3,67390,STRĂOŞTI,137207,15,67327,23,3,3,RO313
2,67407,DRAGOMIREŞTI,,15,154,3,3,3,RO313
3,67416,DRAGOMIREŞTI,137210,15,67407,22,3,3,RO313
3,67425,DECINDENI,137211,15,67407,23,3,3,RO313
3,67434,GEANGOEŞTI,137212,15,67407,23,3,3,RO313
3,67443,MOGOŞEŞTI,137213,15,67407,23,3,3,RO313
3,67452,RÂNCĂCIOV,137214,15,67407,23,3,3,RO313
3,67461,UNGURENI,137216,15,67407,23,3,3,RO313
2,67470,FINTA,,15,154,3,3,3,RO313
3,67489,FINTA MARE,137222,15,67470,22,3,3,RO313
3,67498,BECHINEŞTI,137221,15,67470,23,3,3,RO313
3,67504,FINTA VECHE,137223,15,67470,23,3,3,RO313
3,67513,GHEBOAIA,137224,15,67470,23,3,3,RO313
2,67522,GLODENI,,15,154,3,3,3,RO313
3,67531,GLODENI,137225,15,67522,22,3,3,RO313
3,67540,GUŞOIU,137226,15,67522,23,3,3,RO313
3,67559,LĂCULEŢE,137227,15,67522,23,3,3,RO313
3,67568,LIVEZILE,137228,15,67522,23,3,3,RO313
3,67577,MALU MIERII,137229,15,67522,23,3,3,RO313
3,67586,SCHELA,137231,15,67522,23,3,3,RO313
2,65707,GURA FOII,,15,154,3,3,3,RO313
3,65716,GURA FOII,137235,15,65707,22,3,3,RO313
3,65725,BUMBUIA,137236,15,65707,23,3,3,RO313
3,65734,CATANELE,137237,15,65707,23,3,3,RO313
3,65743,FĂGETU,137238,15,65707,23,3,3,RO313
2,67595,GURA OCNIŢEI,,15,154,3,3,3,RO313
3,67602,GURA OCNIŢEI,137240,15,67595,22,3,3,RO313
3,67611,ADÂNCA,137241,15,67595,23,3,3,RO313
3,67620,OCHIURI,137242,15,67595,23,3,3,RO313
3,67639,SĂCUENI,137243,15,67595,23,3,3,RO313
2,67648,GURA ŞUŢII,,15,154,3,3,3,RO313
3,67657,GURA ŞUŢII,137245,15,67648,22,3,3,RO313
3,67666,SPERIEŢENI,137246,15,67648,23,3,3,RO313
2,67675,HULUBEŞTI,,15,154,3,3,3,RO313
3,67684,HULUBEŞTI,137250,15,67675,22,3,3,RO313
3,67693,BUTOIU DE JOS,137251,15,67675,23,3,3,RO313
3,67700,BUTOIU DE SUS,137252,15,67675,23,3,3,RO313
3,67719,MĂGURA,137253,15,67675,23,3,3,RO313
3,67728,VALEA DADEI,137254,15,67675,23,3,3,RO313
2,67737,I. L. CARAGIALE,,15,154,3,3,3,RO313
3,67746,GHIRDOVENI,137256,15,67737,22,3,3,RO313
3,67755,I. L. CARAGIALE,137255,15,67737,23,3,3,RO313
3,67764,MIJA,137257,15,67737,23,3,3,RO313
2,65869,IEDERA,,15,154,3,3,3,RO313
3,65878,IEDERA DE JOS,137263,15,65869,22,3,3,RO313
3,65887,COLIBAŞI,137261,15,65869,23,3,3,RO313
3,65896,CRICOVU DULCE,137262,15,65869,23,3,3,RO313
3,65903,IEDERA DE SUS,137264,15,65869,23,3,3,RO313
2,67773,LUCIENI,,15,154,3,3,3,RO313
3,67782,LUCIENI,137265,15,67773,22,3,3,RO313
3,67791,OLTENI,137266,15,67773,23,3,3,RO313
2,67835,LUDEŞTI,,15,154,3,3,3,RO313
3,67844,LUDEŞTI,137270,15,67835,22,3,3,RO313
3,67853,MILOŞARI,137271,15,67835,23,3,3,RO313
3,67862,POTOCELU,137272,15,67835,23,3,3,RO313
3,67871,SCHEIU DE JOS,137273,15,67835,23,3,3,RO313
3,67880,SCHEIU DE SUS,137274,15,67835,23,3,3,RO313
3,67899,TELEŞTI,137276,15,67835,23,3,3,RO313
2,67906,LUNGULEŢU,,15,154,3,3,3,RO313
3,67915,LUNGULEŢU,137280,15,67906,22,3,3,RO313
3,67924,OREASCA,137281,15,67906,23,3,3,RO313
3,67933,SERDANU,137282,15,67906,23,3,3,RO313
2,67942,MALU CU FLORI,,15,154,3,3,3,RO313
3,67951,MALU CU FLORI,137285,15,67942,22,3,3,RO313
3,67960,CAPU COASTEI,137286,15,67942,23,3,3,RO313
3,67979,COPĂCENI,137287,15,67942,23,3,3,RO313
3,67988,MICLOŞANII MARI,137288,15,67942,23,3,3,RO313
3,67997,MICLOŞANII MICI,137289,15,67942,23,3,3,RO313
2,68002,MĂNEŞTI,,15,154,3,3,3,RO313
3,68011,MĂNEŞTI,137290,15,68002,22,3,3,RO313
3,68020,DRĂGĂEŞTI PĂMÂNTENI,137291,15,68002,23,3,3,RO313
3,68039,DRĂGĂEŞTI UNGURENI,137292,15,68002,23,3,3,RO313
2,68048,MĂTĂSARU,,15,154,3,3,3,RO313
3,68057,TEŢCOIU,137302,15,68048,22,3,3,RO313
3,68066,CREŢULEŞTI,137296,15,68048,23,3,3,RO313
3,68075,MĂTĂSARU,137295,15,68048,23,3,3,RO313
3,68084,ODAIA TURCULUI,137297,15,68048,23,3,3,RO313
3,68093,POROINICA,137298,15,68048,23,3,3,RO313
3,68100,PUŢU CU SALCIE,137299,15,68048,23,3,3,RO313
3,68119,SĂLCIOARA,137301,15,68048,23,3,3,RO313
2,68128,MOGOŞANI,,15,154,3,3,3,RO313
3,68137,MOGOŞANI,137305,15,68128,22,3,3,RO313
3,68146,CHIRCA,137306,15,68128,23,3,3,RO313
3,68155,COJOCARU,137307,15,68128,23,3,3,RO313
3,68164,MERII,137308,15,68128,23,3,3,RO313
3,68173,ZĂVOIU,137309,15,68128,23,3,3,RO313
2,68182,MOROENI,,15,154,3,3,3,RO313
3,68191,MOROENI,137310,15,68182,22,3,3,RO313
3,68208,DOBREŞTI,137311,15,68182,23,3,3,RO313
3,68217,GLOD,137312,15,68182,23,3,3,RO313
3,68226,LUNCA,137313,15,68182,23,3,3,RO313
3,68235,MUŞCEL,137314,15,68182,23,3,3,RO313
3,68244,PUCHENI,137316,15,68182,23,3,3,RO313
2,68253,MORTENI,,15,154,3,3,3,RO313
3,68262,MORTENI,137320,15,68253,22,3,3,RO313
3,68271,NEAJLOVU,137321,15,68253,23,3,3,RO313
2,65645,MOŢĂIENI,,15,154,3,3,3,RO313
3,65654,MOŢĂIENI,137325,15,65645,22,3,3,RO313
3,65663,CUCUTENI,137326,15,65645,23,3,3,RO313
2,104387,NICULEŞTI,,15,154,3,3,3,RO313
3,104396,NICULEŞTI,137330,15,104387,22,3,3,RO313
3,104403,CIOCĂNARI,137331,15,104387,23,3,3,RO313
3,104412,MOVILA,137332,15,104387,23,3,3,RO313
2,68280,NUCET,,15,154,3,3,3,RO313
3,68299,NUCET,137335,15,68280,22,3,3,RO313
3,68306,CAZACI,137336,15,68280,23,3,3,RO313
3,68315,ILFOVENI,137337,15,68280,23,3,3,RO313
2,68324,OCNIŢA,,15,154,3,3,3,RO313
3,68333,OCNIŢA,137340,15,68324,22,3,3,RO313
2,68342,ODOBEŞTI,,15,154,3,3,3,RO313
3,68351,ODOBEŞTI,137345,15,68342,22,3,3,RO313
3,68360,BRÂNCOVEANU,137346,15,68342,23,3,3,RO313
3,68379,CROVU,137347,15,68342,23,3,3,RO313
3,68388,MIULEŞTI,137348,15,68342,23,3,3,RO313
3,68397,ZIDURILE,137349,15,68342,23,3,3,RO313
2,179935,PERŞINARI,,15,154,3,3,3,RO313
3,69296,PERŞINARI,137498,15,179935,22,3,3,RO313
2,65752,PETREŞTI,,15,154,3,3,3,RO313
3,65761,PETREŞTI,137350,15,65752,22,3,3,RO313
3,65770,COADA IZVORULUI,137351,15,65752,23,3,3,RO313
3,65789,GHERGHEŞTI,137352,15,65752,23,3,3,RO313
3,65798,GRECI,137353,15,65752,23,3,3,RO313
3,65805,IONEŞTI,137354,15,65752,23,3,3,RO313
3,65814,POTLOGENI-DEAL,137356,15,65752,23,3,3,RO313
3,65823,PUNTEA DE GRECI,137357,15,65752,23,3,3,RO313
2,179908,PIETRARI,,15,154,3,3,3,RO313
3,66287,PIETRARI,137026,15,179908,22,3,3,RO313
3,66241,ALUNIŞ,137021,15,179908,23,3,3,RO313
3,66278,DUPĂ DEAL,137023,15,179908,23,3,3,RO313
3,66312,ŞIPOT,137029,15,179908,23,3,3,RO313
3,66321,VALEA,137031,15,179908,23,3,3,RO313
2,68404,PIETROŞIŢA,,15,154,3,3,3,RO313
3,68413,PIETROŞIŢA,137360,15,68404,22,3,3,RO313
3,68422,DEALU FRUMOS,137361,15,68404,23,3,3,RO313
2,68431,POIANA,,15,154,3,3,3,RO313
3,68440,POIANA,137365,15,68431,22,3,3,RO313
3,68459,POIENIŢA,137366,15,68431,23,3,3,RO313
2,68468,POTLOGI,,15,154,3,3,3,RO313
3,68477,POTLOGI,137370,15,68468,22,3,3,RO313
3,68486,PITARU,137371,15,68468,23,3,3,RO313
3,68495,PODU CRISTINII,137372,15,68468,23,3,3,RO313
3,68501,ROMÂNEŞTI,137373,15,68468,23,3,3,RO313
3,68510,VLĂSCENI,137374,15,68468,23,3,3,RO313
2,68529,PRODULEŞTI,,15,154,3,3,3,RO313
3,68538,PRODULEŞTI,137375,15,68529,22,3,3,RO313
3,68547,BROŞTENI,137376,15,68529,23,3,3,RO313
3,68556,COSTEŞTII DIN DEAL,137377,15,68529,23,3,3,RO313
2,68565,PUCHENI,,15,154,3,3,3,RO313
3,68574,PUCHENI,137380,15,68565,22,3,3,RO313
3,68583,BRĂDĂŢEL,137381,15,68565,23,3,3,RO313
3,68592,MEIŞOARE,137382,15,68565,23,3,3,RO313
3,68609,VALEA LARGĂ,137383,15,68565,23,3,3,RO313
3,68618,VÂRFURENI,137384,15,68565,23,3,3,RO313
2,179891,RACIU,,15,154,3,3,3,RO313
3,67808,RACIU,137267,15,179891,22,3,3,RO313
3,67817,SILIŞTEA,137268,15,179891,23,3,3,RO313
3,67826,ŞUŢA SEACĂ,137269,15,179891,23,3,3,RO313
2,179926,RĂSCĂEŢI,,15,154,3,3,3,RO313
3,69376,RĂSCĂEŢI,137518,15,179926,22,3,3,RO313
3,69385,VULTUREANCA,137519,15,179926,23,3,3,RO313
2,65431,RĂZVAD,,15,154,3,3,3,RO313
3,65440,RĂZVAD,137395,15,65431,22,3,3,RO313
3,65459,GORGOTA,137396,15,65431,23,3,3,RO313
3,65468,VALEA VOIEVOZILOR,137397,15,65431,23,3,3,RO313
2,179917,RÂU ALB,,15,154,3,3,3,RO313
3,66296,RÂU ALB DE JOS,137027,15,179917,22,3,3,RO313
3,66303,RÂU ALB DE SUS,137028,15,179917,23,3,3,RO313
2,68716,RUNCU,,15,154,3,3,3,RO313
3,68725,RUNCU,137400,15,68716,22,3,3,RO313
3,68734,BĂDENI,137401,15,68716,23,3,3,RO313
3,68743,BREBU,137402,15,68716,23,3,3,RO313
3,68752,FERESTRE,137403,15,68716,23,3,3,RO313
3,68761,PIATRA,137404,15,68716,23,3,3,RO313
3,68770,SILIŞTEA,137406,15,68716,23,3,3,RO313
2,68789,SĂLCIOARA,,15,154,3,3,3,RO313
3,68798,BĂNEŞTI,137411,15,68789,22,3,3,RO313
3,68805,CĂTUNU,137412,15,68789,23,3,3,RO313
3,68814,CUZA VODĂ,137413,15,68789,23,3,3,RO313
3,68823,GHINEŞTI,137414,15,68789,23,3,3,RO313
3,68832,MIRCEA VODĂ,137416,15,68789,23,3,3,RO313
3,68841,MOARA NOUĂ,137417,15,68789,23,3,3,RO313
3,68850,MOVILA,137418,15,68789,23,3,3,RO313
3,68869,PODU RIZII,137419,15,68789,23,3,3,RO313
3,68878,SĂLCIOARA,137410,15,68789,23,3,3,RO313
2,105142,SLOBOZIA MOARĂ,,15,154,3,3,3,RO313
3,105151,SLOBOZIA MOARĂ,137420,15,105142,22,3,3,RO313
2,68887,ŞELARU,,15,154,3,3,3,RO313
3,68896,ŞELARU,137425,15,68887,22,3,3,RO313
3,68903,FIERBINŢI,137426,15,68887,23,3,3,RO313
3,68912,GLOGOVEANU,137427,15,68887,23,3,3,RO313
2,65477,ŞOTÂNGA,,15,154,3,3,3,RO313
3,65486,ŞOTÂNGA,137430,15,65477,22,3,3,RO313
3,65495,TEIŞ,137431,15,65477,23,3,3,RO313
2,105534,TĂRTĂŞEŞTI,,15,154,3,3,3,RO313
3,105543,TĂRTĂŞEŞTI,137435,15,105534,22,3,3,RO313
3,105552,BÂLDANA,137436,15,105534,23,3,3,RO313
3,105561,GULIA,137437,15,105534,23,3,3,RO313
2,68921,TĂTĂRANI,,15,154,3,3,3,RO313
3,68930,TĂTĂRANI,137440,15,68921,22,3,3,RO313
3,68949,CĂPRIORU,137441,15,68921,23,3,3,RO313
3,68958,GHEBOIENI,137442,15,68921,23,3,3,RO313
3,68967,PRIBOIU,137443,15,68921,23,3,3,RO313
2,68976,ULIEŞTI,,15,154,3,3,3,RO313
3,68985,ULIEŞTI,137445,15,68976,22,3,3,RO313
3,68994,CROITORI,137446,15,68976,23,3,3,RO313
3,69009,HANU LUI PALĂ,137447,15,68976,23,3,3,RO313
3,69018,JUGURENI,137448,15,68976,23,3,3,RO313
3,69027,MÂNĂSTIOARA,137449,15,68976,23,3,3,RO313
3,69036,OLTENI,137451,15,68976,23,3,3,RO313
3,69045,RAGU,137452,15,68976,23,3,3,RO313
3,69054,STAVROPOLIA,137453,15,68976,23,3,3,RO313
2,65501,ULMI,,15,154,3,3,3,RO313
3,65510,ULMI,137455,15,65501,22,3,3,RO313
3,65529,COLANU,137456,15,65501,23,3,3,RO313
3,65538,DIMOIU,137457,15,65501,23,3,3,RO313
3,65547,DUMBRAVA,137458,15,65501,23,3,3,RO313
3,65556,MATRACA,137459,15,65501,23,3,3,RO313
3,65565,NISIPURILE,137461,15,65501,23,3,3,RO313
3,65574,UDREŞTI,137462,15,65501,23,3,3,RO313
3,65583,VIIŞOARA,137463,15,65501,23,3,3,RO313
2,69063,VALEA LUNGĂ,,15,154,3,3,3,RO313
3,69072,VALEA LUNGĂ-CRICOV,137475,15,69063,22,3,3,RO313
3,69081,BĂCEŞTI,137466,15,69063,23,3,3,RO313
3,69090,IZVORU,137467,15,69063,23,3,3,RO313
3,69107,MOŞIA MICĂ,137468,15,69063,23,3,3,RO313
3,69116,ŞERBĂNEASA,137469,15,69063,23,3,3,RO313
3,69125,ŞTUBEIE TISA,137471,15,69063,23,3,3,RO313
3,69134,VALEA LUI DAN,137476,15,69063,23,3,3,RO313
3,69143,VALEA LUNGĂ GORGOTA,137472,15,69063,23,3,3,RO313
3,69152,VALEA LUNGĂ OGREA,137473,15,69063,23,3,3,RO313
3,69161,VALEA MARE,137474,15,69063,23,3,3,RO313
2,69170,VALEA MARE,,15,154,3,3,3,RO313
3,69189,VALEA MARE,137485,15,69170,22,3,3,RO313
3,69198,FEŢENI,137486,15,69170,23,3,3,RO313
3,69205,GÂRLENI,137487,15,69170,23,3,3,RO313
3,69214,LIVEZILE,137488,15,69170,23,3,3,RO313
3,69223,SARU,137489,15,69170,23,3,3,RO313
3,69232,STRATONEŞTI,137491,15,69170,23,3,3,RO313
3,69241,VALEA CASELOR,137492,15,69170,23,3,3,RO313
2,69250,VĂCĂREŞTI,,15,154,3,3,3,RO313
3,69269,VĂCĂREŞTI,137495,15,69250,22,3,3,RO313
3,69278,BRĂTEŞTII DE JOS,137496,15,69250,23,3,3,RO313
3,69287,BUNGETU,137497,15,69250,23,3,3,RO313
2,69303,VĂLENI-DÂMBOVIŢA,,15,154,3,3,3,RO313
3,69312,VĂLENI-DÂMBOVIŢA,137500,15,69303,22,3,3,RO313
3,69321,MESTEACĂN,137501,15,69303,23,3,3,RO313
2,69447,VÂRFURI,,15,154,3,3,3,RO313
3,69456,VÂRFURI,137505,15,69447,22,3,3,RO313
3,69465,CÂRLĂNEŞTI,137506,15,69447,23,3,3,RO313
3,69474,COJOIU,137507,15,69447,23,3,3,RO313
3,69483,MERIŞORU,137508,15,69447,23,3,3,RO313
3,69492,STĂTEŞTI,137509,15,69447,23,3,3,RO313
3,69508,ŞUVIŢA,137511,15,69447,23,3,3,RO313
3,69517,ULMETU,137512,15,69447,23,3,3,RO313
2,69330,VIŞINA,,15,154,3,3,3,RO313
3,69349,VIŞINA,137515,15,69330,22,3,3,RO313
3,69358,BROŞTENI,137516,15,69330,23,3,3,RO313
3,69367,IZVORU,137517,15,69330,23,3,3,RO313
2,69394,VIŞINEŞTI,,15,154,3,3,3,RO313
3,69401,VIŞINEŞTI,137520,15,69394,22,3,3,RO313
3,69410,DOSPINEŞTI,137521,15,69394,23,3,3,RO313
3,69429,SULTANU,137522,15,69394,23,3,3,RO313
3,69438,URSEIU,137523,15,69394,23,3,3,RO313
2,179711,VLĂDENI,,15,154,3,3,3,RO313
3,67283,VLĂDENI,137187,15,179711,22,3,3,RO313
2,69526,VOINEŞTI,,15,154,3,3,3,RO313
3,69535,VOINEŞTI,137525,15,69526,22,3,3,RO313
3,69544,GEMENEA BRĂTULEŞTI,137526,15,69526,23,3,3,RO313
3,69553,IZVOARELE,137527,15,69526,23,3,3,RO313
3,69562,LUNCA,137528,15,69526,23,3,3,RO313
3,69571,MANGA,137529,15,69526,23,3,3,RO313
3,69580,MÂNJINA,137531,15,69526,23,3,3,RO313
3,69599,ONCEŞTI,137532,15,69526,23,3,3,RO313
3,69606,SUDULENI,137533,15,69526,23,3,3,RO313
2,69615,VULCANA-BĂI,,15,154,3,3,3,RO313
3,69624,VULCANA-BĂI,137535,15,69615,22,3,3,RO313
3,69633,NICOLAEŞTI,137536,15,69615,23,3,3,RO313
3,69642,VULCANA DE SUS,137537,15,69615,23,3,3,RO313
2,179640,VULCANA-PANDELE,,15,154,3,3,3,RO313
3,66063,VULCANA-PANDELE,137540,15,179640,22,3,3,RO313
3,66027,GURA VULCANEI,137541,15,179640,23,3,3,RO313
3,66036,LĂCULEŢE-GARĂ,137542,15,179640,23,3,3,RO313
3,66054,TOCULEŞTI,137543,15,179640,23,3,3,RO313
1,163,JUDEŢUL DOLJ,,16,1,40,0,4,RO411
2,69900,MUNICIPIUL CRAIOVA,,16,163,1,1,4,RO411
3,69919,CRAIOVA,200502,16,69900,9,1,4,RO411
3,70058,CERNELE,200794,16,69900,11,1,4,RO411
3,70067,CERNELELE DE SUS,200795,16,69900,11,1,4,RO411
3,69928,FĂCĂI,200001,16,69900,10,1,4,RO411
3,70076,IZVORUL RECE,200801,16,69900,11,1,4,RO411
3,69937,MOFLENI,200002,16,69900,10,1,4,RO411
3,69946,POPOVENI,200003,16,69900,10,1,4,RO411
3,70085,ROVINE,200058,16,69900,11,1,4,RO411
3,69955,ŞIMNICU DE JOS,200004,16,69900,10,1,4,RO411
2,70316,MUNICIPIUL BĂILEŞTI,,16,163,4,1,4,RO411
3,70325,BĂILEŞTI,205100,16,70316,9,1,4,RO411
3,70334,BALASAN,205101,16,70316,10,1,4,RO411
2,70352,MUNICIPIUL CALAFAT,,16,163,4,1,4,RO411
3,70361,CALAFAT,205200,16,70352,9,1,4,RO411
3,70370,BASARABI,205201,16,70352,11,1,4,RO411
3,70389,CIUPERCENII VECHI,205202,16,70352,11,1,4,RO411
3,70398,GOLENŢI,205203,16,70352,11,1,4,RO411
2,70879,ORAŞ BECHET,,16,163,2,1,4,RO411
3,70888,BECHET,207060,16,70879,17,1,4,RO411
2,72007,ORAŞ DĂBULENI,,16,163,2,1,4,RO411
3,72016,DĂBULENI,207220,16,72007,17,1,4,RO411
3,72025,CHIAŞU,207221,16,72007,19,1,4,RO411
2,70414,ORAŞ FILIAŞI,,16,163,2,1,4,RO411
3,70423,FILIAŞI,205300,16,70414,17,1,4,RO411
3,70432,ALMĂJEL,205301,16,70414,19,1,4,RO411
3,70441,BÂLTA,205302,16,70414,19,1,4,RO411
3,70450,BRANIŞTE,205303,16,70414,19,1,4,RO411
3,70469,FRATOŞTIŢA,205304,16,70414,19,1,4,RO411
3,70478,RĂCARII DE SUS,205305,16,70414,19,1,4,RO411
3,70487,USCĂCI,205306,16,70414,19,1,4,RO411
2,70502,ORAŞ SEGARCEA,,16,163,2,1,4,RO411
3,70511,SEGARCEA,205400,16,70502,17,1,4,RO411
2,70520,AFUMAŢI,,16,163,3,3,4,RO411
3,70539,AFUMAŢI,207005,16,70520,22,3,4,RO411
3,70548,BOURENI,207006,16,70520,23,3,4,RO411
3,70557,COVEI,207007,16,70520,23,3,4,RO411
2,70566,ALMĂJ,,16,163,3,3,4,RO411
3,70575,ALMĂJ,207010,16,70566,22,3,4,RO411
3,70593,BOGEA,207012,16,70566,23,3,4,RO411
3,70619,MOŞNENI,207014,16,70566,23,3,4,RO411
3,70628,ŞITOAIA,207016,16,70566,23,3,4,RO411
2,70637,AMĂRĂŞTII DE JOS,,16,163,3,3,4,RO411
3,70646,AMĂRĂŞTII DE JOS,207020,16,70637,22,3,4,RO411
3,70655,OCOLNA,207021,16,70637,23,3,4,RO411
3,70664,PRAPOR,207022,16,70637,23,3,4,RO411
2,70673,AMĂRĂŞTII DE SUS,,16,163,3,3,4,RO411
3,70682,AMĂRĂŞTII DE SUS,207025,16,70673,22,3,4,RO411
3,70717,ZVORSCA,207028,16,70673,23,3,4,RO411
2,70726,APELE VII,,16,163,3,3,4,RO411
3,70735,APELE VII,207030,16,70726,22,3,4,RO411
2,70744,ARGETOAIA,,16,163,3,3,4,RO411
3,70753,ARGETOAIA,207035,16,70744,22,3,4,RO411
3,70762,BĂRANU,207036,16,70744,23,3,4,RO411
3,70771,BERBEŞU,207037,16,70744,23,3,4,RO411
3,70780,IORDĂCHEŞTI,207038,16,70744,23,3,4,RO411
3,70799,LEORDOASA,207039,16,70744,23,3,4,RO411
3,70806,MALUMNIC,207041,16,70744,23,3,4,RO411
3,70815,NOVAC,207042,16,70744,23,3,4,RO411
3,70824,PIRIA,207043,16,70744,23,3,4,RO411
3,70833,POIANA FÂNTÂNII,207044,16,70744,23,3,4,RO411
3,70842,SALCIA,207046,16,70744,23,3,4,RO411
3,70851,TEASCU DIN DEAL,207047,16,70744,23,3,4,RO411
3,70860,URSOAIA,207048,16,70744,23,3,4,RO411
2,70940,BÂRCA,,16,163,3,3,4,RO411
3,70959,BÂRCA,207055,16,70940,22,3,4,RO411
2,70897,BISTREŢ,,16,163,3,3,4,RO411
3,70904,BISTREŢ,207065,16,70897,22,3,4,RO411
3,70913,BISTREŢU NOU,207066,16,70897,23,3,4,RO411
3,70922,BRÂNDUŞA,207067,16,70897,23,3,4,RO411
3,70931,PLOSCA,207068,16,70897,23,3,4,RO411
2,70968,BOTOŞEŞTI-PAIA,,16,163,3,3,4,RO411
3,70977,BOTOŞEŞTI-PAIA,207070,16,70968,22,3,4,RO411
2,70986,BRABOVA,,16,163,3,3,4,RO411
3,70995,BRABOVA,207075,16,70986,22,3,4,RO411
3,71000,CARAIMAN,207076,16,70986,23,3,4,RO411
3,71019,MOSNA,207077,16,70986,23,3,4,RO411
3,71028,RĂCHITA DE JOS,207078,16,70986,23,3,4,RO411
3,71037,URDINIŢA,207079,16,70986,23,3,4,RO411
3,71046,VOITA,207081,16,70986,23,3,4,RO411
2,71126,BRALOŞTIŢA,,16,163,3,3,4,RO411
3,71135,BRALOŞTIŢA,207085,16,71126,22,3,4,RO411
3,71144,CIOCANELE,207086,16,71126,23,3,4,RO411
3,71153,RACOVIŢA,207087,16,71126,23,3,4,RO411
3,71162,SCHITU,207088,16,71126,23,3,4,RO411
3,71171,SFÂRCEA,207089,16,71126,23,3,4,RO411
3,71180,VALEA FÂNTÂNILOR,207091,16,71126,23,3,4,RO411
2,71199,BRATOVOEŞTI,,16,163,3,3,4,RO411
3,71206,BRATOVOEŞTI,207095,16,71199,22,3,4,RO411
3,71215,BĂDOŞI,207096,16,71199,23,3,4,RO411
3,71224,GEOROCU MARE,207097,16,71199,23,3,4,RO411
3,71233,PRUNET,207098,16,71199,23,3,4,RO411
2,71055,BRĂDEŞTI,,16,163,3,3,4,RO411
3,71064,BRĂDEŞTI,207105,16,71055,22,3,4,RO411
3,71073,BRĂDEŞTII BĂTRÂNI,207106,16,71055,23,3,4,RO411
3,71082,METEU,207107,16,71055,23,3,4,RO411
3,71091,PISCANI,207108,16,71055,23,3,4,RO411
3,71108,RĂCARI,207109,16,71055,23,3,4,RO411
3,71117,TATOMIREŞTI,207111,16,71055,23,3,4,RO411
2,71260,BREASTA,,16,163,3,3,4,RO411
3,71279,BREASTA,207115,16,71260,22,3,4,RO411
3,71288,COTU,207116,16,71260,23,3,4,RO411
3,71297,CROVNA,207117,16,71260,23,3,4,RO411
3,71304,FĂGET,207118,16,71260,23,3,4,RO411
3,71313,OBEDIN,207119,16,71260,23,3,4,RO411
3,71322,ROŞIENI,207121,16,71260,23,3,4,RO411
3,71331,VALEA LUNGULUI,207122,16,71260,23,3,4,RO411
2,69964,BUCOVĂŢ,,16,163,3,3,4,RO411
3,69973,BUCOVĂŢ,207125,16,69964,22,3,4,RO411
3,69982,CÂRLIGEI,207126,16,69964,23,3,4,RO411
3,69991,ITALIENI,207127,16,69964,23,3,4,RO411
3,70003,LEAMNA DE JOS,207128,16,69964,23,3,4,RO411
3,70012,LEAMNA DE SUS,207129,16,69964,23,3,4,RO411
3,70021,PALILULA,207131,16,69964,23,3,4,RO411
3,70030,SĂRBĂTOAREA,207132,16,69964,23,3,4,RO411
2,71340,BULZEŞTI,,16,163,3,3,4,RO411
3,71359,PREJOI,207142,16,71340,22,3,4,RO411
3,71368,BULZEŞTI,207135,16,71340,23,3,4,RO411
3,71377,FRĂŢILA,207136,16,71340,23,3,4,RO411
3,71386,GURA RACULUI,207137,16,71340,23,3,4,RO411
3,71395,ÎNFRĂŢIREA,207138,16,71340,23,3,4,RO411
3,71402,PISCU LUNG,207139,16,71340,23,3,4,RO411
3,71411,POIENILE,207141,16,71340,23,3,4,RO411
3,71420,SĂLIŞTE,207143,16,71340,23,3,4,RO411
3,71439,SECULEŞTI,207144,16,71340,23,3,4,RO411
3,71448,STOICEŞTI,207146,16,71340,23,3,4,RO411
2,71457,CALOPĂR,,16,163,3,3,4,RO411
3,71466,CALOPĂR,207150,16,71457,22,3,4,RO411
3,71484,BÂZDÂNA,207151,16,71457,23,3,4,RO411
3,71475,BELCINU,207152,16,71457,23,3,4,RO411
3,71493,PANAGHIA,207153,16,71457,23,3,4,RO411
3,71509,SĂLCUŢA,207154,16,71457,23,3,4,RO411
2,71518,CARAULA,,16,163,3,3,4,RO411
3,71527,CARAULA,207155,16,71518,22,3,4,RO411
2,71536,CARPEN,,16,163,3,3,4,RO411
3,71545,CARPEN,207160,16,71536,22,3,4,RO411
3,71554,CLEANOV,207161,16,71536,23,3,4,RO411
3,71563,GEBLEŞTI,207162,16,71536,23,3,4,RO411
2,71572,CASTRANOVA,,16,163,3,3,4,RO411
3,71581,CASTRANOVA,207165,16,71572,22,3,4,RO411
3,71590,PUŢURI,207166,16,71572,23,3,4,RO411
2,74842,CATANE,,16,163,3,3,4,RO411
3,73488,CATANE,207431,16,74842,22,3,4,RO411
3,73497,CATANELE NOI,207432,16,74842,23,3,4,RO411
2,71607,CĂLĂRAŞI,,16,163,3,3,4,RO411
3,71616,CĂLĂRAŞI,207170,16,71607,22,3,4,RO411
3,71625,SĂRATA,207171,16,71607,23,3,4,RO411
2,74859,CÂRCEA,,16,163,3,3,4,RO411
3,71901,CÂRCEA,207206,16,74859,22,3,4,RO411
2,74867,CÂRNA,,16,163,3,3,4,RO411
3,72668,CÂRNA,207306,16,74867,22,3,4,RO411
2,71634,CELARU,,16,163,3,3,4,RO411
3,71643,CELARU,207175,16,71634,22,3,4,RO411
3,71652,GHIZDĂVEŞTI,207176,16,71634,23,3,4,RO411
3,71661,MAROTINU DE JOS,207177,16,71634,23,3,4,RO411
3,71670,MAROTINU DE SUS,207178,16,71634,23,3,4,RO411
3,71689,SORENI,207179,16,71634,23,3,4,RO411
2,71698,CERĂT,,16,163,3,3,4,RO411
3,71705,CERĂT,207180,16,71698,22,3,4,RO411
3,71714,MALAICA,207181,16,71698,23,3,4,RO411
2,71723,CERNĂTEŞTI,,16,163,3,3,4,RO411
3,71732,CERNĂTEŞTI,207185,16,71723,22,3,4,RO411
3,71741,CORNIŢA,207186,16,71723,23,3,4,RO411
3,71750,RASNICU BĂTRÂN,207187,16,71723,23,3,4,RO411
3,71769,RASNICU OGHIAN,207188,16,71723,23,3,4,RO411
3,71778,ŢIU,207189,16,71723,23,3,4,RO411
2,71787,CETATE,,16,163,3,3,4,RO411
3,71796,CETATE,207190,16,71787,22,3,4,RO411
3,71803,MORENI,207191,16,71787,23,3,4,RO411
2,71812,CIOROIAŞI,,16,163,3,3,4,RO411
3,71821,CIOROIAŞI,207195,16,71812,22,3,4,RO411
3,71830,CETĂŢUIA,207196,16,71812,23,3,4,RO411
3,71849,CIOROIU NOU,207197,16,71812,23,3,4,RO411
2,71858,CIUPERCENII NOI,,16,163,3,3,4,RO411
3,71867,CIUPERCENII NOI,207200,16,71858,22,3,4,RO411
3,71876,SMÂRDAN,207201,16,71858,23,3,4,RO411
2,71885,COŞOVENI,,16,163,3,3,4,RO411
3,71894,COŞOVENI,207205,16,71885,22,3,4,RO411
2,71910,COŢOFENII DIN DOS,,16,163,3,3,4,RO411
3,71929,COŢOFENII DIN DOS,207210,16,71910,22,3,4,RO411
3,71938,MIHĂIŢA,207211,16,71910,23,3,4,RO411
3,71947,POTMELŢU,207212,16,71910,23,3,4,RO411
2,74875,COŢOFENII DIN FAŢĂ,,16,163,3,3,4,RO411
3,70600,COŢOFENII DIN FAŢĂ,207013,16,74875,22,3,4,RO411
3,70584,BEHARCA,207011,16,74875,23,3,4,RO411
2,71956,DANEŢI,,16,163,3,3,4,RO411
3,71965,DANEŢI,207215,16,71956,22,3,4,RO411
3,71974,BRABEŢI,207216,16,71956,23,3,4,RO411
3,71983,BRANIŞTE,207217,16,71956,23,3,4,RO411
3,71992,LOCUSTENI,207218,16,71956,23,3,4,RO411
2,72034,DESA,,16,163,3,3,4,RO411
3,72043,DESA,207225,16,72034,22,3,4,RO411
2,72052,DIOŞTI,,16,163,3,3,4,RO411
3,72061,DIOŞTI,207230,16,72052,22,3,4,RO411
3,72070,CIOCĂNEŞTI,207231,16,72052,23,3,4,RO411
3,72089,RADOMIR,207232,16,72052,23,3,4,RO411
2,72098,DOBREŞTI,,16,163,3,3,4,RO411
3,72105,DOBREŞTI,207235,16,72098,22,3,4,RO411
3,72114,CĂCIULĂTEŞTI,207236,16,72098,23,3,4,RO411
3,72123,GEOROCEL,207237,16,72098,23,3,4,RO411
3,72132,MURTA,207238,16,72098,23,3,4,RO411
3,72141,TOCENI,207239,16,72098,23,3,4,RO411
2,74883,DOBROTEŞTI,,16,163,3,3,4,RO411
3,70691,DOBROTEŞTI,207026,16,74883,22,3,4,RO411
3,70708,NISIPURI,207027,16,74883,23,3,4,RO411
2,72150,DRĂGOTEŞTI,,16,163,3,3,4,RO411
3,72169,DRĂGOTEŞTI,207240,16,72150,22,3,4,RO411
3,72178,BENEŞTI,207241,16,72150,23,3,4,RO411
3,72187,BOBEANU,207242,16,72150,23,3,4,RO411
3,72196,BUZDUC,207243,16,72150,23,3,4,RO411
3,72203,POPÂNZĂLEŞTI,207244,16,72150,23,3,4,RO411
3,72212,VIIŞOARA,207246,16,72150,23,3,4,RO411
2,72221,DRĂNIC,,16,163,3,3,4,RO411
3,72230,DRĂNIC,207250,16,72221,22,3,4,RO411
3,72249,BOOVENI,207251,16,72221,23,3,4,RO411
3,72258,FOIŞOR,207252,16,72221,23,3,4,RO411
3,72267,PADEA,207253,16,72221,23,3,4,RO411
2,72276,FĂRCAŞ,,16,163,3,3,4,RO411
3,72285,FĂRCAŞ,207255,16,72276,22,3,4,RO411
3,72294,AMĂRĂŞTI,207256,16,72276,23,3,4,RO411
3,72301,GOLUMBELU,207257,16,72276,23,3,4,RO411
3,72310,GOLUMBU,207258,16,72276,23,3,4,RO411
3,72347,PLOPU-AMĂRĂŞTI,207262,16,72276,23,3,4,RO411
2,72383,GALICEA MARE,,16,163,3,3,4,RO411
3,72392,GALICEA MARE,207270,16,72383,22,3,4,RO411
2,74891,GALICIUICA,,16,163,3,3,4,RO411
3,72524,GALICIUICA,207291,16,74891,22,3,4,RO411
2,72579,GÂNGIOVA,,16,163,3,3,4,RO411
3,72588,GÂNGIOVA,207275,16,72579,22,3,4,RO411
3,72597,COMOŞTENI,207276,16,72579,23,3,4,RO411
2,72409,GHERCEŞTI,,16,163,3,3,4,RO411
3,72418,GHERCEŞTI,207280,16,72409,22,3,4,RO411
3,72427,GÂRLEŞTI,207281,16,72409,23,3,4,RO411
3,72436,LUNCŞORU,207282,16,72409,23,3,4,RO411
3,72445,UNGURENI,207283,16,72409,23,3,4,RO411
3,72454,UNGURENII MICI,207284,16,72409,23,3,4,RO411
2,74907,GHIDICI,,16,163,3,3,4,RO411
3,73683,GHIDICI,207456,16,74907,22,3,4,RO411
2,74915,GHINDENI,,16,163,3,3,4,RO411
3,73086,GHINDENI,207366,16,74915,22,3,4,RO411
2,72463,GIGHERA,,16,163,3,3,4,RO411
3,72472,GIGHERA,207285,16,72463,22,3,4,RO411
3,72481,NEDEIA,207286,16,72463,23,3,4,RO411
3,72490,ZĂVAL,207287,16,72463,23,3,4,RO411
2,72506,GIUBEGA,,16,163,3,3,4,RO411
3,72515,GIUBEGA,207290,16,72506,22,3,4,RO411
2,72533,GIURGIŢA,,16,163,3,3,4,RO411
3,72542,GIURGIŢA,207295,16,72533,22,3,4,RO411
3,72551,CURMĂTURA,207296,16,72533,23,3,4,RO411
3,72560,FILARET,207297,16,72533,23,3,4,RO411
2,72604,GOGOŞU,,16,163,3,3,4,RO411
3,72613,GOGOŞU,207300,16,72604,22,3,4,RO411
3,72622,GOGOŞIŢA,207301,16,72604,23,3,4,RO411
3,72631,ŞTEFĂNEL,207302,16,72604,23,3,4,RO411
2,72640,GOICEA,,16,163,3,3,4,RO411
3,72659,GOICEA,207305,16,72640,22,3,4,RO411
2,72677,GOIEŞTI,,16,163,3,3,4,RO411
3,72686,GOIEŞTI,207310,16,72677,22,3,4,RO411
3,72695,ADÂNCATA,207311,16,72677,23,3,4,RO411
3,72702,FÂNTÂNI,207312,16,72677,23,3,4,RO411
3,72711,GRUIŢA,207313,16,72677,23,3,4,RO411
3,72720,MĂLĂEŞTI,207314,16,72677,23,3,4,RO411
3,72739,MOGOŞEŞTI,207316,16,72677,23,3,4,RO411
3,72748,MUERENI,207317,16,72677,23,3,4,RO411
3,72757,PIOREŞTI,207318,16,72677,23,3,4,RO411
3,72766,POMETEŞTI,207319,16,72677,23,3,4,RO411
3,72775,POPEASA,207321,16,72677,23,3,4,RO411
3,72784,ŢANDĂRA,207322,16,72677,23,3,4,RO411
3,72793,VLADIMIR,207323,16,72677,23,3,4,RO411
3,72800,ZLĂTARI,207324,16,72677,23,3,4,RO411
2,72819,GRECEŞTI,,16,163,3,3,4,RO411
3,72828,GRECEŞTI,207330,16,72819,22,3,4,RO411
3,72837,BĂRBOI,207331,16,72819,23,3,4,RO411
3,72846,BUSU,207332,16,72819,23,3,4,RO411
3,72855,BUSULEŢU,207333,16,72819,23,3,4,RO411
3,72864,GRĂDIŞTEA,207334,16,72819,23,3,4,RO411
3,72873,GROPANELE,207336,16,72819,23,3,4,RO411
2,70094,IŞALNIŢA,,16,163,3,3,4,RO411
3,70101,IŞALNIŢA,207340,16,70094,22,3,4,RO411
2,72882,IZVOARE,,16,163,3,3,4,RO411
3,72891,IZVOARE,207345,16,72882,22,3,4,RO411
3,72908,CORLATE,207346,16,72882,23,3,4,RO411
3,72917,DOMNU TUDOR,207347,16,72882,23,3,4,RO411
2,74923,ÎNTORSURA,,16,163,3,3,4,RO411
3,73889,ÎNTORSURA,207487,16,74923,22,3,4,RO411
2,72926,LEU,,16,163,3,3,4,RO411
3,72935,LEU,207350,16,72926,22,3,4,RO411
3,72944,ZĂNOAGA,207351,16,72926,23,3,4,RO411
2,72953,LIPOVU,,16,163,3,3,4,RO411
3,72962,LIPOVU,207355,16,72953,22,3,4,RO411
3,72971,LIPOVU DE SUS,207356,16,72953,23,3,4,RO411
2,73031,MAGLAVIT,,16,163,3,3,4,RO411
3,73040,MAGLAVIT,207360,16,73031,22,3,4,RO411
3,73059,HUNIA,207361,16,73031,23,3,4,RO411
2,73068,MALU MARE,,16,163,3,3,4,RO411
3,73077,MALU MARE,207365,16,73068,22,3,4,RO411
3,73095,PREAJBA,207367,16,73068,23,3,4,RO411
2,72980,MĂCEŞU DE JOS,,16,163,3,3,4,RO411
3,72999,MĂCEŞU DE JOS,207370,16,72980,22,3,4,RO411
3,73004,SĂPATA,207371,16,72980,23,3,4,RO411
2,73013,MĂCEŞU DE SUS,,16,163,3,3,4,RO411
3,73022,MĂCEŞU DE SUS,207375,16,73013,22,3,4,RO411
2,73317,MÂRŞANI,,16,163,3,3,4,RO411
3,73326,MÂRŞANI,207380,16,73317,22,3,4,RO411
2,73102,MELINEŞTI,,16,163,3,3,4,RO411
3,73111,MELINEŞTI,207385,16,73102,22,3,4,RO411
3,73120,BODĂIEŞTI,207386,16,73102,23,3,4,RO411
3,73139,BODĂIEŞTII DE SUS,207387,16,73102,23,3,4,RO411
3,73148,GODENI,207388,16,73102,23,3,4,RO411
3,73157,MUIERUŞU,207389,16,73102,23,3,4,RO411
3,73166,NEGOIEŞTI,207391,16,73102,23,3,4,RO411
3,73175,ODOLENI,207392,16,73102,23,3,4,RO411
3,73184,OHABA,207393,16,73102,23,3,4,RO411
3,73193,PLOŞTINA,207394,16,73102,23,3,4,RO411
3,73200,POPEŞTI,207396,16,73102,23,3,4,RO411
3,73219,SPINENI,207397,16,73102,23,3,4,RO411
3,73228,VALEA MARE,207398,16,73102,23,3,4,RO411
3,73237,VALEA MUIERII DE JOS,207399,16,73102,23,3,4,RO411
2,73246,MISCHII,,16,163,3,3,4,RO411
3,73255,MISCHII,207405,16,73246,22,3,4,RO411
3,73264,CĂLINEŞTI,207406,16,73246,23,3,4,RO411
3,73273,GOGOŞEŞTI,207407,16,73246,23,3,4,RO411
3,73282,MLECĂNEŞTI,207408,16,73246,23,3,4,RO411
3,73291,MOTOCI,207409,16,73246,23,3,4,RO411
3,73308,URECHEŞTI,207411,16,73246,23,3,4,RO411
2,73335,MOŢĂŢEI,,16,163,3,3,4,RO411
3,73344,MOŢĂŢEI,207415,16,73335,22,3,4,RO411
3,73353,DOBRIDOR,207416,16,73335,23,3,4,RO411
3,73362,MOŢĂŢEI-GARĂ,207417,16,73335,23,3,4,RO411
2,73371,MURGAŞI,,16,163,3,3,4,RO411
3,73380,BALOTA DE JOS,207421,16,73371,22,3,4,RO411
3,73399,BALOTA DE SUS,207422,16,73371,23,3,4,RO411
3,73406,BUŞTENI,207423,16,73371,23,3,4,RO411
3,73415,GAIA,207424,16,73371,23,3,4,RO411
3,73424,MURGAŞI,207420,16,73371,23,3,4,RO411
3,73433,PICĂTURILE,207426,16,73371,23,3,4,RO411
3,73442,RUPTURILE,207427,16,73371,23,3,4,RO411
3,73451,VELESTI,207428,16,73371,23,3,4,RO411
2,73460,NEGOI,,16,163,3,3,4,RO411
3,73479,NEGOI,207430,16,73460,22,3,4,RO411
2,73503,ORODEL,,16,163,3,3,4,RO411
3,73512,ORODEL,207435,16,73503,22,3,4,RO411
3,73521,BECHET,207436,16,73503,23,3,4,RO411
3,73530,CĂLUGĂREI,207437,16,73503,23,3,4,RO411
3,73549,CORNU,207438,16,73503,23,3,4,RO411
3,73558,TEIU,207439,16,73503,23,3,4,RO411
2,73567,OSTROVENI,,16,163,3,3,4,RO411
3,73576,OSTROVENI,207440,16,73567,22,3,4,RO411
3,73585,LIŞTEAVA,207441,16,73567,23,3,4,RO411
2,73594,PERIŞOR,,16,163,3,3,4,RO411
3,73601,PERIŞOR,207445,16,73594,22,3,4,RO411
3,73610,MĂRĂCINELE,207446,16,73594,23,3,4,RO411
2,73629,PIELEŞTI,,16,163,3,3,4,RO411
3,73638,PIELEŞTI,207450,16,73629,22,3,4,RO411
3,73647,CÂMPENI,207451,16,73629,23,3,4,RO411
3,73656,LÂNGA,207452,16,73629,23,3,4,RO411
2,73665,PISCU VECHI,,16,163,3,3,4,RO411
3,73674,PISCU VECHI,207455,16,73665,22,3,4,RO411
3,73692,PISCULEŢ,207457,16,73665,23,3,4,RO411
2,73709,PLENIŢA,,16,163,3,3,4,RO411
3,73718,PLENIŢA,207460,16,73709,22,3,4,RO411
3,73727,CASTRELE TRAIANE,207461,16,73709,23,3,4,RO411
2,74931,PLEŞOI,,16,163,3,3,4,RO411
3,73834,PLEŞOI,207481,16,74931,22,3,4,RO411
3,73807,CÂRSTOVANI,207477,16,74931,23,3,4,RO411
3,73816,FRASIN,207478,16,74931,23,3,4,RO411
3,73825,MILOVAN,207479,16,74931,23,3,4,RO411
2,70110,PODARI,,16,163,3,3,4,RO411
3,70129,PODARI,207465,16,70110,22,3,4,RO411
3,70138,BALTA VERDE,207466,16,70110,23,3,4,RO411
3,70147,BRANIŞTE,207467,16,70110,23,3,4,RO411
3,70156,GURA VĂII,207468,16,70110,23,3,4,RO411
3,70165,LIVEZI,207469,16,70110,23,3,4,RO411
2,73736,POIANA MARE,,16,163,3,3,4,RO411
3,73745,POIANA MARE,207470,16,73736,22,3,4,RO411
3,73754,TUNARII NOI,207471,16,73736,23,3,4,RO411
3,73763,TUNARII VECHI,207472,16,73736,23,3,4,RO411
2,73772,PREDEŞTI,,16,163,3,3,4,RO411
3,73781,PREDEŞTI,207475,16,73772,22,3,4,RO411
3,73790,BUCICANI,207476,16,73772,23,3,4,RO411
3,73843,PREDEŞTII MICI,207482,16,73772,23,3,4,RO411
2,73852,RADOVAN,,16,163,3,3,4,RO411
3,73861,RADOVAN,207485,16,73852,22,3,4,RO411
3,73870,FÂNTÂNELE,207486,16,73852,23,3,4,RO411
3,73898,TÂRNAVA,207488,16,73852,23,3,4,RO411
2,73905,RAST,,16,163,3,3,4,RO411
3,73914,RAST,207490,16,73905,22,3,4,RO411
2,73923,ROBĂNEŞTI,,16,163,3,3,4,RO411
3,73932,ROBĂNEŞTII DE JOS,207501,16,73923,22,3,4,RO411
3,73941,BOJOIU,207496,16,73923,23,3,4,RO411
3,73950,GOLFIN,207497,16,73923,23,3,4,RO411
3,73969,LĂCRIŢA MARE,207498,16,73923,23,3,4,RO411
3,73978,LĂCRIŢA MICĂ,207499,16,73923,23,3,4,RO411
3,73987,ROBĂNEŞTII DE SUS,207502,16,73923,23,3,4,RO411
2,74949,ROJIŞTE,,16,163,3,3,4,RO411
3,71242,ROJIŞTE,207099,16,74949,22,3,4,RO411
3,71251,TÂMBUREŞTI,207101,16,74949,23,3,4,RO411
2,73996,SADOVA,,16,163,3,3,4,RO411
3,74000,SADOVA,207505,16,73996,22,3,4,RO411
3,74019,PISCU SADOVEI,207506,16,73996,23,3,4,RO411
2,74028,SĂLCUŢA,,16,163,3,3,4,RO411
3,74037,SĂLCUŢA,207510,16,74028,22,3,4,RO411
3,74046,MÂRZA,207511,16,74028,23,3,4,RO411
3,74055,PLOPŞOR,207512,16,74028,23,3,4,RO411
3,74064,TENCĂNĂU,207513,16,74028,23,3,4,RO411
2,74073,SCĂEŞTI,,16,163,3,3,4,RO411
3,74082,SCĂEŞTI,207515,16,74073,22,3,4,RO411
3,74091,VALEA LUI PĂTRU,207516,16,74073,23,3,4,RO411
2,74108,SEACA DE CÂMP,,16,163,3,3,4,RO411
3,74117,SEACA DE CÂMP,207520,16,74108,22,3,4,RO411
3,74126,PISCU NOU,207521,16,74108,23,3,4,RO411
2,74135,SEACA DE PĂDURE,,16,163,3,3,4,RO411
3,74144,SEACA DE PĂDURE,207525,16,74135,22,3,4,RO411
3,74153,RĂCHITA DE SUS,207526,16,74135,23,3,4,RO411
3,74162,VELENI,207527,16,74135,23,3,4,RO411
2,74171,SECU,,16,163,3,3,4,RO411
3,74180,SECU,207530,16,74171,22,3,4,RO411
3,74199,COMĂNICEA,207531,16,74171,23,3,4,RO411
3,74206,SMADOVICIOARA DE SECU,207532,16,74171,23,3,4,RO411
3,74215,ŞUMANDRA,207533,16,74171,23,3,4,RO411
2,74224,SILIŞTEA CRUCII,,16,163,3,3,4,RO411
3,74233,SILIŞTEA CRUCII,207535,16,74224,22,3,4,RO411
2,74242,SOPOT,,16,163,3,3,4,RO411
3,74251,SOPOT,207540,16,74242,22,3,4,RO411
3,74260,BAŞCOV,207541,16,74242,23,3,4,RO411
3,74279,BELOŢ,207542,16,74242,23,3,4,RO411
3,74288,CERNAT,207543,16,74242,23,3,4,RO411
3,74297,PERENI,207544,16,74242,23,3,4,RO411
3,74304,PIETROAIA,207546,16,74242,23,3,4,RO411
3,74313,SÂRSCA,207547,16,74242,23,3,4,RO411
2,70174,ŞIMNICU DE SUS,,16,163,3,3,4,RO411
3,70183,ŞIMNICU DE SUS,207550,16,70174,22,3,4,RO411
3,70192,ALBEŞTI,207551,16,70174,23,3,4,RO411
3,70209,CORNETU,207552,16,70174,23,3,4,RO411
3,70218,DELENI,207553,16,70174,23,3,4,RO411
3,70227,DUDOVICEŞTI,207554,16,70174,23,3,4,RO411
3,70236,DUŢULEŞTI,207556,16,70174,23,3,4,RO411
3,70245,FLOREŞTI,207557,16,70174,23,3,4,RO411
3,70254,IZVOR,207558,16,70174,23,3,4,RO411
3,70263,JIENI,207559,16,70174,23,3,4,RO411
3,70272,LEŞILE,207561,16,70174,23,3,4,RO411
3,70281,MILEŞTI,207562,16,70174,23,3,4,RO411
3,70290,ROMÂNEŞTI,207563,16,70174,23,3,4,RO411
2,74956,TĂLPAŞ,,16,163,3,3,4,RO411
3,72374,TĂLPAŞ,207266,16,74956,22,3,4,RO411
3,72329,MOFLEŞTI,207259,16,74956,23,3,4,RO411
3,72338,NISTOI,207261,16,74956,23,3,4,RO411
3,72356,PUŢINEI,207263,16,74956,23,3,4,RO411
3,72365,SOCENI,207264,16,74956,23,3,4,RO411
2,74322,TEASC,,16,163,3,3,4,RO411
3,74331,TEASC,207570,16,74322,22,3,4,RO411
3,74340,SECUI,207571,16,74322,23,3,4,RO411
2,74359,TERPEZIŢA,,16,163,3,3,4,RO411
3,74368,TERPEZIŢA,207575,16,74359,22,3,4,RO411
3,74386,CĂCIULATU,207576,16,74359,23,3,4,RO411
3,74377,CĂRUIA,207577,16,74359,23,3,4,RO411
3,74395,FLORAN,207578,16,74359,23,3,4,RO411
3,74402,LAZU,207579,16,74359,23,3,4,RO411
2,74411,TESLUI,,16,163,3,3,4,RO411
3,74420,TESLUI,207580,16,74411,22,3,4,RO411
3,74439,COŞERENI,207581,16,74411,23,3,4,RO411
3,74448,FÂNTÂNELE,207582,16,74411,23,3,4,RO411
3,74457,PREAJBA DE JOS,207583,16,74411,23,3,4,RO411
3,74466,PREAJBA DE PĂDURE,207584,16,74411,23,3,4,RO411
3,74475,ŢĂRŢĂL,207586,16,74411,23,3,4,RO411
3,74484,URIENI,207587,16,74411,23,3,4,RO411
3,74493,VIIŞOARA-MOŞNENI,207588,16,74411,23,3,4,RO411
2,74509,ŢUGLUI,,16,163,3,3,4,RO411
3,74518,ŢUGLUI,207590,16,74509,22,3,4,RO411
3,74527,JIUL,207591,16,74509,23,3,4,RO411
2,74536,UNIREA,,16,163,3,3,4,RO411
3,74545,UNIREA,207595,16,74536,22,3,4,RO411
2,74554,URZICUŢA,,16,163,3,3,4,RO411
3,74563,URZICUŢA,207600,16,74554,22,3,4,RO411
3,74572,URZICA MARE,207601,16,74554,23,3,4,RO411
2,74581,VALEA STANCIULUI,,16,163,3,3,4,RO411
3,74590,VALEA STANCIULUI,207605,16,74581,22,3,4,RO411
3,74607,HOREZU-POENARI,207606,16,74581,23,3,4,RO411
2,74732,VÂRTOP,,16,163,3,3,4,RO411
3,74741,VÂRTOP,207610,16,74732,22,3,4,RO411
2,74750,VÂRVORU DE JOS,,16,163,3,3,4,RO411
3,74769,VÂRVORU DE JOS,207615,16,74750,22,3,4,RO411
3,74778,BUJOR,207616,16,74750,23,3,4,RO411
3,74787,CIUTURA,207617,16,74750,23,3,4,RO411
3,74796,CRIVA,207618,16,74750,23,3,4,RO411
3,74803,DOBROMIRA,207619,16,74750,23,3,4,RO411
3,74812,DRĂGOAIA,207621,16,74750,23,3,4,RO411
3,74821,GABRU,207622,16,74750,23,3,4,RO411
3,74830,VÂRVOR,207623,16,74750,23,3,4,RO411
2,74616,VELA,,16,163,3,3,4,RO411
3,74625,VELA,207625,16,74616,22,3,4,RO411
3,74634,BUCOVICIOR,207626,16,74616,23,3,4,RO411
3,74643,CETĂŢUIA,207627,16,74616,23,3,4,RO411
3,74652,DESNĂŢUI,207628,16,74616,23,3,4,RO411
3,74661,GUBAUCEA,207629,16,74616,23,3,4,RO411
3,74670,SEGLEŢ,207631,16,74616,23,3,4,RO411
3,74689,SUHARU,207632,16,74616,23,3,4,RO411
3,74698,ŞTIUBEI,207633,16,74616,23,3,4,RO411
2,74705,VERBIŢA,,16,163,3,3,4,RO411
3,74714,VERBIŢA,207635,16,74705,22,3,4,RO411
3,74723,VERBICIOARA,207636,16,74705,23,3,4,RO411
1,172,JUDEŢUL GALAŢI,,17,1,40,0,2,RO224
2,75098,MUNICIPIUL GALAŢI,,17,172,1,1,2,RO224
3,75105,GALAŢI,800001,17,75098,9,1,2,RO224
2,75203,MUNICIPIUL TECUCI,,17,172,4,1,2,RO224
3,75212,TECUCI,805300,17,75203,9,1,2,RO224
2,75338,ORAŞ BEREŞTI,,17,172,2,1,2,RO224
3,75347,BEREŞTI,805100,17,75338,17,1,2,RO224
2,75472,ORAŞ TÂRGU BUJOR,,17,172,2,1,2,RO224
3,75481,TÂRGU BUJOR,805200,17,75472,17,1,2,RO224
3,75490,MOSCU,805201,17,75472,19,1,2,RO224
3,75506,UMBRĂREŞTI,805202,17,75472,19,1,2,RO224
2,75515,BARCEA,,17,172,3,3,2,RO224
3,75524,BARCEA,807005,17,75515,22,3,2,RO224
3,75533,PODOLENI,807006,17,75515,23,3,2,RO224
2,75542,BĂLĂBĂNEŞTI,,17,172,3,3,2,RO224
3,75551,BĂLĂBĂNEŞTI,807010,17,75542,22,3,2,RO224
3,75560,BURSUCANI,807011,17,75542,23,3,2,RO224
3,75588,LUNGEŞTI,807013,17,75542,23,3,2,RO224
3,75604,ZIMBRU,807016,17,75542,23,3,2,RO224
2,75613,BĂLĂŞEŞTI,,17,172,3,3,2,RO224
3,75622,BĂLĂŞEŞTI,807020,17,75613,22,3,2,RO224
3,75631,CIUREŞTI,807021,17,75613,23,3,2,RO224
3,75640,CIUREŞTII NOI,807022,17,75613,23,3,2,RO224
3,75659,PUPEZENI,807023,17,75613,23,3,2,RO224
2,75668,BĂLENI,,17,172,3,3,2,RO224
3,75677,BĂLENI,807025,17,75668,22,3,2,RO224
2,75686,BĂNEASA,,17,172,3,3,2,RO224
3,75695,BĂNEASA,807030,17,75686,22,3,2,RO224
3,75702,ROŞCANI,807031,17,75686,23,3,2,RO224
2,75356,BEREŞTI-MERIA,,17,172,3,3,2,RO224
3,75365,BEREŞTI-MERIA,807035,17,75356,22,3,2,RO224
3,75374,ALDEŞTI,807036,17,75356,23,3,2,RO224
3,75383,BALINTEŞTI,807037,17,75356,23,3,2,RO224
3,75392,ONCIU,807038,17,75356,23,3,2,RO224
3,75409,PLEŞA,807039,17,75356,23,3,2,RO224
3,75418,PRODĂNEŞTI,807041,17,75356,23,3,2,RO224
3,75427,PURICANI,807042,17,75356,23,3,2,RO224
3,75436,SĂSENI,807043,17,75356,23,3,2,RO224
3,75445,SLIVNA,807044,17,75356,23,3,2,RO224
3,75454,ŞIPOTE,807046,17,75356,23,3,2,RO224
2,75711,BRANIŞTEA,,17,172,3,3,2,RO224
3,75720,BRANIŞTEA,807050,17,75711,22,3,2,RO224
3,75739,LOZOVA,807051,17,75711,23,3,2,RO224
3,75748,TRAIAN,807052,17,75711,23,3,2,RO224
3,75757,VASILE ALECSANDRI,807053,17,75711,23,3,2,RO224
2,75766,BRĂHĂŞEŞTI,,17,172,3,3,2,RO224
3,75775,BRĂHĂŞEŞTI,807055,17,75766,22,3,2,RO224
3,75784,CORCIOVENI,807056,17,75766,23,3,2,RO224
3,75793,COSIŢENI,807057,17,75766,23,3,2,RO224
3,75800,TOFLEA,807058,17,75766,23,3,2,RO224
2,75819,BUCIUMENI,,17,172,3,3,2,RO224
3,75828,BUCIUMENI,807060,17,75819,22,3,2,RO224
3,75837,HĂNŢEŞTI,807061,17,75819,23,3,2,RO224
3,75846,TECUCELU SEC,807062,17,75819,23,3,2,RO224
3,75855,VIZUREŞTI,807063,17,75819,23,3,2,RO224
2,75864,CAVADINEŞTI,,17,172,3,3,2,RO224
3,75873,CAVADINEŞTI,807065,17,75864,22,3,2,RO224
3,75882,COMĂNEŞTI,807066,17,75864,23,3,2,RO224
3,75891,GĂNEŞTI,807067,17,75864,23,3,2,RO224
3,75908,VĂDENI,807068,17,75864,23,3,2,RO224
2,75917,CERŢEŞTI,,17,172,3,3,2,RO224
3,75926,CERŢEŞTI,807070,17,75917,22,3,2,RO224
3,75935,CÂRLOMĂNEŞTI,807071,17,75917,23,3,2,RO224
3,75944,COTOROAIA,807072,17,75917,23,3,2,RO224
2,76004,CORNI,,17,172,3,3,2,RO224
3,76013,CORNI,807075,17,76004,22,3,2,RO224
3,76022,MĂCIŞENI,807076,17,76004,23,3,2,RO224
3,76031,URLEŞTI,807077,17,76004,23,3,2,RO224
2,75953,COROD,,17,172,3,3,2,RO224
3,75962,COROD,807080,17,75953,22,3,2,RO224
3,75971,BLÂNZI,807081,17,75953,23,3,2,RO224
3,75980,BRĂTULEŞTI,807082,17,75953,23,3,2,RO224
3,75999,CĂRĂPCEŞTI,807083,17,75953,23,3,2,RO224
2,76040,COSMEŞTI,,17,172,3,3,2,RO224
3,76059,COSMEŞTI,807085,17,76040,22,3,2,RO224
3,76068,BĂLTĂREŢI,807086,17,76040,23,3,2,RO224
3,76077,COSMEŞTII-VALE,807087,17,76040,23,3,2,RO224
3,76086,FURCENII NOI,807088,17,76040,23,3,2,RO224
3,76095,FURCENII VECHI,807089,17,76040,23,3,2,RO224
3,76102,SATU NOU,807091,17,76040,23,3,2,RO224
2,76111,COSTACHE NEGRI,,17,172,3,3,2,RO224
3,76120,COSTACHE NEGRI,807095,17,76111,22,3,2,RO224
2,76139,CUCA,,17,172,3,3,2,RO224
3,76148,CUCA,807100,17,76139,22,3,2,RO224
2,76157,CUDALBI,,17,172,3,3,2,RO224
3,76166,CUDALBI,807105,17,76157,22,3,2,RO224
2,77595,CUZA VODĂ,,17,172,3,3,2,RO224
3,77206,CUZA VODĂ,807271,17,77595,22,3,2,RO224
2,75221,DRĂGĂNEŞTI,,17,172,3,3,2,RO224
3,75230,DRĂGĂNEŞTI,807110,17,75221,22,3,2,RO224
3,75249,MALU ALB,807111,17,75221,23,3,2,RO224
2,76175,DRĂGUŞENI,,17,172,3,3,2,RO224
3,76184,DRĂGUŞENI,807115,17,76175,22,3,2,RO224
3,76193,ADAM,807116,17,76175,23,3,2,RO224
3,76200,CĂUIEŞTI,807117,17,76175,23,3,2,RO224
3,76219,FUNDEANU,807118,17,76175,23,3,2,RO224
3,76228,GHINGHEŞTI,807119,17,76175,23,3,2,RO224
3,76237,NICOPOLE,807121,17,76175,23,3,2,RO224
3,76246,ŞTIEŢEŞTI,807122,17,76175,23,3,2,RO224
2,76255,FÂRŢĂNEŞTI,,17,172,3,3,2,RO224
3,76264,FÂRŢĂNEŞTI,807125,17,76255,22,3,2,RO224
3,76273,VIILE,807126,17,76255,23,3,2,RO224
2,76282,FOLTEŞTI,,17,172,3,3,2,RO224
3,76291,FOLTEŞTI,807130,17,76282,22,3,2,RO224
3,76308,STOICANI,807131,17,76282,23,3,2,RO224
2,76317,FRUMUŞIŢA,,17,172,3,3,2,RO224
3,76326,FRUMUŞIŢA,807135,17,76317,22,3,2,RO224
3,76335,IJDILENI,807136,17,76317,23,3,2,RO224
3,76344,TĂMĂOANI,807137,17,76317,23,3,2,RO224
2,76353,FUNDENI,,17,172,3,3,2,RO224
3,76362,FUNDENII NOI,807141,17,76353,22,3,2,RO224
3,76371,FUNDENI,807140,17,76353,23,3,2,RO224
3,76380,HANU CONACHI,807142,17,76353,23,3,2,RO224
3,76399,LUNGOCI,807143,17,76353,23,3,2,RO224
2,76406,GHIDIGENI,,17,172,3,3,2,RO224
3,76415,GHIDIGENI,807145,17,76406,22,3,2,RO224
3,76424,GARA GHIDIGENI,807146,17,76406,23,3,2,RO224
3,76442,GÂRBOVĂŢ,807147,17,76406,23,3,2,RO224
3,76433,GEFU,807148,17,76406,23,3,2,RO224
3,76451,GURA GÂRBOVĂŢULUI,807149,17,76406,23,3,2,RO224
3,76460,SLOBOZIA CORNI,807151,17,76406,23,3,2,RO224
3,76479,TĂLPIGI,807152,17,76406,23,3,2,RO224
3,76488,TĂPLĂU,807153,17,76406,23,3,2,RO224
2,76497,GOHOR,,17,172,3,3,2,RO224
3,76503,GOHOR,807155,17,76497,22,3,2,RO224
3,76512,GARA BERHECI,807156,17,76497,23,3,2,RO224
3,76521,IREASCA,807157,17,76497,23,3,2,RO224
3,76530,NĂRTEŞTI,807158,17,76497,23,3,2,RO224
3,76549,POŞTA,807159,17,76497,23,3,2,RO224
2,76558,GRIVIŢA,,17,172,3,3,2,RO224
3,76567,GRIVIŢA,807160,17,76558,22,3,2,RO224
3,76576,CĂLMĂŢUI,807161,17,76558,23,3,2,RO224
2,76585,INDEPENDENŢA,,17,172,3,3,2,RO224
3,76594,INDEPENDENŢA,807165,17,76585,22,3,2,RO224
2,76601,IVEŞTI,,17,172,3,3,2,RO224
3,76610,IVEŞTI,807170,17,76601,22,3,2,RO224
3,76629,BUCEŞTI,807171,17,76601,23,3,2,RO224
2,76638,JORĂŞTI,,17,172,3,3,2,RO224
3,76647,JORĂŞTI,807175,17,76638,22,3,2,RO224
3,76656,LUNCA,807176,17,76638,23,3,2,RO224
3,76665,ZĂRNEŞTI,807177,17,76638,23,3,2,RO224
2,76674,LIEŞTI,,17,172,3,3,2,RO224
3,76683,LIEŞTI,807180,17,76674,22,3,2,RO224
2,76692,MATCA,,17,172,3,3,2,RO224
3,76709,MATCA,807185,17,76692,22,3,2,RO224
2,76718,MĂSTĂCANI,,17,172,3,3,2,RO224
3,76727,MĂSTĂCANI,807190,17,76718,22,3,2,RO224
3,76736,CHIRAFTEI,807191,17,76718,23,3,2,RO224
2,76745,MOVILENI,,17,172,3,3,2,RO224
3,76754,MOVILENI,807195,17,76745,22,3,2,RO224
2,75258,MUNTENI,,17,172,3,3,2,RO224
3,75267,MUNTENI,807200,17,75258,22,3,2,RO224
3,75276,FRUNZEASCA,807201,17,75258,23,3,2,RO224
3,75301,ŢIGĂNEŞTI,807204,17,75258,23,3,2,RO224
3,75310,UNGURENI,807206,17,75258,23,3,2,RO224
2,76763,NĂMOLOASA,,17,172,3,3,2,RO224
3,76772,NĂMOLOASA,807210,17,76763,22,3,2,RO224
3,76781,CRÂNGENI,807211,17,76763,23,3,2,RO224
3,76790,NĂMOLOASA-SAT,807212,17,76763,23,3,2,RO224
2,77579,NEGRILEŞTI,,17,172,3,3,2,RO224
3,75285,NEGRILEŞTI,807202,17,77579,22,3,2,RO224
3,75294,SLOBOZIA BLĂNEASA,807203,17,77579,23,3,2,RO224
2,76807,NICOREŞTI,,17,172,3,3,2,RO224
3,76816,NICOREŞTI,807215,17,76807,22,3,2,RO224
3,76825,BRANIŞTEA,807216,17,76807,23,3,2,RO224
3,76834,COASTA LUPEI,807217,17,76807,23,3,2,RO224
3,76843,DOBRINEŞTI,807218,17,76807,23,3,2,RO224
3,76852,FÂNTÂNI,807219,17,76807,23,3,2,RO224
3,76861,GROZĂVEŞTI,807221,17,76807,23,3,2,RO224
3,76870,IONĂŞEŞTI,807222,17,76807,23,3,2,RO224
3,76889,MĂLURENI,807223,17,76807,23,3,2,RO224
3,76898,PISCU CORBULUI,807224,17,76807,23,3,2,RO224
3,76914,SÂRBI,807227,17,76807,23,3,2,RO224
2,76932,OANCEA,,17,172,3,3,2,RO224
3,76941,OANCEA,807235,17,76932,22,3,2,RO224
3,76950,SLOBOZIA OANCEA,807236,17,76932,23,3,2,RO224
2,76969,PECHEA,,17,172,3,3,2,RO224
3,76978,PECHEA,807240,17,76969,22,3,2,RO224
3,76987,LUPELE,807241,17,76969,23,3,2,RO224
2,76996,PISCU,,17,172,3,3,2,RO224
3,77000,PISCU,807245,17,76996,22,3,2,RO224
3,77019,VAMEŞ,807246,17,76996,23,3,2,RO224
2,77587,POIANA,,17,172,3,3,2,RO224
3,76905,POIANA,807226,17,77587,22,3,2,RO224
3,76923,VIŞINA,807228,17,77587,23,3,2,RO224
2,77028,PRIPONEŞTI,,17,172,3,3,2,RO224
3,77037,PRIPONEŞTI,807250,17,77028,22,3,2,RO224
3,77046,CIORĂŞTI,807251,17,77028,23,3,2,RO224
3,77055,HUŞTIU,807252,17,77028,23,3,2,RO224
3,77064,LIEŞTI,807253,17,77028,23,3,2,RO224
3,77073,PRIPONEŞTII DE JOS,807254,17,77028,23,3,2,RO224
2,77561,RĂDEŞTI,,17,172,3,3,2,RO224
3,75597,RĂDEŞTI,807014,17,77561,22,3,2,RO224
3,75579,CRUCEANU,807012,17,77561,23,3,2,RO224
2,77082,REDIU,,17,172,3,3,2,RO224
3,77091,REDIU,807255,17,77082,22,3,2,RO224
3,77108,PLEVNA,807256,17,77082,23,3,2,RO224
2,77126,SCÂNTEIEŞTI,,17,172,3,3,2,RO224
3,77135,SCÂNTEIEŞTI,807260,17,77126,22,3,2,RO224
3,77144,FÂNTÂNELE,807261,17,77126,23,3,2,RO224
2,77153,SCHELA,,17,172,3,3,2,RO224
3,77162,SCHELA,807265,17,77153,22,3,2,RO224
3,77171,NEGREA,807266,17,77153,23,3,2,RO224
2,77180,SLOBOZIA CONACHI,,17,172,3,3,2,RO224
3,77199,SLOBOZIA CONACHI,807270,17,77180,22,3,2,RO224
3,77215,IZVOARELE,807272,17,77180,23,3,2,RO224
2,77224,SMÂRDAN,,17,172,3,3,2,RO224
3,77233,SMÂRDAN,807275,17,77224,22,3,2,RO224
3,77242,CIŞMELE,807276,17,77224,23,3,2,RO224
3,77251,MIHAIL KOGĂLNICEANU,807277,17,77224,23,3,2,RO224
2,77260,SMULŢI,,17,172,3,3,2,RO224
3,77279,SMULŢI,807280,17,77260,22,3,2,RO224
2,77288,SUCEVENI,,17,172,3,3,2,RO224
3,77297,SUCEVENI,807285,17,77288,22,3,2,RO224
3,77304,ROGOJENI,807286,17,77288,23,3,2,RO224
2,77601,SUHURLUI,,17,172,3,3,2,RO224
3,77117,SUHURLUI,807257,17,77601,22,3,2,RO224
2,75114,ŞENDRENI,,17,172,3,3,2,RO224
3,75123,ŞENDRENI,807290,17,75114,22,3,2,RO224
3,75132,MOVILENI,807291,17,75114,23,3,2,RO224
3,75141,ŞERBEŞTII VECHI,807292,17,75114,23,3,2,RO224
2,77313,TUDOR VLADIMIRESCU,,17,172,3,3,2,RO224
3,77322,TUDOR VLADIMIRESCU,807295,17,77313,22,3,2,RO224
2,77331,TULUCEŞTI,,17,172,3,3,2,RO224
3,77340,TULUCEŞTI,807300,17,77331,22,3,2,RO224
3,77359,ŞIVIŢA,807301,17,77331,23,3,2,RO224
3,77368,TĂTARCA,807302,17,77331,23,3,2,RO224
2,77377,ŢEPU,,17,172,3,3,2,RO224
3,77386,ŢEPU,807305,17,77377,22,3,2,RO224
3,77395,ŢEPU DE SUS,807306,17,77377,23,3,2,RO224
2,77402,UMBRĂREŞTI,,17,172,3,3,2,RO224
3,77411,UMBRĂREŞTI,807310,17,77402,22,3,2,RO224
3,77420,CONDREA,807311,17,77402,23,3,2,RO224
3,77439,SALCIA,807312,17,77402,23,3,2,RO224
3,77448,SILIŞTEA,807313,17,77402,23,3,2,RO224
3,77457,TORCEŞTI,807314,17,77402,23,3,2,RO224
3,77466,UMBRĂREŞTI-DEAL,807316,17,77402,23,3,2,RO224
2,77475,VALEA MĂRULUI,,17,172,3,3,2,RO224
3,77484,VALEA MĂRULUI,807320,17,77475,22,3,2,RO224
3,77493,MÂNDREŞTI,807321,17,77475,23,3,2,RO224
2,75150,VÂNĂTORI,,17,172,3,3,2,RO224
3,75169,VÂNĂTORI,807325,17,75150,22,3,2,RO224
3,75178,COSTI,807326,17,75150,23,3,2,RO224
3,75187,ODAIA MANOLACHE,807327,17,75150,23,3,2,RO224
2,77509,VÂRLEZI,,17,172,3,3,2,RO224
3,77518,VÂRLEZI,807330,17,77509,22,3,2,RO224
3,77527,CRĂIEŞTI,807331,17,77509,23,3,2,RO224
2,77536,VLĂDEŞTI,,17,172,3,3,2,RO224
3,77545,VLĂDEŞTI,807335,17,77536,22,3,2,RO224
3,77554,BRĂNEŞTI,807336,17,77536,23,3,2,RO224
1,528,JUDEŢUL GIURGIU,,52,1,40,0,3,RO224
2,100521,MUNICIPIUL GIURGIU,,52,528,1,1,3,RO224
3,100530,GIURGIU,80303,52,100521,9,1,3,RO224
2,101190,ORAŞ BOLINTIN-VALE,,52,528,2,1,3,RO224
3,101207,BOLINTIN-VALE,85100,52,101190,17,1,3,RO224
3,101216,CRIVINA,85101,52,101190,19,1,3,RO224
3,101225,MALU SPART,85102,52,101190,19,1,3,RO224
3,101234,SUSENI,85103,52,101190,19,1,3,RO224
2,104136,ORAŞ MIHĂILEŞTI,,52,528,2,1,3,RO224
3,104145,MIHĂILEŞTI,85200,52,104136,17,1,3,RO224
3,104154,DRĂGĂNESCU,85201,52,104136,19,1,3,RO224
3,104163,NOVACI,85202,52,104136,19,1,3,RO224
3,104172,POPEŞTI,85203,52,104136,19,1,3,RO224
2,100781,ADUNAŢII-COPĂCENI,,52,528,3,3,3,RO224
3,100790,ADUNAŢII-COPĂCENI,87005,52,100781,22,3,3,RO224
3,100807,DĂRĂŞTI-VLAŞCA,87006,52,100781,23,3,3,RO224
3,100816,MOGOŞEŞTI,87007,52,100781,23,3,3,RO224
3,100825,VARLAAM,87008,52,100781,23,3,3,RO224
2,101001,BĂNEASA,,52,528,3,3,3,RO224
3,101010,BĂNEASA,87010,52,101001,22,3,3,RO224
3,101029,FRASINU,87011,52,101001,23,3,3,RO224
3,101038,PIETRELE,87012,52,101001,23,3,3,RO224
3,101047,SFÂNTU GHEORGHE,87013,52,101001,23,3,3,RO224
2,101163,BOLINTIN-DEAL,,52,528,3,3,3,RO224
3,101172,BOLINTIN-DEAL,87015,52,101163,22,3,3,RO224
3,101181,MIHAI VODĂ,87016,52,101163,23,3,3,RO224
2,101378,BUCŞANI,,52,528,3,3,3,RO224
3,101387,BUCŞANI,87020,52,101378,22,3,3,RO224
3,101396,ANGHELEŞTI,87021,52,101378,23,3,3,RO224
3,101403,GOLEASCA,87022,52,101378,23,3,3,RO224
3,101412,OBEDENI,87023,52,101378,23,3,3,RO224
3,101421,PODIŞOR,87024,52,101378,23,3,3,RO224
3,101449,UIEŞTI,87026,52,101378,23,3,3,RO224
3,101430,VADU LAT,87027,52,101378,23,3,3,RO224
2,101519,BULBUCATA,,52,528,3,3,3,RO224
3,101528,BULBUCATA,87030,52,101519,22,3,3,RO224
3,101537,COTENI,87031,52,101519,23,3,3,RO224
3,101546,FĂCĂU,87032,52,101519,23,3,3,RO224
3,101555,TEIŞORI,87033,52,101519,23,3,3,RO224
2,101617,BUTURUGENI,,52,528,3,3,3,RO224
3,101626,BUTURUGENI,87035,52,101617,22,3,3,RO224
3,101635,PĂDURENI,87036,52,101617,23,3,3,RO224
3,101644,PODU ILFOVĂŢULUI,87037,52,101617,23,3,3,RO224
3,101653,POŞTA,87038,52,101617,23,3,3,RO224
2,101662,CĂLUGĂRENI,,52,528,3,3,3,RO224
3,101671,CĂLUGĂRENI,87040,52,101662,22,3,3,RO224
3,101680,BRĂNIŞTARI,87041,52,101662,23,3,3,RO224
3,101699,CRUCEA DE PIATRĂ,87042,52,101662,23,3,3,RO224
3,101706,HULUBEŞTI,87043,52,101662,23,3,3,RO224
3,101715,UZUNU,87044,52,101662,23,3,3,RO224
2,101984,CLEJANI,,52,528,3,3,3,RO224
3,101993,CLEJANI,87045,52,101984,22,3,3,RO224
3,102008,NEAJLOVU,87046,52,101984,23,3,3,RO224
3,102017,PODU DOAMNEI,87047,52,101984,23,3,3,RO224
3,102026,STEREA,87048,52,101984,23,3,3,RO224
2,102071,COLIBAŞI,,52,528,3,3,3,RO224
3,102080,COLIBAŞI,87050,52,102071,22,3,3,RO224
3,102099,CÂMPURELU,87051,52,102071,23,3,3,RO224
2,102106,COMANA,,52,528,3,3,3,RO224
3,102115,COMANA,87055,52,102106,22,3,3,RO224
3,102124,BUDENI,87056,52,102106,23,3,3,RO224
3,102133,FALAŞTOACA,87057,52,102106,23,3,3,RO224
3,102142,GRĂDIŞTEA,87058,52,102106,23,3,3,RO224
3,102151,VLAD ŢEPEŞ,87059,52,102106,23,3,3,RO224
2,179748,COSOBA,,52,528,3,3,3,RO224
3,104029,COSOBA,87152,52,179748,22,3,3,RO224
2,102348,CREVEDIA MARE,,52,528,3,3,3,RO224
3,102357,CREVEDIA MARE,87060,52,102348,22,3,3,RO224
3,102366,CREVEDIA MICĂ,87061,52,102348,23,3,3,RO224
3,102375,DEALU,87062,52,102348,23,3,3,RO224
3,102384,GĂISEANCA,87063,52,102348,23,3,3,RO224
3,102393,PRIBOIU,87064,52,102348,23,3,3,RO224
3,102400,SFÂNTU GHEORGHE,87066,52,102348,23,3,3,RO224
2,102446,DAIA,,52,528,3,3,3,RO224
3,102455,DAIA,87070,52,102446,22,3,3,RO224
3,102464,PLOPŞORU,87071,52,102446,23,3,3,RO224
2,102794,FLOREŞTI-STOENEŞTI,,52,528,3,3,3,RO224
3,102801,STOENEŞTI,87078,52,102794,22,3,3,RO224
3,102810,FLOREŞTI,87076,52,102794,23,3,3,RO224
3,102829,PALANCA,87077,52,102794,23,3,3,RO224
2,102909,FRĂTEŞTI,,52,528,3,3,3,RO224
3,102918,FRĂTEŞTI,87080,52,102909,22,3,3,RO224
3,102927,CETATEA,87081,52,102909,23,3,3,RO224
3,102936,REMUŞ,87082,52,102909,23,3,3,RO224
2,103087,GĂISENI,,52,528,3,3,3,RO224
3,103096,GĂISENI,87085,52,103087,22,3,3,RO224
3,103103,CĂRPENIŞU,87086,52,103087,23,3,3,RO224
3,103112,CĂSCIOARELE,87087,52,103087,23,3,3,RO224
3,103121,PODU POPA NAE,87088,52,103087,23,3,3,RO224
2,103194,GĂUJANI,,52,528,3,3,3,RO224
3,103201,GĂUJANI,87090,52,103194,22,3,3,RO224
3,103210,CETĂŢUIA,87091,52,103194,23,3,3,RO224
3,103229,PIETRIŞU,87092,52,103194,23,3,3,RO224
2,103238,GHIMPAŢI,,52,528,3,3,3,RO224
3,103247,GHIMPAŢI,87095,52,103238,22,3,3,RO224
3,103256,COPACIU,87096,52,103238,23,3,3,RO224
3,103265,NAIPU,87097,52,103238,23,3,3,RO224
3,103274,VALEA PLOPILOR,87098,52,103238,23,3,3,RO224
2,103309,GOGOŞARI,,52,528,3,3,3,RO224
3,103318,GOGOŞARI,87100,52,103309,22,3,3,RO224
3,103327,DRĂGHICEANU,87101,52,103309,23,3,3,RO224
3,103336,IZVORU,87102,52,103309,23,3,3,RO224
3,103345,RĂLEŞTI,87103,52,103309,23,3,3,RO224
2,103372,GOSTINARI,,52,528,3,3,3,RO224
3,103381,GOSTINARI,87105,52,103372,22,3,3,RO224
3,103390,MIRONEŞTI,87106,52,103372,23,3,3,RO224
2,103354,GOSTINU,,52,528,3,3,3,RO224
3,103363,GOSTINU,87110,52,103354,22,3,3,RO224
2,103407,GRĂDINARI,,52,528,3,3,3,RO224
3,103416,GRĂDINARI,87115,52,103407,22,3,3,RO224
3,103425,TÂNTAVA,87116,52,103407,23,3,3,RO224
3,103434,ZORILE,87117,52,103407,23,3,3,RO224
2,103470,GREACA,,52,528,3,3,3,RO224
3,103489,GREACA,87120,52,103470,22,3,3,RO224
3,103498,PUŢU GRECI,87121,52,103470,23,3,3,RO224
3,103504,ZBOIU,87122,52,103470,23,3,3,RO224
2,179757,HERĂŞTI,,52,528,3,3,3,RO224
3,103657,HERĂŞTI,87126,52,179757,22,3,3,RO224
3,103675,MILOŞEŞTI,87128,52,179757,23,3,3,RO224
2,103639,HOTARELE,,52,528,3,3,3,RO224
3,103648,HOTARELE,87125,52,103639,22,3,3,RO224
2,103693,IEPUREŞTI,,52,528,3,3,3,RO224
3,103700,IEPUREŞTI,87130,52,103693,22,3,3,RO224
3,103719,BĂNEŞTI,87131,52,103693,23,3,3,RO224
3,103728,CHIRCULEŞTI,87132,52,103693,23,3,3,RO224
3,103737,GORNENI,87133,52,103693,23,3,3,RO224
3,103746,STÂLPU,87134,52,103693,23,3,3,RO224
3,103755,VALTER MĂRĂCINEANU,87136,52,103693,23,3,3,RO224
2,179766,ISVOARELE,,52,528,3,3,3,RO224
3,103666,ISVOARELE,87127,52,179766,22,3,3,RO224
3,103684,TEIUŞU,87129,52,179766,23,3,3,RO224
2,103899,IZVOARELE,,52,528,3,3,3,RO224
3,103906,IZVOARELE,87140,52,103899,22,3,3,RO224
3,103915,CHIRIACU,87141,52,103899,23,3,3,RO224
3,103924,DIMITRIE CANTEMIR,87142,52,103899,23,3,3,RO224
3,103933,PETRU RAREŞ,87143,52,103899,23,3,3,RO224
3,103942,RADU VODĂ,87144,52,103899,23,3,3,RO224
3,103951,VALEA BUJORULUI,87146,52,103899,23,3,3,RO224
2,103997,JOIŢA,,52,528,3,3,3,RO224
3,104001,JOIŢA,87150,52,103997,22,3,3,RO224
3,104010,BÂCU,87151,52,103997,23,3,3,RO224
2,104047,LETCA NOUĂ,,52,528,3,3,3,RO224
3,104056,LETCA NOUĂ,87155,52,104047,22,3,3,RO224
3,104065,LETCA VECHE,87156,52,104047,23,3,3,RO224
3,104074,MILCOVĂŢU,87157,52,104047,23,3,3,RO224
2,179739,MALU,,52,528,3,3,3,RO224
3,105927,MALU,87261,52,179739,22,3,3,RO224
2,104225,MÂRŞA,,52,528,3,3,3,RO224
3,104234,MÂRŞA,87160,52,104225,22,3,3,RO224
2,104118,MIHAI BRAVU,,52,528,3,3,3,RO224
3,104127,MIHAI BRAVU,87165,52,104118,22,3,3,RO224
2,104485,OGREZENI,,52,528,3,3,3,RO224
3,104494,OGREZENI,87170,52,104485,22,3,3,RO224
3,104500,HOBAIA,87171,52,104485,23,3,3,RO224
2,104519,OINACU,,52,528,3,3,3,RO224
3,104528,OINACU,87175,52,104519,22,3,3,RO224
3,104537,BRANIŞTEA,87176,52,104519,23,3,3,RO224
3,180082,COMASCA,87177,52,104519,23,3,3,RO224
2,104680,PRUNDU,,52,528,3,3,3,RO224
3,104699,PRUNDU,87180,52,104680,22,3,3,RO224
3,104706,PUIENI,87181,52,104680,23,3,3,RO224
2,104715,PUTINEIU,,52,528,3,3,3,RO224
3,104724,PUTINEIU,87185,52,104715,22,3,3,RO224
3,104733,HODIVOAIA,87186,52,104715,23,3,3,RO224
3,104742,VIERU,87187,52,104715,23,3,3,RO224
2,104788,RĂSUCENI,,52,528,3,3,3,RO224
3,104797,RĂSUCENI,87190,52,104788,22,3,3,RO224
3,104804,CARAPANCEA,87191,52,104788,23,3,3,RO224
3,104813,CUCURUZU,87192,52,104788,23,3,3,RO224
3,104822,SATU NOU,87193,52,104788,23,3,3,RO224
2,104831,ROATA DE JOS,,52,528,3,3,3,RO224
3,104840,ROATA DE JOS,87195,52,104831,22,3,3,RO224
3,104859,CARTOJANI,87196,52,104831,23,3,3,RO224
3,104868,ROATA MICĂ,87197,52,104831,23,3,3,RO224
3,104877,SADINA,87198,52,104831,23,3,3,RO224
2,179775,SĂBĂRENI,,52,528,3,3,3,RO224
3,104038,SĂBĂRENI,87153,52,179775,22,3,3,RO224
2,104975,SCHITU,,52,528,3,3,3,RO224
3,104984,SCHITU,87200,52,104975,22,3,3,RO224
3,104993,BILA,87201,52,104975,23,3,3,RO224
3,105008,CĂMINEASCA,87202,52,104975,23,3,3,RO224
3,105017,VLAŞIN,87203,52,104975,23,3,3,RO224
2,105106,SINGURENI,,52,528,3,3,3,RO224
3,105115,SINGURENI,87205,52,105106,22,3,3,RO224
3,105124,CRÂNGURI,87206,52,105106,23,3,3,RO224
3,105133,STEJARU,87207,52,105106,23,3,3,RO224
2,100549,SLOBOZIA,,52,528,3,3,3,RO224
3,100558,SLOBOZIA,87210,52,100549,22,3,3,RO224
2,105295,STĂNEŞTI,,52,528,3,3,3,RO224
3,105302,STĂNEŞTI,87215,52,105295,22,3,3,RO224
3,105311,BĂLANU,87216,52,105295,23,3,3,RO224
3,105320,GHIZDARU,87217,52,105295,23,3,3,RO224
3,105339,ONCEŞTI,87218,52,105295,23,3,3,RO224
2,105348,STOENEŞTI,,52,528,3,3,3,RO224
3,105357,STOENEŞTI,87220,52,105348,22,3,3,RO224
3,105366,IANCULEŞTI,87221,52,105348,23,3,3,RO224
3,105375,MIRĂU,87222,52,105348,23,3,3,RO224
2,154709,TOPORU,,52,528,3,3,3,RO224
3,154718,TOPORU,87225,52,154709,22,3,3,RO224
3,154727,TOMULEŞTI,87226,52,154709,23,3,3,RO224
2,105623,ULMI,,52,528,3,3,3,RO224
3,105632,ULMI,87230,52,105623,22,3,3,RO224
3,105641,CĂSCIOARELE,87231,52,105623,23,3,3,RO224
3,105650,DRĂGĂNEASCA,87232,52,105623,23,3,3,RO224
3,105669,GHIONEA,87233,52,105623,23,3,3,RO224
3,105678,ICOANA,87234,52,105623,23,3,3,RO224
3,105687,MOŞTENI,87236,52,105623,23,3,3,RO224
3,105696,POENARI,87237,52,105623,23,3,3,RO224
3,105703,TRESTIENI,87238,52,105623,23,3,3,RO224
2,105776,VALEA DRAGULUI,,52,528,3,3,3,RO224
3,105785,VALEA DRAGULUI,87240,52,105776,22,3,3,RO224
2,105874,VĂRĂŞTI,,52,528,3,3,3,RO224
3,105883,VĂRĂŞTI,87245,52,105874,22,3,3,RO224
3,105892,DOBRENI,87245,52,105874,23,3,3,RO224
2,105972,VÂNĂTORII MICI,,52,528,3,3,3,RO224
3,105981,VÂNĂTORII MICI,87250,52,105972,22,3,3,RO224
3,105990,CORBEANCA,87251,52,105972,23,3,3,RO224
3,106005,CUPELE,87252,52,105972,23,3,3,RO224
3,106014,IZVORU,87253,52,105972,23,3,3,RO224
3,106023,POIANA LUI STÂNGĂ,87254,52,105972,23,3,3,RO224
3,106032,VÂLCELELE,87256,52,105972,23,3,3,RO224
3,106041,VÂNĂTORII MARI,87257,52,105972,23,3,3,RO224
3,106050,ZĂDĂRICIU,87258,52,105972,23,3,3,RO224
2,105909,VEDEA,,52,528,3,3,3,RO224
3,105918,VEDEA,87260,52,105909,22,3,3,RO224
1,181,JUDEŢUL GORJ,,18,1,40,0,4,
2,77812,MUNICIPIUL TÂRGU JIU,,18,181,1,1,4,
3,77821,TÂRGU JIU,210101,18,77812,9,1,4,
3,77830,BÂRSEŞTI,210001,18,77812,10,1,4,
3,77849,DRĂGOENI,210002,18,77812,10,1,4,
3,77858,IEZURENI,210003,18,77812,10,1,4,
3,77867,POLATA,210004,18,77812,10,1,4,
3,77876,PREAJBA MARE,210005,18,77812,10,1,4,
3,77885,ROMANEŞTI,210006,18,77812,10,1,4,
3,77894,SLOBOZIA,210007,18,77812,10,1,4,
3,77901,URSAŢI,210008,18,77812,10,1,4,
2,78141,MUNICIPIUL MOTRU,,18,181,4,1,4,
3,78150,MOTRU,215200,18,78141,9,1,4,
3,78169,DEALU POMILOR,215201,18,78141,10,1,4,
3,78178,HORĂŞTI,215202,18,78141,10,1,4,
3,78187,ÎNSURĂŢEI,215203,18,78141,10,1,4,
3,78196,LEURDA,215204,18,78141,10,1,4,
3,78212,LUPOIŢA,215205,18,78141,11,1,4,
3,78203,PLOŞTINA,215206,18,78141,10,1,4,
3,78230,RÂPA,215207,18,78141,11,1,4,
3,78221,ROŞIUŢA,215208,18,78141,11,1,4,
2,79308,ORAŞ BUMBEŞTI-JIU,,18,181,2,1,4,
3,79317,BUMBEŞTI-JIU,215100,18,79308,17,1,4,
3,79326,CURTIŞOARA,215101,18,79308,19,1,4,
3,79335,LĂZĂREŞTI,215102,18,79308,19,1,4,
3,79344,PLEŞA,215103,18,79308,19,1,4,
3,79353,TETILA,215104,18,79308,19,1,4,
2,78258,ORAŞ NOVACI,,18,181,2,1,4,
3,78267,NOVACI,215300,18,78258,17,1,4,
3,78276,BERCEŞTI,215301,18,78258,19,1,4,
3,78285,HIRIŞEŞTI,215302,18,78258,19,1,4,RO412
3,78294,POCIOVALIŞTEA,215303,18,78258,19,1,4,RO412
3,78301,SITEŞTI,215304,18,78258,19,1,4,RO412
2,82895,ORAŞ ROVINARI,,18,181,2,1,4,RO412
3,79059,ROVINARI,215400,18,82895,17,1,4,RO412
3,82902,VÂRŢ,215401,18,82895,18,1,4,RO412
2,78329,ORAŞ TÂRGU CĂRBUNEŞTI,,18,181,2,1,4,RO412
3,78338,TÂRGU CĂRBUNEŞTI,215500,18,78329,17,1,4,RO412
3,78347,BLAHNIŢA DE JOS,215501,18,78329,19,1,4,RO412
3,78356,CĂRBUNEŞTI-SAT,215502,18,78329,19,1,4,RO412
3,78365,COJANI,215503,18,78329,19,1,4,RO412
3,78374,CREŢEŞTI,215504,18,78329,19,1,4,RO412
3,78383,CURTEANA,215505,18,78329,19,1,4,RO412
3,78392,FLOREŞTENI,215506,18,78329,19,1,4,RO412
3,78409,MĂCEŞU,215507,18,78329,19,1,4,RO412
3,78418,POJOGENI,215508,18,78329,19,1,4,RO412
3,78427,ROGOJENI,215509,18,78329,19,1,4,RO412
3,78436,ŞTEFĂNEŞTI,215510,18,78329,19,1,4,RO412
2,82430,ORAŞ TISMANA,,18,181,2,1,4,RO412
3,82449,TISMANA,217495,18,82430,17,1,4,RO412
3,82458,CELEI,217496,18,82430,19,1,4,RO412
3,82467,COSTENI,217497,18,82430,19,1,4,RO412
3,82476,GORNOVIŢA,217498,18,82430,19,1,4,RO412
3,82485,ISVARNA,217499,18,82430,19,1,4,RO412
3,82494,POCRUIA,217501,18,82430,19,1,4,RO412
3,82500,RACOŢI,217502,18,82430,19,1,4,RO412
3,82519,SOHODOL,217503,18,82430,19,1,4,RO412
3,82528,TOPEŞTI,217504,18,82430,19,1,4,RO412
3,82537,VÂLCELE,217506,18,82430,19,1,4,RO412
3,82546,VÂNATA,217507,18,82430,19,1,4,RO412
2,82617,ORAŞ TURCENI,,18,181,2,1,4,RO412
3,82626,TURCENI,217520,18,82617,17,1,4,RO412
3,82635,GÂRBOVU,217521,18,82617,19,1,4,RO412
3,82644,JILŢU,217522,18,82617,18,1,4,RO412
3,82653,MURGEŞTI,217523,18,82617,19,1,4,RO412
3,82662,STRÂMBA-JIU,217524,18,82617,19,1,4,RO412
3,82671,VALEA VIEI,217526,18,82617,19,1,4,RO412
2,78454,ORAŞ ŢICLENI,,18,181,2,1,4,RO412
3,78463,ŢICLENI,215600,18,78454,17,1,4,RO412
2,78472,ALBENI,,18,181,3,3,4,RO412
3,78481,ALBENI,217005,18,78472,22,3,4,RO412
3,78490,BÂRZEIU DE GILORT,217006,18,78472,23,3,4,RO412
3,78506,BOLBOCEŞTI,217007,18,78472,23,3,4,RO412
3,78515,DOSENI,217008,18,78472,23,3,4,RO412
3,78524,MIROSLOVENI,217009,18,78472,23,3,4,RO412
3,78533,PRUNEŞTI,217011,18,78472,23,3,4,RO412
2,78542,ALIMPEŞTI,,18,181,3,3,4,RO412
3,78551,ALIMPEŞTI,217015,18,78542,22,3,4,RO412
3,78560,CIUPERCENII DE OLTEŢ,217016,18,78542,23,3,4,RO412
3,78579,CORŞORU,217017,18,78542,23,3,4,RO412
3,78588,NISTOREŞTI,217018,18,78542,23,3,4,RO412
3,78597,SÂRBEŞTI,217019,18,78542,23,3,4,RO412
2,78604,ANINOASA,,18,181,3,3,4,RO412
3,78613,ANINOASA,217020,18,78604,22,3,4,RO412
3,78622,BOBAIA,217021,18,78604,23,3,4,RO412
3,78631,COSTEŞTI,217022,18,78604,23,3,4,RO412
3,78640,GROŞEREA,217023,18,78604,23,3,4,RO412
3,78659,STERPOAIA,217024,18,78604,23,3,4,RO412
2,78668,ARCANI,,18,181,3,3,4,RO412
3,78677,ARCANI,217025,18,78668,22,3,4,RO412
3,78686,CÂMPOFENI,217026,18,78668,23,3,4,RO412
3,78695,SĂNĂTEŞTI,217027,18,78668,23,3,4,RO412
3,78702,STROIEŞTI,217028,18,78668,23,3,4,RO412
2,78711,BAIA DE FIER,,18,181,3,3,4,RO412
3,78720,BAIA DE FIER,217030,18,78711,22,3,4,RO412
3,78739,CERNĂDIA,217031,18,78711,23,3,4,RO412
2,78748,BĂLĂNEŞTI,,18,181,3,3,4,RO412
3,78757,VOITEŞTII DIN VALE,217035,18,78748,22,3,4,RO412
3,78766,BĂLĂNEŞTI,217036,18,78748,23,3,4,RO412
3,78775,BLIDARI,217037,18,78748,23,3,4,RO412
3,78784,CÂNEPEŞTI,217038,18,78748,23,3,4,RO412
3,78793,GLODENI,217039,18,78748,23,3,4,RO412
3,78800,OHABA,217041,18,78748,23,3,4,RO412
3,78819,VOITEŞTII DIN DEAL,217042,18,78748,23,3,4,RO412
2,77910,BĂLEŞTI,,18,181,3,3,4,RO412
3,77929,BĂLEŞTI,217045,18,77910,22,3,4,RO412
3,77938,CEAURU,217046,18,77910,23,3,4,RO412
3,77947,CORNEŞTI,217047,18,77910,23,3,4,RO412
3,77956,GĂVĂNEŞTI,217048,18,77910,23,3,4,RO412
3,77965,RASOVA,217049,18,77910,23,3,4,RO412
3,77974,STOLOJANI,217051,18,77910,23,3,4,RO412
3,77983,TĂLPĂŞEŞTI,217052,18,77910,23,3,4,RO412
3,77992,TĂMĂŞEŞTI,217053,18,77910,23,3,4,RO412
3,78007,VOINIGEŞTI,217054,18,77910,23,3,4,RO412
2,78828,BĂRBĂTEŞTI,,18,181,3,3,4,RO412
3,78837,BĂRBĂTEŞTI,217055,18,78828,22,3,4,RO412
3,78846,MUSCULEŞTI,217056,18,78828,23,3,4,RO412
3,78855,PETREŞTI,217057,18,78828,23,3,4,RO412
3,78864,SOCU,217058,18,78828,23,3,4,RO412
2,79004,BÂLTENI,,18,181,3,3,4,RO412
3,79013,BÂLTENI,217060,18,79004,22,3,4,RO412
3,79022,COCORENI,217061,18,79004,23,3,4,RO412
3,79031,MOI,217062,18,79004,23,3,4,RO412
3,79040,PEŞTEANA JIU,217063,18,79004,23,3,4,RO412
3,79068,VLĂDULENI,217064,18,79004,23,3,4,RO412
2,78873,BENGEŞTI-CIOCADIA,,18,181,3,3,4,RO412
3,78882,BENGEŞTI,217067,18,78873,22,3,4,RO412
3,78891,BĂLCEŞTI,217066,18,78873,23,3,4,RO412
3,78908,BIRCII,217065,18,78873,23,3,4,RO412
3,78917,CIOCADIA,217069,18,78873,23,3,4,RO412
2,78926,BERLEŞTI,,18,181,3,3,4,RO412
3,78935,BERLEŞTI,217070,18,78926,22,3,4,RO412
3,78944,BÂRZEIU,217071,18,78926,23,3,4,RO412
3,78953,GÂLCEŞTI,217072,18,78926,23,3,4,RO412
3,78962,LIHULEŞTI,217073,18,78926,23,3,4,RO412
3,78971,PÂRÂU VIU,217074,18,78926,23,3,4,RO412
3,78980,SCRADA,217076,18,78926,23,3,4,RO412
3,78999,SCURTU,217077,18,78926,23,3,4,RO412
2,79077,BOLBOŞI,,18,181,3,3,4,RO412
3,79086,BOLBOŞI,217080,18,79077,22,3,4,RO412
3,79095,BĂLĂCEŞTI,217081,18,79077,23,3,4,RO412
3,79102,BOLBOASA,217082,18,79077,23,3,4,RO412
3,79111,IGIROSU,217083,18,79077,23,3,4,RO412
3,79120,MICLOSU,217084,18,79077,23,3,4,RO412
3,79139,OHABA-JIU,217086,18,79077,23,3,4,RO412
3,79148,VALEA,217087,18,79077,23,3,4,RO412
2,79157,BORĂSCU,,18,181,3,3,4,RO412
3,79166,BORĂSCU,217090,18,79157,22,3,4,RO412
3,79175,BANIU,217091,18,79157,23,3,4,RO412
3,79184,CALAPĂRU,217092,18,79157,23,3,4,RO412
3,79193,GURA-MENŢI,217093,18,79157,23,3,4,RO412
3,79200,MENŢII DIN DOS,217094,18,79157,23,3,4,RO412
3,79219,MILUTA,217096,18,79157,23,3,4,RO412
3,79228,SCORUŞU,217097,18,79157,23,3,4,RO412
2,79237,BRĂNEŞTI,,18,181,3,3,4,RO412
3,79246,BRĂNEŞTI,217100,18,79237,22,3,4,RO412
3,79255,BĂDEŞTI,217101,18,79237,23,3,4,RO412
3,79264,BREBENEI,217102,18,79237,23,3,4,RO412
3,79273,CAPU DEALULUI,217103,18,79237,23,3,4,RO412
3,79282,GILORTU,217104,18,79237,23,3,4,RO412
3,79291,PÂRÂU,217106,18,79237,23,3,4,RO412
2,79362,BUMBEŞTI-PIŢIC,,18,181,3,3,4,RO412
3,79371,BUMBEŞTI-PIŢIC,217110,18,79362,22,3,4,RO412
3,79380,CÂRLIGEI,217111,18,79362,23,3,4,RO412
3,79399,POIENARI,217112,18,79362,23,3,4,RO412
2,79406,BUSTUCHIN,,18,181,3,3,4,RO412
3,79415,BUSTUCHIN,217115,18,79406,22,3,4,RO412
3,79424,CIONŢI,217116,18,79406,23,3,4,RO412
3,79433,MOTORGI,217117,18,79406,23,3,4,RO412
3,79442,NĂMETE,217118,18,79406,23,3,4,RO412
3,79460,POIANA-SECIURI,217119,18,79406,23,3,4,RO412
3,79451,POIENIŢA,217121,18,79406,23,3,4,RO412
3,79479,POJARU,217122,18,79406,23,3,4,RO412
3,79488,VALEA POJARULUI,217123,18,79406,23,3,4,RO412
2,79497,CĂPRENI,,18,181,3,3,4,RO412
3,79503,CĂPRENI,217125,18,79497,22,3,4,RO412
3,79512,ALUNIŞ,217126,18,79497,23,3,4,RO412
3,79521,BRĂTEŞTI,217127,18,79497,23,3,4,RO412
3,79530,BULBUCENI,217128,18,79497,23,3,4,RO412
3,79549,CETATEA,217129,18,79497,23,3,4,RO412
3,79558,CORNETU,217131,18,79497,23,3,4,RO412
3,79567,DEALU SPIREI,217132,18,79497,23,3,4,RO412
3,79576,SATU NOU,217133,18,79497,23,3,4,RO412
2,79585,CĂTUNELE,,18,181,3,3,4,RO412
3,79594,CĂTUNELE,217135,18,79585,22,3,4,RO412
3,79601,DEALU VIILOR,217136,18,79585,23,3,4,RO412
3,79610,LUPOAIA,217137,18,79585,23,3,4,RO412
3,79629,STEIC,217138,18,79585,23,3,4,RO412
3,79638,VALEA MÂNĂSTIRII,217139,18,79585,23,3,4,RO412
3,79647,VALEA PERILOR,217141,18,79585,23,3,4,RO412
2,79736,CÂLNIC,,18,181,3,3,4,RO412
3,79745,CÂLNIC,217145,18,79736,22,3,4,RO412
3,79754,CÂLNICU DE SUS,217146,18,79736,23,3,4,RO412
3,79763,DIDILEŞTI,217147,18,79736,23,3,4,RO412
3,79772,GĂLEŞOAIA,217148,18,79736,23,3,4,RO412
3,79781,HODOREASCA,217149,18,79736,23,3,4,RO412
3,79790,PIEPTANI,217151,18,79736,23,3,4,RO412
3,79807,PINOASA,217152,18,79736,23,3,4,RO412
3,79816,STEJEREI,217153,18,79736,23,3,4,RO412
3,79825,VÂLCEAUA,217154,18,79736,23,3,4,RO412
2,79656,CIUPERCENI,,18,181,3,3,4,RO412
3,79665,CIUPERCENI,217155,18,79656,22,3,4,RO412
3,79674,BOBOIEŞTI,217156,18,79656,23,3,4,RO412
3,79683,PEŞTEANA-VULCAN,217157,18,79656,23,3,4,RO412
3,79692,PRIPORU,217158,18,79656,23,3,4,RO412
3,79709,STRÂMBA VULCAN,217159,18,79656,23,3,4,RO412
3,79718,VÂRTOPU,217161,18,79656,23,3,4,RO412
3,79727,ZORZILA,217162,18,79656,23,3,4,RO412
2,79834,CRASNA,,18,181,3,3,4,RO412
3,79843,CRASNA,217165,18,79834,22,3,4,RO412
3,79852,ANINIŞU DIN DEAL,217166,18,79834,23,3,4,RO412
3,79861,ANINIŞU DIN VALE,217167,18,79834,23,3,4,RO412
3,79870,BUZEŞTI,217168,18,79834,23,3,4,RO412
3,79889,CĂRPINIŞ,217169,18,79834,23,3,4,RO412
3,79898,CRASNA DIN DEAL,217171,18,79834,23,3,4,RO412
3,79905,DRĂGOIEŞTI,217172,18,79834,23,3,4,RO412
3,79914,DUMBRĂVENI,217173,18,79834,23,3,4,RO412
3,79923,RADOŞI,217174,18,79834,23,3,4,RO412
2,79932,CRUŞEŢ,,18,181,3,3,4,RO412
3,79941,CRUŞEŢ,217175,18,79932,22,3,4,RO412
3,79950,BOJINU,217176,18,79932,23,3,4,RO412
3,79969,MARINEŞTI,217177,18,79932,23,3,4,RO412
3,79978,MĂIAG,217178,18,79932,23,3,4,RO412
3,79987,MIEREA,217179,18,79932,23,3,4,RO412
3,79996,MIERICEAUA,217181,18,79932,23,3,4,RO412
3,80007,SLĂMNEŞTI,217182,18,79932,23,3,4,RO412
3,80016,SLĂVUŢA,217183,18,79932,23,3,4,RO412
3,80025,URDA DE JOS,217184,18,79932,23,3,4,RO412
3,80034,VĂLUŢA,217186,18,79932,23,3,4,RO412
2,80043,DĂNCIULEŞTI,,18,181,3,3,4,RO412
3,80052,DĂNCIULEŞTI,217190,18,80043,22,3,4,RO412
3,80061,BIBULEŞTI,217191,18,80043,23,3,4,RO412
3,80070,HĂLĂNGEŞTI,217192,18,80043,23,3,4,RO412
3,80089,OBÂRŞIA,217193,18,80043,23,3,4,RO412
3,80098,PETRĂCHEI,217194,18,80043,23,3,4,RO412
3,80105,RĂDINEŞTI,217196,18,80043,23,3,4,RO412
3,80114,ZĂICOIU,217197,18,80043,23,3,4,RO412
2,80123,DĂNEŞTI,,18,181,3,3,4,RO412
3,80132,DĂNEŞTI,217200,18,80123,22,3,4,RO412
3,80141,BARZA,217201,18,80123,23,3,4,RO412
3,80150,BOTOROGI,217202,18,80123,23,3,4,RO412
3,80169,BRĂTUIA,217203,18,80123,23,3,4,RO412
3,80178,BUCUREASA,217204,18,80123,23,3,4,RO412
3,80187,MERFULEŞTI,217206,18,80123,23,3,4,RO412
3,80196,ŞASA,217207,18,80123,23,3,4,RO412
3,80203,TROCANI,217208,18,80123,23,3,4,RO412
3,80212,ŢÂRCULEŞTI,217209,18,80123,23,3,4,RO412
3,80221,UNGURENI,217211,18,80123,23,3,4,RO412
3,80230,VĂCAREA,217212,18,80123,23,3,4,RO412
2,80249,DRĂGOTEŞTI,,18,181,3,3,4,RO412
3,80258,DRĂGOTEŞTI,217220,18,80249,22,3,4,RO412
3,80267,COROBĂI,217221,18,80249,23,3,4,RO412
3,80276,TRESTIOARA,217222,18,80249,23,3,4,RO412
2,78016,DRĂGUŢEŞTI,,18,181,3,3,4,RO412
3,78025,DRĂGUŢEŞTI,217225,18,78016,22,3,4,RO412
3,78034,CÂRBEŞTI,217226,18,78016,23,3,4,RO412
3,78043,DÂMBOVA,217227,18,78016,23,3,4,RO412
3,78052,IAŞI-GORJ,217228,18,78016,23,3,4,RO412
3,78061,TÂLVEŞTI,217229,18,78016,23,3,4,RO412
3,78070,URECHEŞTI,217231,18,78016,23,3,4,RO412
2,80285,FĂRCĂŞEŞTI,,18,181,3,3,4,RO412
3,80294,FĂRCĂŞEŞTI,217235,18,80285,22,3,4,RO412
3,80301,FĂRCĂŞEŞTI-MOŞNENI,217236,18,80285,23,3,4,RO412
3,80310,PEŞTEANA DE JOS,217237,18,80285,23,3,4,RO412
3,80329,ROGOJEL,217238,18,80285,23,3,4,RO412
3,80338,ROŞIA-JIU,217239,18,80285,23,3,4,RO412
3,80347,TIMIŞENI,217241,18,80285,23,3,4,RO412
3,80356,VALEA CU APĂ,217242,18,80285,23,3,4,RO412
2,80365,GLOGOVA,,18,181,3,3,4,RO412
3,80374,IORMĂNEŞTI,217248,18,80365,22,3,4,RO412
3,80383,CĂMUIEŞTI,217246,18,80365,23,3,4,RO412
3,80392,CLEŞNEŞTI,217247,18,80365,23,3,4,RO412
3,80409,GLOGOVA,217245,18,80365,23,3,4,RO412
3,80418,OLTEANU,217249,18,80365,23,3,4,RO412
2,80427,GODINEŞTI,,18,181,3,3,4,RO412
3,80436,GODINEŞTI,217250,18,80427,22,3,4,RO412
3,80445,ARJOCI,217251,18,80427,23,3,4,RO412
3,80463,CÂLCEŞTI,217252,18,80427,23,3,4,RO412
3,80454,CHILIU,217253,18,80427,23,3,4,RO412
3,80472,PÂRÂU DE PRIPOR,217254,18,80427,23,3,4,RO412
3,80481,PÂRÂU DE VALE,217256,18,80427,23,3,4,RO412
3,80490,RĂTEZ,217257,18,80427,23,3,4,RO412
2,80506,HUREZANI,,18,181,3,3,4,RO412
3,80515,HUREZANI,217260,18,80506,22,3,4,RO412
3,80524,BUSUIOCI,217261,18,80506,23,3,4,RO412
3,80533,PEGENI,217262,18,80506,23,3,4,RO412
3,80542,PLOPU,217263,18,80506,23,3,4,RO412
3,80551,TOTEA DE HUREZANI,217264,18,80506,23,3,4,RO412
2,80560,IONEŞTI,,18,181,3,3,4,RO412
3,80579,IONEŞTI,217265,18,80560,22,3,4,RO412
3,80588,GURA ŞUŞIŢEI,217266,18,80560,23,3,4,RO412
3,80597,ILIEŞTI,217267,18,80560,23,3,4,RO412
3,80604,PICU,217268,18,80560,23,3,4,RO412
2,80613,JUPÂNEŞTI,,18,181,3,3,4,RO412
3,80622,JUPÂNEŞTI,217270,18,80613,22,3,4,RO412
3,80631,BOIA,217271,18,80613,23,3,4,RO412
3,80640,PÂRÂU BOIA,217272,18,80613,23,3,4,RO412
3,80659,VIDIN,217273,18,80613,23,3,4,RO412
3,80668,VIERŞANI,217274,18,80613,23,3,4,RO412
2,80677,LELEŞTI,,18,181,3,3,4,RO412
3,80686,LELEŞTI,217275,18,80677,22,3,4,RO412
3,80695,FRĂTEŞTI,217276,18,80677,23,3,4,RO412
3,80702,RASOVIŢA,217277,18,80677,23,3,4,RO412
2,80711,LICURICI,,18,181,3,3,4,RO412
3,80720,LICURICI,217280,18,80711,22,3,4,RO412
3,80739,FRUMUŞEI,217281,18,80711,23,3,4,RO412
3,80748,NEGRENI,217282,18,80711,23,3,4,RO412
3,80757,TOTEA,217283,18,80711,23,3,4,RO412
2,80766,LOGREŞTI,,18,181,3,3,4,RO412
3,80775,TÂRGU LOGREŞTI,217293,18,80766,22,3,4,RO412
3,80784,COLŢEŞTI,217286,18,80766,23,3,4,RO412
3,80793,FRUNZA,217287,18,80766,23,3,4,RO412
3,80800,LOGREŞTI-MOŞTENI,217288,18,80766,23,3,4,RO412
3,80819,MĂRU,217289,18,80766,23,3,4,RO412
3,80828,POPEŞTI,217291,18,80766,23,3,4,RO412
3,80837,SEACA,217292,18,80766,23,3,4,RO412
2,80846,MĂTĂSARI,,18,181,3,3,4,RO412
3,80855,MĂTĂSARI,217295,18,80846,22,3,4,RO412
3,80864,BRĂDET,217296,18,80846,23,3,4,RO412
3,80873,BRĂDEŢEL,217297,18,80846,23,3,4,RO412
3,80882,CROICI,217298,18,80846,23,3,4,RO412
3,80891,RUNCUREL,217299,18,80846,23,3,4,RO412
2,80908,MUŞETEŞTI,,18,181,3,3,4,RO412
3,80917,MUŞETEŞTI,217300,18,80908,22,3,4,RO412
3,80926,ARŞENI,217301,18,80908,23,3,4,RO412
3,80935,BÂRCACIU,217302,18,80908,23,3,4,RO412
3,80944,GĂMANI,217303,18,80908,23,3,4,RO412
3,80953,GRUI,217304,18,80908,23,3,4,RO412
3,80962,STĂNCEŞTI,217306,18,80908,23,3,4,RO412
3,80971,STĂNCEŞTI-LARGA,217307,18,80908,23,3,4,RO412
2,80980,NEGOMIR,,18,181,3,3,4,RO412
3,80999,NEGOMIR,217310,18,80980,22,3,4,RO412
3,81004,ARTANU,217311,18,80980,23,3,4,RO412
3,81013,BOHOREL,217312,18,80980,23,3,4,RO412
3,81022,CONDEIEŞTI,217313,18,80980,23,3,4,RO412
3,81031,NUCETU,217314,18,80980,23,3,4,RO412
3,81040,ORZU,217316,18,80980,23,3,4,RO412
3,81059,PALTINU,217317,18,80980,23,3,4,RO412
3,81068,RACI,217318,18,80980,23,3,4,RO412
3,81077,URSOAIA,217319,18,80980,23,3,4,RO412
3,81086,VALEA RACILOR,217321,18,80980,23,3,4,RO412
2,81095,PADEŞ,,18,181,3,3,4,RO412
3,81102,CĂLUGĂRENI,217327,18,81095,22,3,4,RO412
3,81111,APA NEAGRĂ,217326,18,81095,23,3,4,RO412
3,81120,CERNA-SAT,217328,18,81095,23,3,4,RO412
3,81139,CLOŞANI,217329,18,81095,23,3,4,RO412
3,81148,MOTRU SEC,217331,18,81095,23,3,4,RO412
3,81157,ORZEŞTI,217332,18,81095,23,3,4,RO412
3,81166,PADEŞ,217325,18,81095,23,3,4,RO412
3,81175,VĂIENI,217333,18,81095,23,3,4,RO412
2,81184,PEŞTIŞANI,,18,181,3,3,4,RO412
3,81193,PEŞTIŞANI,217335,18,81184,22,3,4,RO412
3,81200,BOROŞTENI,217336,18,81184,23,3,4,RO412
3,81219,BRĂDICENI,217337,18,81184,23,3,4,RO412
3,81228,FRÂNCEŞTI,217338,18,81184,23,3,4,RO412
3,81237,GURENI,217339,18,81184,23,3,4,RO412
3,81246,HOBIŢA,217341,18,81184,23,3,4,RO412
3,81255,SEUCA,217342,18,81184,23,3,4,RO412
2,81264,PLOPŞORU,,18,181,3,3,4,RO412
3,81273,PLOPŞORU,217345,18,81264,22,3,4,RO412
3,81282,BROŞTENI,217346,18,81264,23,3,4,RO412
3,81291,BROŞTENII DE SUS,217347,18,81264,23,3,4,RO412
3,81308,CEPLEA,217348,18,81264,23,3,4,RO412
3,81317,CURSARU,217349,18,81264,23,3,4,RO412
3,81326,DELENI,217351,18,81264,23,3,4,RO412
3,81335,IZVOARELE,217352,18,81264,23,3,4,RO412
3,81344,OLARI,217353,18,81264,23,3,4,RO412
3,81353,PISCURI,217354,18,81264,23,3,4,RO412
3,81362,SĂRDĂNEŞTI,217356,18,81264,23,3,4,RO412
3,81371,VĂLENI,217357,18,81264,23,3,4,RO412
2,81380,POLOVRAGI,,18,181,3,3,4,RO412
3,81399,POLOVRAGI,217365,18,81380,22,3,4,RO412
3,81406,RACOVIŢA,217366,18,81380,23,3,4,RO412
2,81415,PRIGORIA,,18,181,3,3,4,RO412
3,81424,PRIGORIA,217370,18,81415,22,3,4,RO412
3,81433,BUCŞANA,217371,18,81415,23,3,4,RO412
3,81442,BURLANI,217372,18,81415,23,3,4,RO412
3,81451,CĂLUGĂREASA,217373,18,81415,23,3,4,RO412
3,81460,DOBRANA,217374,18,81415,23,3,4,RO412
3,81479,NEGOIEŞTI,217376,18,81415,23,3,4,RO412
3,81488,ZORLEŞTI,217377,18,81415,23,3,4,RO412
2,81497,ROŞIA DE AMARADIA,,18,181,3,3,4,RO412
3,81503,ROŞIA DE AMARADIA,217380,18,81497,22,3,4,RO412
3,81512,BECHENI,217381,18,81497,23,3,4,RO412
3,81521,DEALU VIEI,217382,18,81497,23,3,4,RO412
3,81530,RUGET,217383,18,81497,23,3,4,RO412
3,81549,SECIURILE,217384,18,81497,23,3,4,RO412
3,81558,STEJARU,217386,18,81497,23,3,4,RO412
3,81567,ŞITOAIA,217387,18,81497,23,3,4,RO412
2,81576,RUNCU,,18,181,3,3,4,RO412
3,81585,RUNCU,217390,18,81576,22,3,4,RO412
3,81594,BÂLTA,217391,18,81576,23,3,4,RO412
3,81601,BÂLTIŞOARA,217392,18,81576,23,3,4,RO412
3,81610,DOBRIŢA,217393,18,81576,23,3,4,RO412
3,81629,RĂCHIŢI,217394,18,81576,23,3,4,RO412
3,81638,SUSENI,217396,18,81576,23,3,4,RO412
3,81647,VALEA MARE,217397,18,81576,23,3,4,RO412
2,81656,SAMARINEŞTI,,18,181,3,3,4,RO412
3,81665,SAMARINEŞTI,217400,18,81656,22,3,4,RO412
3,81674,BĂZĂVANI,217401,18,81656,23,3,4,RO412
3,81683,BOCA,217402,18,81656,23,3,4,RO412
3,81692,DUCULEŞTI,217403,18,81656,23,3,4,RO412
3,81709,LARGA,217404,18,81656,23,3,4,RO412
3,81718,ŢIRIOI,217406,18,81656,23,3,4,RO412
3,81727,VALEA BISERICII,217407,18,81656,23,3,4,RO412
3,81736,VALEA MICĂ,217408,18,81656,23,3,4,RO412
3,81745,VALEA POIENII,217409,18,81656,23,3,4,RO412
2,81754,SĂCELU,,18,181,3,3,4,RO412
3,81763,SĂCELU,217410,18,81754,22,3,4,RO412
3,81772,BLAHNIŢA DE SUS,217411,18,81754,23,3,4,RO412
3,81781,HĂIEŞTI,217412,18,81754,23,3,4,RO412
3,81790,JERIŞTEA,217413,18,81754,23,3,4,RO412
3,81807,MAGHEREŞTI,217414,18,81754,23,3,4,RO412
2,81816,SĂULEŞTI,,18,181,3,3,4,RO412
3,81825,SĂULEŞTI,217415,18,81816,22,3,4,RO412
3,81834,BIBEŞTI,217416,18,81816,23,3,4,RO412
3,81843,DOLCEŞTI,217417,18,81816,23,3,4,RO412
3,81852,PURCARU,217418,18,81816,23,3,4,RO412
2,81987,SCHELA,,18,181,3,3,4,RO412
3,81996,SÂMBOTIN,217424,18,81987,22,3,4,RO412
3,82001,ARSURI,217421,18,81987,23,3,4,RO412
3,82010,GORNĂCEL,217422,18,81987,23,3,4,RO412
3,82029,PĂJIŞTELE,217423,18,81987,23,3,4,RO412
3,82038,SCHELA,217420,18,81987,23,3,4,RO412
2,81861,SCOARŢA,,18,181,3,3,4,RO412
3,81870,SCOARŢA,217425,18,81861,22,3,4,RO412
3,81889,BOBU,217426,18,81861,23,3,4,RO412
3,81898,BUDIENI,217427,18,81861,23,3,4,RO412
3,81914,CÂMPU MARE,217428,18,81861,23,3,4,RO412
3,81905,CERĂTU DE COPĂCIOASA,217429,18,81861,23,3,4,RO412
3,81923,COLIBAŞI,217431,18,81861,23,3,4,RO412
3,81932,COPĂCIOASA,217432,18,81861,23,3,4,RO412
3,81941,LAZURI,217433,18,81861,23,3,4,RO412
3,81950,LINTEA,217434,18,81861,23,3,4,RO412
3,81969,MOGOŞANI,217436,18,81861,23,3,4,RO412
3,81978,PIŞTEŞTII DIN DEAL,217437,18,81861,23,3,4,RO412
2,82047,SLIVILEŞTI,,18,181,3,3,4,RO412
3,82056,SLIVILEŞTI,217445,18,82047,22,3,4,RO412
3,82065,COJMĂNEŞTI,217446,18,82047,23,3,4,RO412
3,82074,MICULEŞTI,217447,18,82047,23,3,4,RO412
3,82092,STRÂMTU,217448,18,82047,23,3,4,RO412
3,82109,SURA,217449,18,82047,23,3,4,RO412
3,82118,ŞIACU,217451,18,82047,23,3,4,RO412
3,82083,ŞTIUCANI,217452,18,82047,23,3,4,RO412
3,82127,TEHOMIR,217453,18,82047,23,3,4,RO412
2,82136,STĂNEŞTI,,18,181,3,3,4,RO412
3,82145,STĂNEŞTI,217455,18,82136,22,3,4,RO412
3,82154,ALEXENI,217456,18,82136,23,3,4,RO412
3,82163,BĂLANI,217457,18,82136,23,3,4,RO412
3,82172,CĂLEŞTI,217458,18,82136,23,3,4,RO412
3,82181,CURPEN,217459,18,82136,23,3,4,RO412
3,82190,MĂZĂROI,217461,18,82136,23,3,4,RO412
3,82207,OBREJA,217462,18,82136,23,3,4,RO412
3,82216,PÂRVULEŞTI,217463,18,82136,23,3,4,RO412
3,82225,VAIDEI,217464,18,82136,23,3,4,RO412
3,82234,VĂLARI,217466,18,82136,23,3,4,RO412
2,82243,STEJARI,,18,181,3,3,4,RO412
3,82252,STEJARI,217470,18,82243,22,3,4,RO412
3,82261,BALOŞANI,217471,18,82243,23,3,4,RO412
3,82270,BĂCEŞTI,217472,18,82243,23,3,4,RO412
3,82289,DEALU LEULUI,217473,18,82243,23,3,4,RO412
3,82298,PISCOIU,217474,18,82243,23,3,4,RO412
3,82305,POPEŞTI-STEJARI,217476,18,82243,23,3,4,RO412
2,82314,STOINA,,18,181,3,3,4,RO412
3,82323,STOINA,217480,18,82314,22,3,4,RO412
3,82332,CIORARI,217481,18,82314,23,3,4,RO412
3,82341,MIELUŞEI,217482,18,82314,23,3,4,RO412
3,82350,PĂIŞANI,217483,18,82314,23,3,4,RO412
3,82369,TOIAGA,217484,18,82314,23,3,4,RO412
3,82378,ULMET,217486,18,82314,23,3,4,RO412
3,82387,URDA DE SUS,217487,18,82314,23,3,4,RO412
2,82396,TELEŞTI,,18,181,3,3,4,RO412
3,82403,TELEŞTI,217490,18,82396,22,3,4,RO412
3,82412,BUDUHALA,217491,18,82396,23,3,4,RO412
3,82421,ŞOMĂNEŞTI,217492,18,82396,23,3,4,RO412
2,82555,TURBUREA,,18,181,3,3,4,RO412
3,82564,TURBUREA,217515,18,82555,22,3,4,RO412
3,82573,COCOROVA,217516,18,82555,23,3,4,RO412
3,82582,POIANA,217517,18,82555,23,3,4,RO412
3,82591,SPAHII,217518,18,82555,23,3,4,RO412
3,82608,ŞIPOTU,217519,18,82555,23,3,4,RO412
2,78089,TURCINEŞTI,,18,181,3,3,4,RO412
3,78098,TURCINEŞTI,217530,18,78089,22,3,4,RO412
3,78105,CARTIU,217531,18,78089,23,3,4,RO412
3,78114,HOREZU,217532,18,78089,23,3,4,RO412
3,78123,RUGI,217533,18,78089,23,3,4,RO412
2,82680,ŢÂNŢĂRENI,,18,181,3,3,4,RO412
3,82699,ŢÂNŢĂRENI,217535,18,82680,22,3,4,RO412
3,82706,ARPADIA,217536,18,82680,23,3,4,RO412
3,82715,CHICIORA,217537,18,82680,23,3,4,RO412
3,82724,FLOREŞTI,217538,18,82680,23,3,4,RO412
2,82733,URDARI,,18,181,3,3,4,RO412
3,82742,URDARI,217540,18,82733,22,3,4,RO412
3,82751,FÂNTÂNELE,217541,18,82733,23,3,4,RO412
3,82760,HOTĂROASA,217542,18,82733,23,3,4,RO412
2,82779,VĂGIULEŞTI,,18,181,3,3,4,RO412
3,82788,VĂGIULEŞTI,217545,18,82779,22,3,4,RO412
3,82797,CÂRCIU,217546,18,82779,23,3,4,RO412
3,82804,COVRIGI,217547,18,82779,23,3,4,RO412
3,82813,MURGILEŞTI,217548,18,82779,23,3,4,RO412
3,82822,VALEA MOTRULUI,217549,18,82779,23,3,4,RO412
2,82831,VLADIMIR,,18,181,3,3,4,RO412
3,82840,ANDREEŞTI,217551,18,82831,22,3,4,RO412
3,82859,FRASIN,217552,18,82831,23,3,4,RO412
3,82868,VALEA DEŞULUI,217553,18,82831,23,3,4,RO412
3,82877,VLADIMIR,217550,18,82831,23,3,4,RO412
1,190,JUDEŢUL HARGHITA,,19,1,40,0,7,RO124
2,83320,MUNICIPIUL MIERCUREA CIUC,,19,190,1,1,7,RO124
3,83339,MIERCUREA CIUC,530100,19,83320,9,1,7,RO124
3,83348,CIBA,530001,19,83320,10,1,7,RO124
3,83357,HARGHITA-BĂI,530002,19,83320,10,1,7,RO124
3,83366,JIGODIN-BĂI,530003,19,83320,10,1,7,RO124
2,83561,MUNICIPIUL  GHEORGHENI,,19,190,4,1,7,RO124
3,83570,GHEORGHENI,535500,19,83561,9,1,7,RO124
3,83589,COVACIPETER,535501,19,83561,10,1,7,RO124
3,83598,LACU ROŞU,535502,19,83561,10,1,7,RO124
3,83605,VARGATAC,535503,19,83561,10,1,7,RO124
3,83614,VISAFOLIO,535504,19,83561,10,1,7,RO124
2,83632,MUNICIPIUL  TOPLIŢA,,19,190,4,1,7,RO124
3,83641,TOPLIŢA,535700,19,83632,9,1,7,RO124
3,83650,CĂLIMĂNEL,535701,19,83632,10,1,7,RO124
3,83669,LUNCANI,535702,19,83632,10,1,7,RO124
3,83678,MĂGHERUŞ,535703,19,83632,10,1,7,RO124
3,83687,MOGLĂNEŞTI,535704,19,83632,10,1,7,RO124
3,83696,SECU,535705,19,83632,10,1,7,RO124
3,83703,VALE,535706,19,83632,10,1,7,RO124
3,83712,VÂGANI,535707,19,83632,10,1,7,RO124
3,83721,ZENCANI,535708,19,83632,10,1,7,RO124
2,83133,MUNICIPIUL ODORHEIU SECUIESC,,19,190,4,1,7,RO124
3,83142,ODORHEIU SECUIESC,535600,19,83133,9,1,7,RO124
2,83428,ORAŞ BĂILE TUŞNAD,,19,190,2,1,7,RO124
3,83437,BĂILE TUŞNAD,535100,19,83428,17,1,7,RO124
3,83446,CARPITUS,535101,19,83428,18,1,7,RO124
2,83464,ORAŞ BĂLAN,,19,190,2,1,7,RO124
3,83473,BĂLAN,535200,19,83464,17,1,7,RO124
2,83491,ORAŞ BORSEC,,19,190,2,1,7,RO124
3,83507,BORSEC,535300,19,83491,17,1,7,RO124
2,83525,ORAŞ CRISTURU SECUIESC,,19,190,2,1,7,RO124
3,83534,CRISTURU SECUIESC,535400,19,83525,17,1,7,RO124
3,85163,BETEŞTI,537208,19,83525,18,1,7,RO124
3,83543,FILIAŞ,535401,19,83525,18,1,7,RO124
2,83749,ORAŞ VLĂHIŢA,,19,190,2,1,7,RO124
3,83758,VLĂHIŢA,535800,19,83749,17,1,7,RO124
3,83767,BĂILE HOMOROD,535801,19,83749,18,1,7,RO124
3,83776,MINELE LUETA,535802,19,83749,18,1,7,RO124
2,83785,ATID,,19,190,3,3,7,RO124
3,83794,ATID,537005,19,83785,22,3,7,RO124
3,83801,CRIŞENI,537006,19,83785,23,3,7,RO124
3,83810,CUŞMED,537007,19,83785,23,3,7,RO124
3,83829,INLĂCENI,537008,19,83785,23,3,7,RO124
3,83838,ŞICLOD,537009,19,83785,23,3,7,RO124
2,83847,AVRĂMEŞTI,,19,190,3,3,7,RO124
3,83856,AVRĂMEŞTI,537010,19,83847,22,3,7,RO124
3,83865,ANDREENI,537011,19,83847,23,3,7,RO124
3,83874,CECHEŞTI,537012,19,83847,23,3,7,RO124
3,83892,FIRTĂNUŞ,537013,19,83847,23,3,7,RO124
3,83883,GOAGIU,537014,19,83847,23,3,7,RO124
3,83909,LAZ-FIRTĂNUŞ,537016,19,83847,23,3,7,RO124
3,83918,LAZ-ŞOIMUŞ,537017,19,83847,23,3,7,RO124
3,83927,MEDIŞORU MIC,537018,19,83847,23,3,7,RO124
2,83936,BILBOR,,19,190,3,3,7,RO124
3,83945,BILBOR,537020,19,83936,22,3,7,RO124
3,83954,RĂCHITIŞ,537021,19,83936,23,3,7,RO124
2,83151,BRĂDEŞTI,,19,190,3,3,7,RO124
3,83160,BRĂDEŞTI,537025,19,83151,22,3,7,RO124
3,83179,TÂRNOVIŢA,537027,19,83151,23,3,7,RO124
2,83963,CĂPÂLNIŢA,,19,190,3,3,7,RO124
3,83972,CĂPÂLNIŢA,537030,19,83963,22,3,7,RO124
2,84102,CÂRŢA,,19,190,3,3,7,RO124
3,84111,CÂRŢA,537035,19,84102,22,3,7,RO124
3,84120,INEU,537036,19,84102,23,3,7,RO124
2,86461,CICEU,,19,190,3,3,7,RO124
3,85653,CICEU,537297,19,86461,22,3,7,RO124
3,85644,CIARACIO,537296,19,86461,23,3,7,RO124
2,83981,CIUCSÂNGEORGIU,,19,190,3,3,7,RO124
3,83990,CIUCSÂNGEORGIU,537040,19,83981,22,3,7,RO124
3,84004,ARMĂŞENI,537041,19,83981,23,3,7,RO124
3,84013,ARMĂŞENII NOI,537042,19,83981,23,3,7,RO124
3,84022,BANCU,537043,19,83981,23,3,7,RO124
3,84031,CIOBĂNIŞ,537044,19,83981,23,3,7,RO124
3,84040,COTORMANI,537046,19,83981,23,3,7,RO124
3,84059,EGHERSEC,537047,19,83981,23,3,7,RO124
3,84068,GHIURCHE,537048,19,83981,23,3,7,RO124
3,84077,POTIOND,537049,19,83981,23,3,7,RO124
2,84086,CIUMANI,,19,190,3,3,7,RO124
3,84095,CIUMANI,537050,19,84086,22,3,7,RO124
2,84148,CORBU,,19,190,3,3,7,RO124
3,84157,CORBU,537055,19,84148,22,3,7,RO124
3,84166,CAPU CORBULUI,537056,19,84148,23,3,7,RO124
2,84175,CORUND,,19,190,3,3,7,RO124
3,84184,CORUND,537060,19,84175,22,3,7,RO124
3,84193,ATIA,537061,19,84175,23,3,7,RO124
3,84200,CALONDA,537062,19,84175,23,3,7,RO124
3,84219,FÂNTÂNA BRAZILOR,537063,19,84175,23,3,7,RO124
3,84228,VALEA LUI PAVEL,537064,19,84175,23,3,7,RO124
2,86446,COZMENI,,19,190,3,3,7,RO124
3,85813,COZMENI,537065,19,86446,22,3,7,RO124
3,85822,LĂZĂREŞTI,537066,19,86446,23,3,7,RO124
2,84237,DĂNEŞTI,,19,190,3,3,7,RO124
3,84246,DĂNEŞTI,537070,19,84237,22,3,7,RO124
2,84380,DÂRJIU,,19,190,3,3,7,RO124
3,84399,DÂRJIU,537075,19,84380,22,3,7,RO124
3,84406,MUJNA,537076,19,84380,23,3,7,RO124
2,84264,DEALU,,19,190,3,3,7,RO124
3,84273,DEALU,537080,19,84264,22,3,7,RO124
3,84282,FÂNCEL,537081,19,84264,23,3,7,RO124
3,84291,SÂNCRAI,537082,19,84264,23,3,7,RO124
3,84308,TĂMAŞU,537083,19,84264,23,3,7,RO124
3,84317,TIBOD,537084,19,84264,23,3,7,RO124
3,84326,ULCANI,537086,19,84264,23,3,7,RO124
3,84335,VALEA ROTUNDĂ,537087,19,84264,23,3,7,RO124
2,84344,DITRĂU,,19,190,3,3,7,RO124
3,84353,DITRĂU,537090,19,84344,22,3,7,RO124
3,84362,JOLOTCA,537091,19,84344,23,3,7,RO124
3,84371,ŢENGHELER,537092,19,84344,23,3,7,RO124
2,83197,FELICENI,,19,190,3,3,7,RO124
3,83204,FELICENI,537095,19,83197,22,3,7,RO124
3,83213,ALEXANDRIŢA,537096,19,83197,23,3,7,RO124
3,83222,ARVĂŢENI,537097,19,83197,23,3,7,RO124
3,83231,CIREŞENI,537098,19,83197,23,3,7,RO124
3,83240,FORŢENI,537099,19,83197,23,3,7,RO124
3,83259,HOGHIA,537101,19,83197,23,3,7,RO124
3,83268,OŢENI,537102,19,83197,23,3,7,RO124
3,83277,POLONIŢA,537103,19,83197,23,3,7,RO124
3,83286,TĂURENI,537104,19,83197,23,3,7,RO124
3,83295,TELEAC,537106,19,83197,23,3,7,RO124
3,83302,VĂLENI,537107,19,83197,23,3,7,RO124
2,84415,FRUMOASA,,19,190,3,3,7,RO124
3,84424,FRUMOASA,537115,19,84415,22,3,7,RO124
3,84433,BÂRZAVA,537116,19,84415,23,3,7,RO124
3,84442,FĂGEŢEL,537117,19,84415,23,3,7,RO124
3,84451,NICOLEŞTI,537118,19,84415,23,3,7,RO124
2,84460,GĂLĂUŢAŞ,,19,190,3,3,7,RO124
3,84479,GĂLĂUŢAŞ,537120,19,84460,22,3,7,RO124
3,84488,DEALU ARMANULUI,537121,19,84460,23,3,7,RO124
3,84497,GĂLĂUŢAŞ-PÂRÂU,537122,19,84460,23,3,7,RO124
3,84503,NUŢENI,537123,19,84460,23,3,7,RO124
3,84512,PLOPIŞ,537124,19,84460,23,3,7,RO124
3,84521,PRELUCA,537126,19,84460,23,3,7,RO124
3,84530,TOLEŞENI,537127,19,84460,23,3,7,RO124
3,84549,ZĂPODEA,537128,19,84460,23,3,7,RO124
2,84558,JOSENI,,19,190,3,3,7,RO124
3,84567,JOSENI,537130,19,84558,22,3,7,RO124
3,84576,BORZONT,537131,19,84558,23,3,7,RO124
3,84585,BUCIN,537132,19,84558,23,3,7,RO124
2,84594,LĂZAREA,,19,190,3,3,7,RO124
3,84601,LĂZAREA,537135,19,84594,22,3,7,RO124
3,84610,GHIDUŢ,537136,19,84594,23,3,7,RO124
2,86479,LELICENI,,19,190,3,3,7,RO124
3,85724,LELICENI,537268,19,86479,22,3,7,RO124
3,85706,FITOD,537266,19,86479,23,3,7,RO124
3,85715,HOSASĂU,537267,19,86479,23,3,7,RO124
3,85733,MISENTEA,537269,19,86479,23,3,7,RO124
2,84629,LUETA,,19,190,3,3,7,RO124
3,84638,LUETA,537140,19,84629,22,3,7,RO124
3,84647,BĂILE CHIRUI,537141,19,84629,23,3,7,RO124
2,84656,LUNCA DE JOS,,19,190,3,3,7,RO124
3,84665,LUNCA DE JOS,537145,19,84656,22,3,7,RO124
3,84674,BARAŢCOŞ,537146,19,84656,23,3,7,RO124
3,84683,POIANA FAGULUI,537147,19,84656,23,3,7,RO124
3,84692,PUNTEA LUPULUI,537148,19,84656,23,3,7,RO124
3,84736,VALEA ÎNTUNECOASĂ,537152,19,84656,23,3,7,RO124
3,84718,VALEA BOROŞ,537149,19,84656,23,3,7,RO124
3,84727,VALEA CAPELEI,537151,19,84656,23,3,7,RO124
3,84709,VALEA LUI ANTALOC,537154,19,84656,23,3,7,RO124
3,84745,VALEA RECE,537153,19,84656,23,3,7,RO124
2,84754,LUNCA DE SUS,,19,190,3,3,7,RO124
3,84763,LUNCA DE SUS,537155,19,84754,22,3,7,RO124
3,84772,COMIAT,537156,19,84754,23,3,7,RO124
3,84781,IZVORUL TROTUŞULUI,537157,19,84754,23,3,7,RO124
3,84790,PĂLTINIŞ-CIUC,537158,19,84754,23,3,7,RO124
3,84807,VALEA GÂRBEA,537159,19,84754,23,3,7,RO124
3,84816,VALEA UGRA,537161,19,84754,23,3,7,RO124
2,84825,LUPENI,,19,190,3,3,7,RO124
3,84834,LUPENI,537165,19,84825,22,3,7,RO124
3,84843,BISERICANI,537166,19,84825,23,3,7,RO124
3,84852,BULGĂRENI,537167,19,84825,23,3,7,RO124
3,84861,FIRTUŞU,537168,19,84825,23,3,7,RO124
3,84870,MORĂRENI,537169,19,84825,23,3,7,RO124
3,84889,PĂLTINIŞ,537171,19,84825,23,3,7,RO124
3,84898,PĂULENI,537172,19,84825,23,3,7,RO124
3,84905,SATU MIC,537173,19,84825,23,3,7,RO124
3,84914,SÂNCEL,537174,19,84825,23,3,7,RO124
2,86438,MĂDĂRAŞ,,19,190,3,3,7,RO124
3,84255,MĂDĂRAŞ,537071,19,86438,22,3,7,RO124
2,84923,MĂRTINIŞ,,19,190,3,3,7,RO124
3,84932,MĂRTINIŞ,537175,19,84923,22,3,7,RO124
3,84941,ALDEA,537176,19,84923,23,3,7,RO124
3,84950,BĂDENI,537177,19,84923,23,3,7,RO124
3,84969,CĂLUGĂRENI,537178,19,84923,23,3,7,RO124
3,84978,CHINUŞU,537179,19,84923,23,3,7,RO124
3,84987,COMĂNEŞTI,537181,19,84923,23,3,7,RO124
3,84996,GHIPEŞ,537182,19,84923,23,3,7,RO124
3,85001,LOCODENI,537183,19,84923,23,3,7,RO124
3,85010,ORĂŞENI,537184,19,84923,23,3,7,RO124
3,85029,PETRENI,537186,19,84923,23,3,7,RO124
3,85038,RAREŞ,537187,19,84923,23,3,7,RO124
3,85047,SÂNPAUL,537188,19,84923,23,3,7,RO124
2,85056,MEREŞTI,,19,190,3,3,7,RO124
3,85065,MEREŞTI,537195,19,85056,22,3,7,RO124
2,85074,MIHĂILENI,,19,190,3,3,7,RO124
3,85083,MIHĂILENI,537200,19,85074,22,3,7,RO124
3,85092,LIVEZI,537201,19,85074,23,3,7,RO124
3,85109,NĂDEJDEA,537202,19,85074,23,3,7,RO124
3,85118,VĂCĂREŞTI,537203,19,85074,23,3,7,RO124
2,85127,MUGENI,,19,190,3,3,7,RO124
3,85136,MUGENI,537205,19,85127,22,3,7,RO124
3,85145,ALUNIŞ,537206,19,85127,23,3,7,RO124
3,85154,BETA,537207,19,85127,23,3,7,RO124
3,85172,DEJUŢIU,537209,19,85127,23,3,7,RO124
3,85181,DOBENI,537211,19,85127,23,3,7,RO124
3,85190,LUTIŢA,537212,19,85127,23,3,7,RO124
3,85207,MĂTIŞENI,537213,19,85127,23,3,7,RO124
3,85234,TĂIETURA,537217,19,85127,23,3,7,RO124
2,85243,OCLAND,,19,190,3,3,7,RO124
3,85252,OCLAND,537225,19,85243,22,3,7,RO124
3,85261,CRĂCIUNEL,537226,19,85243,23,3,7,RO124
3,85270,SATU NOU,537227,19,85243,23,3,7,RO124
2,83375,PĂULENI-CIUC,,19,190,3,3,7,RO124
3,83384,PĂULENI-CIUC,537230,19,83375,22,3,7,RO124
3,83393,DELNIŢA,537231,19,83375,23,3,7,RO124
3,83400,ŞOIMENI,537232,19,83375,23,3,7,RO124
2,85289,PLĂIEŞII DE JOS,,19,190,3,3,7,RO124
3,85298,PLĂIEŞII DE JOS,537235,19,85289,22,3,7,RO124
3,85305,CASINU NOU,537236,19,85289,23,3,7,RO124
3,85314,IACOBENI,537237,19,85289,23,3,7,RO124
3,85323,IMPER,537238,19,85289,23,3,7,RO124
3,85332,PLĂIEŞII DE SUS,537239,19,85289,23,3,7,RO124
2,86487,PORUMBENI,,19,190,3,3,7,RO124
3,85216,PORUMBENII MARI,537214,19,86487,22,3,7,RO124
3,85225,PORUMBENII MICI,537216,19,86487,23,3,7,RO124
2,85341,PRAID,,19,190,3,3,7,RO124
3,85350,PRAID,537240,19,85341,22,3,7,RO124
3,85369,BECAŞ,537241,19,85341,23,3,7,RO124
3,85378,BUCIN,537242,19,85341,23,3,7,RO124
3,85387,OCNA DE JOS,537243,19,85341,23,3,7,RO124
3,85396,OCNA DE SUS,537244,19,85341,23,3,7,RO124
3,85403,ŞAŞVEREŞ,537246,19,85341,23,3,7,RO124
2,86495,RACU,,19,190,3,3,7,RO124
3,85662,RACU,537298,19,86495,22,3,7,RO124
3,85671,GÂRCIU,537299,19,86495,23,3,7,RO124
2,85412,REMETEA,,19,190,3,3,7,RO124
3,85421,REMETEA,537250,19,85412,22,3,7,RO124
3,85430,FĂGEŢEL,537251,19,85412,23,3,7,RO124
3,85449,MARTONCA,537252,19,85412,23,3,7,RO124
3,85458,SINEU,537253,19,85412,23,3,7,RO124
2,86501,SATU MARE,,19,190,3,3,7,RO124
3,83188,SATU MARE,537026,19,86501,22,3,7,RO124
2,85467,SĂCEL,,19,190,3,3,7,RO124
3,85476,SĂCEL,537255,19,85467,22,3,7,RO124
3,85485,ŞOIMUŞU MARE,537256,19,85467,23,3,7,RO124
3,85494,ŞOIMUŞU MIC,537257,19,85467,23,3,7,RO124
3,85500,UILAC,537258,19,85467,23,3,7,RO124
3,85519,VIDACUT,537259,19,85467,23,3,7,RO124
2,85528,SĂRMAŞ,,19,190,3,3,7,RO124
3,85537,SĂRMAŞ,537260,19,85528,22,3,7,RO124
3,85546,FUNDOAIA,537261,19,85528,23,3,7,RO124
3,85555,HODOŞA,537262,19,85528,23,3,7,RO124
3,85564,PLATONEŞTI,537263,19,85528,23,3,7,RO124
3,85573,RUNC,537264,19,85528,23,3,7,RO124
2,85680,SÂNCRĂIENI,,19,190,3,3,7,RO124
3,85699,SÂNCRĂIENI,537265,19,85680,22,3,7,RO124
2,85760,SÂNDOMINIC,,19,190,3,3,7,RO124
3,85779,SÂNDOMINIC,537275,19,85760,22,3,7,RO124
2,85788,SÂNMARTIN,,19,190,3,3,7,RO124
3,85797,SÂNMARTIN,537280,19,85788,22,3,7,RO124
3,85804,CIUCANI,537281,19,85788,23,3,7,RO124
3,85831,VALEA UZULUI,537282,19,85788,23,3,7,RO124
2,85840,SÂNSIMION,,19,190,3,3,7,RO124
3,85859,SÂNSIMION,537285,19,85840,22,3,7,RO124
3,85868,CETĂŢUIA,537286,19,85840,23,3,7,RO124
2,86519,SÂNTIMBRU,,19,190,3,3,7,RO124
3,85742,SÂNTIMBRU,537271,19,86519,22,3,7,RO124
3,85751,SÂNTIMBRU-BĂI,537272,19,86519,23,3,7,RO124
2,85582,SECUIENI,,19,190,3,3,7,RO124
3,85591,SECUIENI,537290,19,85582,22,3,7,RO124
3,85608,BODOGAIA,537291,19,85582,23,3,7,RO124
3,85617,ELISENI,537292,19,85582,23,3,7,RO124
2,85626,SICULENI,,19,190,3,3,7,RO124
3,85635,SICULENI,537295,19,85626,22,3,7,RO124
2,85877,SUBCETATE,,19,190,3,3,7,RO124
3,85886,SUBCETATE,537300,19,85877,22,3,7,RO124
3,85895,CĂLNACI,537301,19,85877,23,3,7,RO124
3,85902,DUDA,537302,19,85877,23,3,7,RO124
3,85911,FILPEA,537303,19,85877,23,3,7,RO124
2,85920,SUSENI,,19,190,3,3,7,RO124
3,85939,SUSENI,537305,19,85920,22,3,7,RO124
3,85948,CHILENI,537306,19,85920,23,3,7,RO124
3,85957,LIBAN,537307,19,85920,23,3,7,RO124
3,85966,SENETEA,537308,19,85920,23,3,7,RO124
3,85975,VALEA STRÂMBĂ,537309,19,85920,23,3,7,RO124
2,85984,ŞIMONEŞTI,,19,190,3,3,7,RO124
3,85993,ŞIMONEŞTI,537310,19,85984,22,3,7,RO124
3,86008,BENŢID,537311,19,85984,23,3,7,RO124
3,86017,CĂDACIU MARE,537312,19,85984,23,3,7,RO124
3,86026,CĂDACIU MIC,537313,19,85984,23,3,7,RO124
3,86035,CEHEŢEL,537314,19,85984,23,3,7,RO124
3,86044,CHEDIA MARE,537316,19,85984,23,3,7,RO124
3,86053,CHEDIA MICĂ,537317,19,85984,23,3,7,RO124
3,86062,COBĂTEŞTI,537318,19,85984,23,3,7,RO124
3,86071,MEDIŞORU MARE,537319,19,85984,23,3,7,RO124
3,86080,MIHĂILENI,537321,19,85984,23,3,7,RO124
3,86099,NICOLENI,537322,19,85984,23,3,7,RO124
3,86106,RUGĂNEŞTI,537323,19,85984,23,3,7,RO124
3,86115,TĂRCEŞTI,537324,19,85984,23,3,7,RO124
3,86124,TURDENI,537326,19,85984,23,3,7,RO124
2,86453,TOMEŞTI,,19,190,3,3,7,RO124
3,84139,TOMEŞTI,537037,19,86453,22,3,7,RO124
2,86133,TULGHEŞ,,19,190,3,3,7,RO124
3,86142,TULGHEŞ,537330,19,86133,22,3,7,RO124
3,86151,HAGOTA,537331,19,86133,23,3,7,RO124
3,86160,PINTIC,537332,19,86133,23,3,7,RO124
3,86179,RECEA,537333,19,86133,23,3,7,RO124
2,86188,TUŞNAD,,19,190,3,3,7,RO124
3,86197,TUŞNAD,537335,19,86188,22,3,7,RO124
3,86204,TUŞNADU NOU,537336,19,86188,23,3,7,RO124
3,86213,VRABIA,537337,19,86188,23,3,7,RO124
2,86222,ULIEŞ,,19,190,3,3,7,RO124
3,86231,ULIEŞ,537340,19,86222,22,3,7,RO124
3,86240,DAIA,537341,19,86222,23,3,7,RO124
3,86259,IAŞU,537342,19,86222,23,3,7,RO124
3,86268,IGHIU,537343,19,86222,23,3,7,RO124
3,86277,NICOLEŞTI,537344,19,86222,23,3,7,RO124
3,86286,OBRĂNEŞTI,537346,19,86222,23,3,7,RO124
3,86295,PETECU,537347,19,86222,23,3,7,RO124
3,86302,VASILENI,537348,19,86222,23,3,7,RO124
2,86311,VĂRŞAG,,19,190,3,3,7,RO124
3,86320,VĂRŞAG,537350,19,86311,22,3,7,RO124
2,86339,VOŞLĂBENI,,19,190,3,3,7,RO124
3,86348,VOŞLĂBENI,537355,19,86339,22,3,7,RO124
3,86357,IZVORU MUREŞULUI,537356,19,86339,23,3,7,RO124
2,86366,ZETEA,,19,190,3,3,7,RO124
3,86375,ZETEA,537360,19,86366,22,3,7,RO124
3,86384,DESAG,537361,19,86366,23,3,7,RO124
3,86393,IZVOARE,537362,19,86366,23,3,7,RO124
3,86400,POIANA TÂRNAVEI,537363,19,86366,23,3,7,RO124
3,86428,SUB CETATE,537364,19,86366,23,3,7,RO124
3,86419,ŞICASĂU,537366,19,86366,23,3,7,RO124
1,207,JUDEŢUL HUNEDOARA,,20,1,40,0,5,
2,86687,MUNICIPIUL DEVA,,20,207,1,1,5,
3,86696,DEVA,330005,20,86687,9,1,5,
3,86712,ARCHIA,330001,20,86687,11,1,5,
3,86721,BÂRCEA MICĂ,330002,20,86687,11,1,5,
3,86730,CRISTUR,330003,20,86687,11,1,5,
3,86703,SÂNTUHALM,330004,20,86687,10,1,5,
2,87059,MUNICIPIUL  LUPENI,,20,207,4,1,5,RO423
3,87068,LUPENI,335600,20,87059,9,1,5,RO423
2,87175,MUNICIPIUL  VULCAN,,20,207,4,1,5,RO423
3,87184,VULCAN,336200,20,87175,9,1,5,RO423
3,87193,DEALU BABII,336201,20,87175,10,1,5,RO423
3,87200,JIU-PAROŞENI,336250,20,87175,10,1,5,RO423
2,87291,MUNICIPIUL BRAD,,20,207,4,1,5,RO423
3,87308,BRAD,335200,20,87291,9,1,5,RO423
3,87317,MESTEACĂN,335201,20,87291,11,1,5,RO423
3,87326,POTINGANI,335202,20,87291,11,1,5,RO423
3,87335,RUDA-BRAD,335203,20,87291,11,1,5,RO423
3,87344,ŢĂRĂŢEL,335204,20,87291,11,1,5,RO423
3,87353,VALEA BRADULUI,335205,20,87291,11,1,5,RO423
2,86810,MUNICIPIUL HUNEDOARA,,20,207,4,1,5,RO423
3,86829,HUNEDOARA,331006,20,86810,9,1,5,RO423
3,86847,BOŞ,331001,20,86810,11,1,5,RO423
3,86856,GROŞ,331002,20,86810,11,1,5,RO423
3,86865,HĂŞDAT,331003,20,86810,11,1,5,RO423
3,86874,PEŞTIŞU MARE,331004,20,86810,11,1,5,RO423
3,86838,RĂCĂŞTIA,331005,20,86810,10,1,5,RO423
2,87638,MUNICIPIUL ORĂŞTIE,,20,207,4,1,5,RO423
3,87647,ORĂŞTIE,335700,20,87638,9,1,5,RO423
2,86990,MUNICIPIUL PETROŞANI,,20,207,4,1,5,RO423
3,87004,PETROŞANI,332005,20,86990,9,1,5,RO423
3,87013,DÂLJA MARE,332001,20,86990,10,1,5,RO423
3,87022,DÂLJA MICĂ,332002,20,86990,10,1,5,RO423
3,87031,PEŞTERA,332003,20,86990,10,1,5,RO423
3,87040,SLĂTINIOARA,332004,20,86990,10,1,5,RO423
2,87219,ORAŞ ANINOASA,,20,207,2,1,5,RO423
3,87228,ANINOASA,335100,20,87219,17,1,5,RO423
3,87237,ISCRONI,335101,20,87219,19,1,5,RO423
2,87424,ORAŞ CĂLAN,,20,207,2,1,5,RO423
3,87433,CĂLAN,335300,20,87424,17,1,5,RO423
3,87451,BATIZ,335301,20,87424,19,1,5,RO423
3,87460,CĂLANU MIC,335302,20,87424,19,1,5,RO423
3,87479,GRID,335303,20,87424,19,1,5,RO423
3,87488,NĂDĂŞTIA DE JOS,335304,20,87424,19,1,5,RO423
3,87497,NĂDĂŞTIA DE SUS,335305,20,87424,19,1,5,RO423
3,87503,OHABA STREIULUI,335306,20,87424,19,1,5,RO423
3,87512,SÂNCRAI,335307,20,87424,19,1,5,RO423
3,87521,SÂNTĂMĂRIA DE PIATRĂ,335308,20,87424,19,1,5,RO423
3,87530,STREI,335309,20,87424,19,1,5,RO423
3,87549,STREI-SĂCEL,335310,20,87424,19,1,5,RO423
3,87442,STREISÂNGEORGIU,335311,20,87424,18,1,5,RO423
3,87558,VALEA SÂNGEORGIULUI,335312,20,87424,19,1,5,RO423
2,89561,ORAŞ GEOAGIU,,20,207,2,1,5,RO423
3,89570,GEOAGIU,335400,20,89561,17,1,5,RO423
3,89589,AUREL VLAICU,335401,20,89561,19,1,5,RO423
3,89598,BACÂIA,335402,20,89561,19,1,5,RO423
3,89605,BOZEŞ,335403,20,89561,19,1,5,RO423
3,89614,CIGMĂU,335404,20,89561,19,1,5,RO423
3,89623,GELMAR,335405,20,89561,19,1,5,RO423
3,89632,GEOAGIU-BĂI,335450,20,89561,19,1,5,RO423
3,89641,HOMOROD,335406,20,89561,19,1,5,RO423
3,89650,MERMEZEU-VĂLENI,335407,20,89561,19,1,5,RO423
3,89669,RENGHET,335408,20,89561,19,1,5,RO423
3,89678,VĂLENI,335409,20,89561,19,1,5,RO423
2,87576,ORAŞ HAŢEG,,20,207,2,1,5,RO423
3,87585,HAŢEG,335500,20,87576,17,1,5,RO423
3,87594,NĂLAŢVAD,335501,20,87576,18,1,5,RO423
3,87601,SILVAŞU DE JOS,335502,20,87576,19,1,5,RO423
3,87610,SILVAŞU DE SUS,335503,20,87576,19,1,5,RO423
2,87077,ORAŞ PETRILA,,20,207,2,1,5,RO423
3,87086,PETRILA,335800,20,87077,17,1,5,RO423
3,87095,CIMPA,335801,20,87077,18,1,5,RO423
3,87102,JIEŢ,335802,20,87077,18,1,5,RO423
3,87111,RĂSCOALA,335803,20,87077,18,1,5,RO423
3,87120,TIRICI,335804,20,87077,18,1,5,RO423
2,87665,ORAŞ SIMERIA,,20,207,2,1,5,RO423
3,87674,SIMERIA,335900,20,87665,17,1,5,RO423
3,87683,BÂRCEA MARE,335901,20,87665,19,1,5,RO423
3,87692,CĂRPINIŞ,335902,20,87665,19,1,5,RO423
3,87718,SÂNTANDREI,335903,20,87665,19,1,5,RO423
3,87709,SIMERIA VECHE,335904,20,87665,19,1,5,RO423
3,87727,ŞĂULEŞTI,335905,20,87665,19,1,5,RO423
3,87736,UROI,335906,20,87665,19,1,5,RO423
2,87139,ORAŞ URICANI,,20,207,2,1,5,RO423
3,87148,URICANI,336100,20,87139,17,1,5,RO423
3,87157,CÂMPU LUI NEAG,336101,20,87139,18,1,5,RO423
3,87166,VALEA DE BRAZI,336102,20,87139,18,1,5,RO423
2,87745,BAIA DE CRIŞ,,20,207,3,3,5,RO423
3,87754,BAIA DE CRIŞ,337005,20,87745,22,3,5,RO423
3,87763,BALDOVIN,337006,20,87745,23,3,5,RO423
3,87772,CĂRACI,337007,20,87745,23,3,5,RO423
3,87781,CĂRĂSTĂU,337008,20,87745,23,3,5,RO423
3,87790,LUNCA,337009,20,87745,23,3,5,RO423
3,87807,RIŞCA,337011,20,87745,23,3,5,RO423
3,87816,RIŞCULIŢA,337012,20,87745,23,3,5,RO423
3,87825,ŢEBEA,337013,20,87745,23,3,5,RO423
3,87834,VĂLENI,337014,20,87745,23,3,5,RO423
2,87843,BALŞA,,20,207,3,3,5,RO423
3,87852,BALŞA,337015,20,87843,22,3,5,RO423
3,87861,ALMAŞU MIC DE MUNTE,337016,20,87843,23,3,5,RO423
3,87870,ARDEU,337017,20,87843,23,3,5,RO423
3,87889,BUNEŞTI,337018,20,87843,23,3,5,RO423
3,87898,GALBINA,337019,20,87843,23,3,5,RO423
3,87905,MADA,337021,20,87843,23,3,5,RO423
3,87914,OPRIŞEŞTI,337022,20,87843,23,3,5,RO423
3,87923,POIANA,337023,20,87843,23,3,5,RO423
3,87932,POIENIŢA,337024,20,87843,23,3,5,RO423
3,87941,ROŞIA,337026,20,87843,23,3,5,RO423
3,87950,STĂUINI,337027,20,87843,23,3,5,RO423
3,87969,TECHEREU,337028,20,87843,23,3,5,RO423
3,87978,VĂLIŞOARA,337029,20,87843,23,3,5,RO423
3,87987,VOIA,337031,20,87843,23,3,5,RO423
2,87996,BARU,,20,207,3,3,5,RO423
3,88001,BARU,337035,20,87996,22,3,5,RO423
3,88010,LIVADIA,337036,20,87996,23,3,5,RO423
3,88029,PETROS,337037,20,87996,23,3,5,RO423
3,88038,VALEA LUPULUI,337038,20,87996,23,3,5,RO423
2,88047,BĂCIA,,20,207,3,3,5,RO423
3,88056,BĂCIA,337040,20,88047,22,3,5,RO423
3,88065,PETRENI,337041,20,88047,23,3,5,RO423
3,88074,TÂMPA,337042,20,88047,23,3,5,RO423
3,88083,TOTIA,337043,20,88047,23,3,5,RO423
2,88092,BĂIŢA,,20,207,3,3,5,RO423
3,88109,BĂIŢA,337045,20,88092,22,3,5,RO423
3,88118,BARBURA,337046,20,88092,23,3,5,RO423
3,88127,CĂINELU DE SUS,337047,20,88092,23,3,5,RO423
3,88136,CRĂCIUNEŞTI,337048,20,88092,23,3,5,RO423
3,88145,FIZEŞ,337049,20,88092,23,3,5,RO423
3,88154,HĂRŢĂGANI,337051,20,88092,23,3,5,RO423
3,88163,LUNCA,337052,20,88092,23,3,5,RO423
3,88172,ORMINDEA,337053,20,88092,23,3,5,RO423
3,88181,PEŞTERA,337054,20,88092,23,3,5,RO423
3,88190,SĂLIŞTE,337056,20,88092,23,3,5,RO423
3,88207,TRESTIA,337057,20,88092,23,3,5,RO423
2,87246,BĂNIŢA,,20,207,3,3,5,RO423
3,87255,BĂNIŢA,337065,20,87246,22,3,5,RO423
3,87264,CRIVADIA,337066,20,87246,23,3,5,RO423
3,87273,MERIŞOR,337067,20,87246,23,3,5,RO423
2,88216,BĂTRÂNA,,20,207,3,3,5,RO423
3,88225,BĂTRÂNA,337070,20,88216,22,3,5,RO423
3,88234,FAŢA ROŞIE,337071,20,88216,23,3,5,RO423
3,88243,PIATRA,337072,20,88216,23,3,5,RO423
3,88252,RĂCHIŢAUA,337073,20,88216,23,3,5,RO423
2,88261,BERIU,,20,207,3,3,5,RO423
3,88270,BERIU,337075,20,88261,22,3,5,RO423
3,88289,CĂSTĂU,337076,20,88261,23,3,5,RO423
3,88298,CUCUIŞ,337077,20,88261,23,3,5,RO423
3,88305,MĂGURENI,337078,20,88261,23,3,5,RO423
3,88314,ORĂŞTIOARA DE JOS,337079,20,88261,23,3,5,RO423
3,88323,POIENI,337081,20,88261,23,3,5,RO423
3,88332,SERECA,337082,20,88261,23,3,5,RO423
3,88341,SIBIŞEL,337083,20,88261,23,3,5,RO423
2,88350,BLĂJENI,,20,207,3,3,5,RO423
3,88369,BLĂJENI,337085,20,88350,22,3,5,RO423
3,88378,BLĂJENI-VULCAN,337086,20,88350,23,3,5,RO423
3,88387,CRIŞ,337087,20,88350,23,3,5,RO423
3,88396,DRAGU-BRAD,337088,20,88350,23,3,5,RO423
3,88403,GROŞURI,337089,20,88350,23,3,5,RO423
3,88412,PLAI,337091,20,88350,23,3,5,RO423
3,88421,REŢ,337092,20,88350,23,3,5,RO423
3,88430,SĂLĂTRUC,337093,20,88350,23,3,5,RO423
2,88449,BOŞOROD,,20,207,3,3,5,RO423
3,88458,BOŞOROD,337095,20,88449,22,3,5,RO423
3,88467,ALUN,337096,20,88449,23,3,5,RO423
3,88476,BOBAIA,337097,20,88449,23,3,5,RO423
3,88485,CHITID,337098,20,88449,23,3,5,RO423
3,88494,CIOCLOVINA,337099,20,88449,23,3,5,RO423
3,88500,LUNCANI,337101,20,88449,23,3,5,RO423
3,88519,PRIHODIŞTE,337102,20,88449,23,3,5,RO423
3,88537,TÂRSA,337103,20,88449,23,3,5,RO423
3,88528,URSICI,337104,20,88449,23,3,5,RO423
2,88546,BRĂNIŞCA,,20,207,3,3,5,RO423
3,88555,BRĂNIŞCA,337105,20,88546,22,3,5,RO423
3,88573,BĂRĂŞTII ILIEI,337106,20,88546,23,3,5,RO423
3,88564,BOZ,337107,20,88546,23,3,5,RO423
3,88582,CĂBEŞTI,337108,20,88546,23,3,5,RO423
3,88608,FURCŞOARA,337109,20,88546,23,3,5,RO423
3,88591,GIALACUTA,337111,20,88546,23,3,5,RO423
3,88617,ROVINA,337112,20,88546,23,3,5,RO423
3,88626,TÂRNAVA,337113,20,88546,23,3,5,RO423
3,88635,TÂRNĂVIŢA,337114,20,88546,23,3,5,RO423
2,88644,BRETEA ROMÂNĂ,,20,207,3,3,5,RO423
3,88653,BRETEA ROMÂNĂ,337115,20,88644,22,3,5,RO423
3,88662,BĂŢĂLAR,337116,20,88644,23,3,5,RO423
3,88671,BERCU,337117,20,88644,23,3,5,RO423
3,88680,BRETEA STREIULUI,337118,20,88644,23,3,5,RO423
3,88699,COVRAGIU,337119,20,88644,23,3,5,RO423
3,88706,GÂNŢAGA,337121,20,88644,23,3,5,RO423
3,88715,MĂCEU,337122,20,88644,23,3,5,RO423
3,88724,OCOLIŞU MARE,337123,20,88644,23,3,5,RO423
3,88733,PLOPI,337124,20,88644,23,3,5,RO423
3,88742,RUŞI,337126,20,88644,23,3,5,RO423
3,88751,VÂLCELE,337127,20,88644,23,3,5,RO423
3,88760,VÂLCELELE BUNE,337128,20,88644,23,3,5,RO423
3,88779,VÂLCELUŢA,337129,20,88644,23,3,5,RO423
2,88788,BUCEŞ,,20,207,3,3,5,RO423
3,88797,BUCEŞ,337135,20,88788,22,3,5,RO423
3,88804,BUCEŞ-VULCAN,337136,20,88788,23,3,5,RO423
3,88813,DUPĂPIATRĂ,337137,20,88788,23,3,5,RO423
3,88822,GROHOŢELE,337138,20,88788,23,3,5,RO423
3,88831,MIHĂILENI,337139,20,88788,23,3,5,RO423
3,88840,STĂNIJA,337141,20,88788,23,3,5,RO423
3,88859,TARNIŢA,337142,20,88788,23,3,5,RO423
2,88868,BUCUREŞCI,,20,207,3,3,5,RO423
3,88877,BUCUREŞCI,337145,20,88868,22,3,5,RO423
3,88886,CURECHIU,337146,20,88868,23,3,5,RO423
3,88895,MERIŞOR,337147,20,88868,23,3,5,RO423
3,88902,ROVINA,337148,20,88868,23,3,5,RO423
3,88911,ŞESURI,337149,20,88868,23,3,5,RO423
2,88920,BULZEŞTII DE SUS,,20,207,3,3,5,RO423
3,88939,BULZEŞTII DE SUS,337150,20,88920,22,3,5,RO423
3,88948,BULZEŞTII DE JOS,337151,20,88920,23,3,5,RO423
3,88957,GIURGEŞTI,337152,20,88920,23,3,5,RO423
3,88966,GROHOT,337153,20,88920,23,3,5,RO423
3,88975,PĂULEŞTI,337154,20,88920,23,3,5,RO423
3,88984,RUSEŞTI,337156,20,88920,23,3,5,RO423
3,88993,STĂNCULEŞTI,337157,20,88920,23,3,5,RO423
3,89008,TICERA,337158,20,88920,23,3,5,RO423
3,89017,TOMNATEC,337159,20,88920,23,3,5,RO423
2,89026,BUNILA,,20,207,3,3,5,RO423
3,89035,BUNILA,337160,20,89026,22,3,5,RO423
3,89044,ALUN,337161,20,89026,23,3,5,RO423
3,89053,CERNIŞOARA FLORESE,337162,20,89026,23,3,5,RO423
3,89062,POIENIŢA VOINII,337163,20,89026,23,3,5,RO423
3,89071,VADU DOBRII,337164,20,89026,23,3,5,RO423
2,89080,BURJUC,,20,207,3,3,5,RO423
3,89099,BURJUC,337165,20,89080,22,3,5,RO423
3,89106,BRĂDĂŢEL,337166,20,89080,23,3,5,RO423
3,89115,GLODGHILEŞTI,337167,20,89080,23,3,5,RO423
3,89124,PETREŞTI,337168,20,89080,23,3,5,RO423
3,89133,TĂTĂRĂŞTI,337169,20,89080,23,3,5,RO423
3,89142,TISA,337171,20,89080,23,3,5,RO423
2,86749,CÂRJIŢI,,20,207,3,3,5,RO423
3,86758,CÂRJIŢI,337175,20,86749,22,3,5,RO423
3,86767,ALMAŞU SEC,337176,20,86749,23,3,5,RO423
3,86776,CHERGHEŞ,337177,20,86749,23,3,5,RO423
3,86785,COZIA,337178,20,86749,23,3,5,RO423
3,86794,POPEŞTI,337179,20,86749,23,3,5,RO423
2,89151,CERBĂL,,20,207,3,3,5,RO423
3,89160,CERBĂL,337180,20,89151,22,3,5,RO423
3,89179,ARĂNIEŞ,337181,20,89151,23,3,5,RO423
3,89188,FEREGI,337182,20,89151,23,3,5,RO423
3,89197,MERIŞORU DE MUNTE,337183,20,89151,23,3,5,RO423
3,89213,POIANA RĂCHIŢELII,337184,20,89151,23,3,5,RO423
3,89204,POIENIŢA TOMII,337186,20,89151,23,3,5,RO423
3,89222,SOCET,337187,20,89151,23,3,5,RO423
3,89231,ULM,337188,20,89151,23,3,5,RO423
2,89240,CERTEJU DE SUS,,20,207,3,3,5,RO423
3,89259,CERTEJU DE SUS,337190,20,89240,22,3,5,RO423
3,89268,BOCŞA MARE,337191,20,89240,23,3,5,RO423
3,89277,BOCŞA MICĂ,337192,20,89240,23,3,5,RO423
3,89286,HONDOL,337193,20,89240,23,3,5,RO423
3,89295,MĂGURA-TOPLIŢA,337194,20,89240,23,3,5,RO423
3,89302,NOJAG,337196,20,89240,23,3,5,RO423
3,89311,SĂCĂRÂMB,337197,20,89240,23,3,5,RO423
3,89320,TOPLIŢA MUREŞULUI,337198,20,89240,23,3,5,RO423
3,89339,VĂRMAGA,337199,20,89240,23,3,5,RO423
2,87362,CRIŞCIOR,,20,207,3,3,5,RO423
3,87371,CRIŞCIOR,337200,20,87362,22,3,5,RO423
3,87380,BARZA,337201,20,87362,23,3,5,RO423
3,87399,VALEA ARSULUI,337202,20,87362,23,3,5,RO423
3,87406,ZDRAPŢI,337203,20,87362,23,3,5,RO423
2,89348,DENSUŞ,,20,207,3,3,5,RO423
3,89357,DENSUŞ,337205,20,89348,22,3,5,RO423
3,89366,CRIVA,337206,20,89348,23,3,5,RO423
3,89375,HĂŢĂGEL,337207,20,89348,23,3,5,RO423
3,89384,PEŞTEANA,337208,20,89348,23,3,5,RO423
3,89393,PEŞTENIŢA,337209,20,89348,23,3,5,RO423
3,89400,POIENI,337211,20,89348,23,3,5,RO423
3,89419,ŞTEI,337212,20,89348,23,3,5,RO423
2,89428,DOBRA,,20,207,3,3,5,RO423
3,89437,DOBRA,337215,20,89428,22,3,5,RO423
3,89446,ABUCEA,337216,20,89428,23,3,5,RO423
3,89455,BUJORU,337217,20,89428,23,3,5,RO423
3,89464,FĂGEŢEL,337218,20,89428,23,3,5,RO423
3,89473,LĂPUŞNIC,337219,20,89428,23,3,5,RO423
3,89482,MIHĂIEŞTI,337221,20,89428,23,3,5,RO423
3,89491,PANC,337222,20,89428,23,3,5,RO423
3,89507,PANC-SĂLIŞTE,337223,20,89428,23,3,5,RO423
3,89516,RĂDULEŞTI,337224,20,89428,23,3,5,RO423
3,89525,ROŞCANI,337226,20,89428,23,3,5,RO423
3,89534,STÂNCEŞTI,337227,20,89428,23,3,5,RO423
3,89543,STÂNCEŞTI-OHABA,337228,20,89428,23,3,5,RO423
3,89552,STRETEA,337229,20,89428,23,3,5,RO423
2,91731,GENERAL BERTHELOT,,20,207,3,3,5,RO423
3,91740,GENERAL BERTHELOT,337235,20,91731,22,3,5,RO423
3,91759,CRĂGUIŞ,337236,20,91731,23,3,5,RO423
3,91768,FĂRCĂDIN,337237,20,91731,23,3,5,RO423
3,91777,LIVEZI,337238,20,91731,23,3,5,RO423
3,91786,TUŞTEA,337239,20,91731,23,3,5,RO423
2,86883,GHELARI,,20,207,3,3,5,RO423
3,86892,GHELARI,337240,20,86883,22,3,5,RO423
3,86909,GOVĂJDIA,337241,20,86883,23,3,5,RO423
3,86918,PLOP,337242,20,86883,23,3,5,RO423
3,86927,RUDA,337243,20,86883,23,3,5,RO423
2,89687,GURASADA,,20,207,3,3,5,RO423
3,89696,GURASADA,337245,20,89687,22,3,5,RO423
3,89703,BOIU DE JOS,337246,20,89687,23,3,5,RO423
3,89712,BOIU DE SUS,337247,20,89687,23,3,5,RO423
3,89721,CĂRMĂZĂNEŞTI,337248,20,89687,23,3,5,RO423
3,89730,CÂMPURI DE SUS,337249,20,89687,23,3,5,RO423
3,89749,CÂMPURI-SURDUC,337251,20,89687,23,3,5,RO423
3,89758,DĂNULEŞTI,337252,20,89687,23,3,5,RO423
3,89767,GOTHATEA,337253,20,89687,23,3,5,RO423
3,89776,RUNCŞOR,337254,20,89687,23,3,5,RO423
3,89785,ULIEŞ,337256,20,89687,23,3,5,RO423
3,89794,VICA,337257,20,89687,23,3,5,RO423
2,89801,HĂRĂU,,20,207,3,3,5,RO423
3,89810,HĂRĂU,337265,20,89801,22,3,5,RO423
3,89829,BANPOTOC,337266,20,89801,23,3,5,RO423
3,89838,BÂRSĂU,337267,20,89801,23,3,5,RO423
3,89847,CHIMINDIA,337268,20,89801,23,3,5,RO423
2,89856,ILIA,,20,207,3,3,5,RO423
3,89865,ILIA,337270,20,89856,22,3,5,RO423
3,89874,BACEA,337271,20,89856,23,3,5,RO423
3,89892,BRÂZNIC,337272,20,89856,23,3,5,RO423
3,89883,BRETEA MUREŞANĂ,337273,20,89856,23,3,5,RO423
3,89909,CUIEŞ,337274,20,89856,23,3,5,RO423
3,89918,DUMBRĂVIŢA,337276,20,89856,23,3,5,RO423
3,89927,SĂCĂMAŞ,337277,20,89856,23,3,5,RO423
3,89936,SÂRBI,337278,20,89856,23,3,5,RO423
3,89945,VALEA LUNGĂ,337279,20,89856,23,3,5,RO423
2,89954,LĂPUGIU DE JOS,,20,207,3,3,5,RO423
3,89963,LĂPUGIU DE JOS,337280,20,89954,22,3,5,RO423
3,89972,BAŞTEA,337281,20,89954,23,3,5,RO423
3,89981,COSEŞTI,337282,20,89954,23,3,5,RO423
3,89990,FINTOAG,337283,20,89954,23,3,5,RO423
3,90002,GRIND,337284,20,89954,23,3,5,RO423
3,90011,HOLDEA,337286,20,89954,23,3,5,RO423
3,90020,LĂPUGIU DE SUS,337287,20,89954,23,3,5,RO423
3,90039,LĂSĂU,337288,20,89954,23,3,5,RO423
3,90048,OHABA,337289,20,89954,23,3,5,RO423
3,90057,TEIU,337291,20,89954,23,3,5,RO423
2,90066,LELESE,,20,207,3,3,5,RO423
3,90075,LELESE,337295,20,90066,22,3,5,RO423
3,90084,CERIŞOR,337296,20,90066,23,3,5,RO423
3,90093,RUNCU MARE,337297,20,90066,23,3,5,RO423
3,90100,SOHODOL,337298,20,90066,23,3,5,RO423
2,90119,LUNCA CERNII DE JOS,,20,207,3,3,5,RO423
3,90128,LUNCA CERNII DE JOS,337300,20,90119,22,3,5,RO423
3,90137,CIUMIŢA,337301,20,90119,23,3,5,RO423
3,90146,FÂNTÂNA,337302,20,90119,23,3,5,RO423
3,90155,GURA BORDULUI,337303,20,90119,23,3,5,RO423
3,90164,LUNCA CERNII DE SUS,337304,20,90119,23,3,5,RO423
3,90173,MERIA,337306,20,90119,23,3,5,RO423
3,90182,NEGOIU,337307,20,90119,23,3,5,RO423
3,90191,VALEA BABII,337308,20,90119,23,3,5,RO423
2,90208,LUNCOIU DE JOS,,20,207,3,3,5,RO423
3,90217,LUNCOIU DE JOS,337310,20,90208,22,3,5,RO423
3,90226,DUDEŞTI,337311,20,90208,23,3,5,RO423
3,90235,LUNCOIU DE SUS,337312,20,90208,23,3,5,RO423
3,90244,PODELE,337313,20,90208,23,3,5,RO423
3,90253,STEJĂREL,337314,20,90208,23,3,5,RO423
2,90262,MĂRTINEŞTI,,20,207,3,3,5,RO423
3,90271,MĂRTINEŞTI,337315,20,90262,22,3,5,RO423
3,90280,DÂNCU MARE,337316,20,90262,23,3,5,RO423
3,90299,DÂNCU MIC,337317,20,90262,23,3,5,RO423
3,90306,JELEDINŢI,337318,20,90262,23,3,5,RO423
3,90315,MĂGURA,337319,20,90262,23,3,5,RO423
3,90324,TĂMĂŞASA,337321,20,90262,23,3,5,RO423
3,90333,TURMAŞ,337322,20,90262,23,3,5,RO423
2,90342,ORĂŞTIOARA DE SUS,,20,207,3,3,5,RO423
3,90351,ORĂŞTIOARA DE SUS,337325,20,90342,22,3,5,RO423
3,90360,BUCIUM,337326,20,90342,23,3,5,RO423
3,90379,COSTEŞTI,337327,20,90342,23,3,5,RO423
3,90388,COSTEŞTI-DEAL,337328,20,90342,23,3,5,RO423
3,90397,GRĂDIŞTEA DE MUNTE,337329,20,90342,23,3,5,RO423
3,90404,LUDEŞTII DE JOS,337331,20,90342,23,3,5,RO423
3,90413,LUDEŞTII DE SUS,337332,20,90342,23,3,5,RO423
3,90422,OCOLIŞU MIC,337333,20,90342,23,3,5,RO423
2,90431,PESTIŞU MIC,,20,207,3,3,5,RO423
3,90440,PESTIŞU MIC,337335,20,90431,22,3,5,RO423
3,90459,ALMAŞU MIC,337336,20,90431,23,3,5,RO423
3,90468,CIULPĂZ,337337,20,90431,23,3,5,RO423
3,90477,CUTIN,337338,20,90431,23,3,5,RO423
3,90486,DUMBRAVA,337339,20,90431,23,3,5,RO423
3,90495,JOSANI,337341,20,90431,23,3,5,RO423
3,90501,MĂNERĂU,337342,20,90431,23,3,5,RO423
3,90510,NANDRU,337343,20,90431,23,3,5,RO423
3,90529,VALEA NANDRULUI,337344,20,90431,23,3,5,RO423
2,90538,PUI,,20,207,3,3,5,RO423
3,90547,PUI,337345,20,90538,22,3,5,RO423
3,90556,BĂIEŞTI,337346,20,90538,23,3,5,RO423
3,90565,FEDERI,337347,20,90538,23,3,5,RO423
3,90574,FIZEŞTI,337348,20,90538,23,3,5,RO423
3,90583,GALAŢI,337349,20,90538,23,3,5,RO423
3,90592,HOBIŢA,337351,20,90538,23,3,5,RO423
3,90609,OHABA-PONOR,337352,20,90538,23,3,5,RO423
3,90618,PONOR,337353,20,90538,23,3,5,RO423
3,90627,RÂU BĂRBAT,337354,20,90538,23,3,5,RO423
3,90636,RUŞOR,337356,20,90538,23,3,5,RO423
3,90645,ŞEREL,337357,20,90538,23,3,5,RO423
3,90654,URIC,337358,20,90538,23,3,5,RO423
2,90663,RAPOLTU MARE,,20,207,3,3,5,RO423
3,90672,RAPOLTU MARE,337365,20,90663,22,3,5,RO423
3,90681,BOBÂLNA,337366,20,90663,23,3,5,RO423
3,90690,BOIU,337367,20,90663,23,3,5,RO423
3,90707,FOLT,337368,20,90663,23,3,5,RO423
3,90716,RAPOLŢEL,337369,20,90663,23,3,5,RO423
2,90725,RĂCHITOVA,,20,207,3,3,5,RO423
3,90734,RĂCHITOVA,337370,20,90725,22,3,5,RO423
3,90743,BOIŢA,337371,20,90725,23,3,5,RO423
3,90752,CIULA MARE,337372,20,90725,23,3,5,RO423
3,90761,CIULA MICĂ,337373,20,90725,23,3,5,RO423
3,90770,GOTEŞTI,337374,20,90725,23,3,5,RO423
3,90789,MESTEACĂN,337376,20,90725,23,3,5,RO423
3,90798,VĂLIOARA,337377,20,90725,23,3,5,RO423
2,90878,RÂU DE MORI,,20,207,3,3,5,RO423
3,90887,RÂU DE MORI,337380,20,90878,22,3,5,RO423
3,90896,BRAZI,337381,20,90878,23,3,5,RO423
3,90903,CLOPOTIVA,337382,20,90878,23,3,5,RO423
3,90912,OHABA-SIBIŞEL,337383,20,90878,23,3,5,RO423
3,90921,OSTROV,337384,20,90878,23,3,5,RO423
3,90930,OSTROVEL,337386,20,90878,23,3,5,RO423
3,90949,OSTROVU MIC,337387,20,90878,23,3,5,RO423
3,90958,SIBIŞEL,337388,20,90878,23,3,5,RO423
3,90967,SUSENI,337389,20,90878,23,3,5,RO423
3,90976,UNCIUC,337391,20,90878,23,3,5,RO423
3,90985,VALEA DÂLJII,337392,20,90878,23,3,5,RO423
2,90805,RIBIŢA,,20,207,3,3,5,RO423
3,90814,RIBIŢA,337400,20,90805,22,3,5,RO423
3,90823,CRIŞAN,337401,20,90805,23,3,5,RO423
3,90832,DUMBRAVA DE JOS,337402,20,90805,23,3,5,RO423
3,90841,DUMBRAVA DE SUS,337403,20,90805,23,3,5,RO423
3,90850,RIBICIOARA,337404,20,90805,23,3,5,RO423
3,90869,UIBĂREŞTI,337406,20,90805,23,3,5,RO423
2,90994,ROMOS,,20,207,3,3,5,RO423
3,91009,ROMOS,337410,20,90994,22,3,5,RO423
3,91018,CIUNGU MARE,337411,20,90994,23,3,5,RO423
3,91027,PIŞCHINŢI,337412,20,90994,23,3,5,RO423
3,91036,ROMOŞEL,337413,20,90994,23,3,5,RO423
3,91045,VAIDEI,337414,20,90994,23,3,5,RO423
2,91054,SARMIZEGETUSA,,20,207,3,3,5,RO423
3,91063,SARMIZEGETUSA,337415,20,91054,22,3,5,RO423
3,91072,BREAZOVA,337416,20,91054,23,3,5,RO423
3,91081,HOBIŢA-GRĂDIŞTE,337417,20,91054,23,3,5,RO423
3,91090,PĂUCINEŞTI,337418,20,91054,23,3,5,RO423
3,91107,ZEICANI,337419,20,91054,23,3,5,RO423
2,91116,SĂLAŞU DE SUS,,20,207,3,3,5,RO423
3,91125,SĂLAŞU DE SUS,337420,20,91116,22,3,5,RO423
3,91134,COROIEŞTI,337421,20,91116,23,3,5,RO423
3,91143,MĂLĂIEŞTI,337422,20,91116,23,3,5,RO423
3,91152,NUCŞOARA,337423,20,91116,23,3,5,RO423
3,91161,OHABA DE SUB PIATRĂ,337424,20,91116,23,3,5,RO423
3,91170,PAROŞ,337426,20,91116,23,3,5,RO423
3,91189,PEŞTERA,337427,20,91116,23,3,5,RO423
3,91198,RÂU ALB,337428,20,91116,23,3,5,RO423
3,91205,RÂU MIC,337429,20,91116,23,3,5,RO423
3,91214,SĂLAŞU DE JOS,337431,20,91116,23,3,5,RO423
3,91223,ZĂVOI,337432,20,91116,23,3,5,RO423
2,91232,SÂNTĂMĂRIA-ORLEA,,20,207,3,3,5,RO423
3,91241,SÂNTĂMĂRIA-ORLEA,337440,20,91232,22,3,5,RO423
3,91250,BALOMIR,337441,20,91232,23,3,5,RO423
3,91269,BĂRĂŞTII HAŢEGULUI,337442,20,91232,23,3,5,RO423
3,91278,BUCIUM-ORLEA,337443,20,91232,23,3,5,RO423
3,91287,CIOPEIA,337444,20,91232,23,3,5,RO423
3,91296,SĂCEL,337446,20,91232,23,3,5,RO423
3,91303,SÂNPETRU,337447,20,91232,23,3,5,RO423
3,91312,SUBCETATE,337448,20,91232,23,3,5,RO423
3,91321,VADU,337449,20,91232,23,3,5,RO423
2,91330,ŞOIMUŞ,,20,207,3,3,5,RO423
3,91349,ŞOIMUŞ,337450,20,91330,22,3,5,RO423
3,91358,BĂLATA,337451,20,91330,23,3,5,RO423
3,91376,BEJAN,337452,20,91330,23,3,5,RO423
3,91385,BEJAN-TÂRNĂVIŢA,337453,20,91330,23,3,5,RO423
3,91367,BOHOLT,337454,20,91330,23,3,5,RO423
3,91394,CĂINELU DE JOS,337456,20,91330,23,3,5,RO423
3,91401,CHIŞCĂDAGA,337457,20,91330,23,3,5,RO423
3,91410,FORNĂDIA,337458,20,91330,23,3,5,RO423
3,91429,PĂULIŞ,337459,20,91330,23,3,5,RO423
3,91438,SULIGHETE,337461,20,91330,23,3,5,RO423
2,86936,TELIUCU INFERIOR,,20,207,3,3,5,RO423
3,86945,TELIUCU INFERIOR,337465,20,86936,22,3,5,RO423
3,86954,CINCIŞ-CERNA,337466,20,86936,23,3,5,RO423
3,86963,IZVOARELE,337467,20,86936,23,3,5,RO423
3,86972,TELIUCU SUPERIOR,337468,20,86936,23,3,5,RO423
2,91447,TOMEŞTI,,20,207,3,3,5,RO423
3,91456,TOMEŞTI,337470,20,91447,22,3,5,RO423
3,91465,DOBROŢ,337471,20,91447,23,3,5,RO423
3,91474,LEAUŢ,337472,20,91447,23,3,5,RO423
3,91483,LIVADA,337473,20,91447,23,3,5,RO423
3,91492,OBÂRŞA,337474,20,91447,23,3,5,RO423
3,91508,ŞTEIA,337476,20,91447,23,3,5,RO423
3,91517,TIULEŞTI,337477,20,91447,23,3,5,RO423
3,91526,VALEA MARE DE CRIŞ,337478,20,91447,23,3,5,RO423
2,91535,TOPLIŢA,,20,207,3,3,5,RO423
3,91544,TOPLIŢA,337480,20,91535,22,3,5,RO423
3,91553,CURPENII SILVAŞULUI,337481,20,91535,23,3,5,RO423
3,91571,DĂBÂCA,337482,20,91535,23,3,5,RO423
3,91562,DEALU MIC,337483,20,91535,23,3,5,RO423
3,91580,GOLEŞ,337484,20,91535,23,3,5,RO423
3,91599,HĂŞDĂU,337486,20,91535,23,3,5,RO423
3,91606,MOSORU,337487,20,91535,23,3,5,RO423
3,91615,VĂLARI,337488,20,91535,23,3,5,RO423
2,91624,TOTEŞTI,,20,207,3,3,5,RO423
3,91633,TOTEŞTI,337490,20,91624,22,3,5,RO423
3,91642,CÂRNEŞTI,337491,20,91624,23,3,5,RO423
3,91651,COPACI,337492,20,91624,23,3,5,RO423
3,91660,PĂCLIŞA,337493,20,91624,23,3,5,RO423
3,91679,REEA,337494,20,91624,23,3,5,RO423
2,91688,TURDAŞ,,20,207,3,3,5,RO423
3,91697,TURDAŞ,337495,20,91688,22,3,5,RO423
3,91704,PRICAZ,337496,20,91688,23,3,5,RO423
3,91713,RÂPAŞ,337497,20,91688,23,3,5,RO423
3,91722,SPINI,337498,20,91688,23,3,5,RO423
2,91795,VAŢA DE JOS,,20,207,3,3,5,RO423
3,91802,VAŢA DE JOS,337500,20,91795,22,3,5,RO423
3,91811,BASARABASA,337501,20,91795,23,3,5,RO423
3,91820,BIRTIN,337502,20,91795,23,3,5,RO423
3,91839,BROTUNA,337503,20,91795,23,3,5,RO423
3,91848,CĂZĂNEŞTI,337504,20,91795,23,3,5,RO423
3,91857,CIUNGANI,337506,20,91795,23,3,5,RO423
3,91875,OCIŞOR,337507,20,91795,23,3,5,RO423
3,91866,OCIU,337508,20,91795,23,3,5,RO423
3,91884,PRĂVĂLENI,337509,20,91795,23,3,5,RO423
3,91893,PRIHODIŞTE,337511,20,91795,23,3,5,RO423
3,91900,TĂTĂRĂŞTII DE CRIŞ,337512,20,91795,23,3,5,RO423
3,91919,TÂRNAVA DE CRIŞ,337513,20,91795,23,3,5,RO423
3,91928,VAŢA DE SUS,337514,20,91795,23,3,5,RO423
2,91937,VĂLIŞOARA,,20,207,3,3,5,RO423
3,91946,VĂLIŞOARA,337520,20,91937,22,3,5,RO423
3,91955,DEALU MARE,337521,20,91937,23,3,5,RO423
3,91964,SĂLIŞTIOARA,337522,20,91937,23,3,5,RO423
3,91973,STOIENEASA,337523,20,91937,23,3,5,RO423
2,91982,VEŢEL,,20,207,3,3,5,RO423
3,91991,VEŢEL,337525,20,91982,22,3,5,RO423
3,92006,BOIA BÂRZII,337526,20,91982,23,3,5,RO423
3,92015,BRETELIN,337527,20,91982,23,3,5,RO423
3,92024,CĂOI,337528,20,91982,23,3,5,RO423
3,92033,HEREPEIA,337529,20,91982,23,3,5,RO423
3,92042,LEŞNIC,337531,20,91982,23,3,5,RO423
3,92051,MINTIA,337532,20,91982,23,3,5,RO423
3,92060,MUNCELU MARE,337533,20,91982,23,3,5,RO423
3,92079,MUNCELU MIC,337534,20,91982,23,3,5,RO423
3,92088,RUNCU MIC,337536,20,91982,23,3,5,RO423
2,92097,VORŢA,,20,207,3,3,5,RO423
3,92104,VORŢA,337540,20,92097,22,3,5,RO423
3,92113,CERTEJU DE JOS,337541,20,92097,23,3,5,RO423
3,92122,COAJA,337542,20,92097,23,3,5,RO423
3,92131,DUMEŞTI,337543,20,92097,23,3,5,RO423
3,92140,LUNCŞOARA,337544,20,92097,23,3,5,RO423
3,92159,VALEA POIENII,337546,20,92097,23,3,5,RO423
3,92168,VISCA,337547,20,92097,23,3,5,RO423
2,92177,ZAM,,20,207,3,3,5,RO423
3,92186,ZAM,337550,20,92177,22,3,5,RO423
3,92202,ALMAŞ-SĂLIŞTE,337551,20,92177,23,3,5,RO423
3,92195,ALMĂŞEL,337552,20,92177,23,3,5,RO423
3,92211,BRĂŞEU,337553,20,92177,23,3,5,RO423
3,92220,CERBIA,337554,20,92177,23,3,5,RO423
3,92239,DELENI,337556,20,92177,23,3,5,RO423
3,92248,GODINEŞTI,337557,20,92177,23,3,5,RO423
3,92257,MICĂNEŞTI,337558,20,92177,23,3,5,RO423
3,92266,POGĂNEŞTI,337559,20,92177,23,3,5,RO423
3,92275,POJOGA,337561,20,92177,23,3,5,RO423
3,92284,SĂLCIVA,337562,20,92177,23,3,5,RO423
3,92293,TĂMĂŞEŞTI,337563,20,92177,23,3,5,RO423
3,92300,VALEA,337564,20,92177,23,3,5,RO423
1,216,JUDEŢUL IALOMIŢA,,21,1,40,0,3,RO315
2,92658,MUNICIPIUL SLOBOZIA,,21,216,1,1,3,RO315
3,92667,SLOBOZIA,920003,21,92658,9,1,3,RO315
3,92676,BORA,920001,21,92658,10,1,3,RO315
3,92685,SLOBOZIA NOUĂ,920002,21,92658,10,1,3,RO315
2,92701,MUNICIPIUL FETEŞTI,,21,216,4,1,3,RO315
3,92710,FETEŞTI,925100,21,92701,9,1,3,RO315
3,92729,BULIGA,925101,21,92701,10,1,3,RO315
3,92738,FETEŞTI-GARĂ,925150,21,92701,10,1,3,RO315
3,92747,VLAŞCA,925102,21,92701,10,1,3,RO315
2,100683,MUNICIPIUL URZICENI,,21,216,4,1,3,RO315
3,100692,URZICENI,925300,21,100683,9,1,3,RO315
2,92836,ORAŞ AMARA,,21,216,2,1,3,RO315
3,92845,AMARA,927020,21,92836,17,1,3,RO315
3,92854,AMARA NOUĂ,927021,21,92836,19,1,3,RO315
2,93067,ORAŞ CĂZĂNEŞTI,,21,216,2,1,3,RO315
3,93076,CĂZĂNEŞTI,927065,21,93067,17,1,3,RO315
2,102749,ORAŞ FIERBINŢI-TÂRG,,21,216,2,1,3,RO315
3,102758,FIERBINŢI-TÂRG,927115,21,102749,17,1,3,RO315
3,102767,FIERBINŢII DE JOS,927116,21,102749,19,1,3,RO315
3,102776,FIERBINŢII DE SUS,927117,21,102749,19,1,3,RO315
3,102785,GRECII DE JOS,927118,21,102749,19,1,3,RO315
2,92765,ORAŞ ŢĂNDĂREI,,21,216,2,1,3,RO315
3,92774,ŢĂNDĂREI,925200,21,92765,17,1,3,RO315
2,100754,ADÂNCATA,,21,216,3,3,3,RO315
3,100763,ADÂNCATA,927005,21,100754,22,3,3,RO315
3,100772,PATRU FRAŢI,927006,21,100754,23,3,3,RO315
2,92783,ALBEŞTI,,21,216,3,3,3,RO315
3,92792,ALBEŞTI,927010,21,92783,22,3,3,RO315
3,92809,BATALURI,927011,21,92783,23,3,3,RO315
3,92827,MARSILIENI,927013,21,92783,23,3,3,RO315
2,100852,ALEXENI,,21,216,3,3,3,RO315
3,100861,ALEXENI,927015,21,100852,22,3,3,RO315
2,92872,ANDRĂŞEŞTI,,21,216,3,3,3,RO315
3,92881,ANDRĂŞEŞTI,927025,21,92872,22,3,3,RO315
3,92890,ORBOEŞTI,927026,21,92872,23,3,3,RO315
2,100870,ARMĂŞEŞTI,,21,216,3,3,3,RO315
3,100889,ARMĂŞEŞTI,927030,21,100870,22,3,3,RO315
3,100905,MALU ROŞU,927032,21,100870,23,3,3,RO315
3,100914,NENIŞORI,927033,21,100870,23,3,3,RO315
2,100923,AXINTELE,,21,216,3,3,3,RO315
3,100932,AXINTELE,927035,21,100923,22,3,3,RO315
3,100941,BĂRBĂTESCU,927036,21,100923,23,3,3,RO315
3,100950,HORIA,927037,21,100923,23,3,3,RO315
2,92907,BALACIU,,21,216,3,3,3,RO315
3,92916,BALACIU,927040,21,92907,22,3,3,RO315
3,92925,COPUZU,927041,21,92907,23,3,3,RO315
3,92934,CRĂSANII DE JOS,927042,21,92907,23,3,3,RO315
3,92943,CRĂSANII DE SUS,927043,21,92907,23,3,3,RO315
2,180064,BĂRBULEŞTI,,21,216,3,3,3,RO315
3,100898,BĂRBULEŞTI,927031,21,180064,22,3,3,RO315
2,101056,BĂRCĂNEŞTI,,21,216,3,3,3,RO315
3,101065,BĂRCĂNEŞTI,927045,21,101056,22,3,3,RO315
3,101074,CONDEEŞTI,927046,21,101056,23,3,3,RO315
2,179784,BORĂNEŞTI,,21,216,3,3,3,RO315
3,102268,BORĂNEŞTI,927096,21,179784,22,3,3,RO315
3,102277,SINTEŞTI,927097,21,179784,23,3,3,RO315
2,92989,BORDUŞANI,,21,216,3,3,3,RO315
3,92998,BORDUŞANI,927050,21,92989,22,3,3,RO315
3,93003,CEGANI,927051,21,92989,23,3,3,RO315
2,93021,BUCU,,21,216,3,3,3,RO315
3,93030,BUCU,927060,21,93021,22,3,3,RO315
2,179793,BUEŞTI,,21,216,3,3,3,RO315
3,92818,BUEŞTI,927012,21,179793,22,3,3,RO315
2,100709,CIOCÂRLIA,,21,216,3,3,3,RO315
3,100718,CIOCÂRLIA,927070,21,100709,22,3,3,RO315
3,100727,COTORCA,927071,21,100709,23,3,3,RO315
2,93101,CIOCHINA,,21,216,3,3,3,RO315
3,93110,CIOCHINA,927075,21,93101,22,3,3,RO315
3,93129,BORDUŞELU,927076,21,93101,23,3,3,RO315
3,93138,OREZU,927077,21,93101,23,3,3,RO315
3,93147,PIERSICA,927078,21,93101,23,3,3,RO315
2,93156,CIULNIŢA,,21,216,3,3,3,RO315
3,93165,CIULNIŢA,927080,21,93156,22,3,3,RO315
3,93174,ION GHICA,927081,21,93156,23,3,3,RO315
3,93183,IVĂNEŞTI,927082,21,93156,23,3,3,RO315
3,93192,POIANA,927083,21,93156,23,3,3,RO315
2,93209,COCORA,,21,216,3,3,3,RO315
3,93218,COCORA,927085,21,93209,22,3,3,RO315
2,179971,COLELIA,,21,216,3,3,3,RO315
3,93227,COLELIA,927086,21,179971,22,3,3,RO315
2,93236,COSÂMBEŞTI,,21,216,3,3,3,RO315
3,93245,COSÂMBEŞTI,927090,21,93236,22,3,3,RO315
3,93254,GIMBĂŞANI,927091,21,93236,23,3,3,RO315
2,102240,COŞERENI,,21,216,3,3,3,RO315
3,102259,COŞERENI,927095,21,102240,22,3,3,RO315
2,102641,DRĂGOEŞTI,,21,216,3,3,3,RO315
3,102650,DRĂGOEŞTI,927100,21,102641,22,3,3,RO315
3,102669,CHIROIU-PAMÂNTENI,927101,21,102641,23,3,3,RO315
3,102678,CHIROIU-SATU NOU,927102,21,102641,23,3,3,RO315
3,102687,CHIROIU-UNGURENI,927103,21,102641,23,3,3,RO315
3,102696,VALEA BISERICII,927104,21,102641,23,3,3,RO315
2,102703,DRIDU,,21,216,3,3,3,RO315
3,102712,DRIDU,927105,21,102703,22,3,3,RO315
3,102721,DRIDU-SNAGOV,927106,21,102703,23,3,3,RO315
2,93575,FĂCĂENI,,21,216,3,3,3,RO315
3,93584,FĂCĂENI,927110,21,93575,22,3,3,RO315
3,93593,PROGRESU,927111,21,93575,23,3,3,RO315
2,103283,GÂRBOVI,,21,216,3,3,3,RO315
3,103292,GÂRBOVI,927120,21,103283,22,3,3,RO315
2,93600,GHEORGHE DOJA,,21,216,3,3,3,RO315
3,93619,GHEORGHE DOJA,927125,21,93600,22,3,3,RO315
2,93628,GHEORGHE LAZĂR,,21,216,3,3,3,RO315
3,93637,GHEORGHE LAZĂR,927130,21,93628,22,3,3,RO315
2,93646,GIURGENI,,21,216,3,3,3,RO315
3,93655,GIURGENI,927135,21,93646,22,3,3,RO315
2,93717,GRINDU,,21,216,3,3,3,RO315
3,93726,GRINDU,927140,21,93717,22,3,3,RO315
2,93735,GRIVIŢA,,21,216,3,3,3,RO315
3,93744,GRIVIŢA,927145,21,93735,22,3,3,RO315
3,93753,SMIRNA,927146,21,93735,23,3,3,RO315
2,180046,GURA IALOMIŢEI,,21,216,3,3,3,RO315
3,94018,GURA IALOMIŢEI,927166,21,180046,22,3,3,RO315
3,94036,LUCIU,927168,21,180046,23,3,3,RO315
2,103862,ION ROATĂ,,21,216,3,3,3,RO315
3,103871,ION ROATĂ,927150,21,103862,22,3,3,RO315
3,103880,BROŞTENI,927151,21,103862,23,3,3,RO315
2,103960,JILAVELE,,21,216,3,3,3,RO315
3,103979,JILAVELE,927155,21,103960,22,3,3,RO315
3,103988,SLĂTIOARELE,927156,21,103960,23,3,3,RO315
2,179800,MAIA,,21,216,3,3,3,RO315
3,101261,MAIA,927056,21,179800,22,3,3,RO315
2,100736,MANASIA,,21,216,3,3,3,RO315
3,100745,MANASIA,927160,21,100736,22,3,3,RO315
2,179980,MĂRCULEŞTI,,21,216,3,3,3,RO315
3,93263,MĂRCULEŞTI,927092,21,179980,22,3,3,RO315
2,93995,MIHAIL KOGĂLNICEANU,,21,216,3,3,3,RO315
3,94009,MIHAIL KOGĂLNICEANU,927165,21,93995,22,3,3,RO315
3,94027,HAGIENI,927167,21,93995,23,3,3,RO315
2,94045,MILOŞEŞTI,,21,216,3,3,3,RO315
3,94054,MILOŞEŞTI,927170,21,94045,22,3,3,RO315
3,94063,NICOLEŞTI,927171,21,94045,23,3,3,RO315
3,94072,TOVĂRĂŞIA,927172,21,94045,23,3,3,RO315
2,179999,MOLDOVENI,,21,216,3,3,3,RO315
3,102730,MOLDOVENI,927107,21,179999,22,3,3,RO315
2,94081,MOVILA,,21,216,3,3,3,RO315
3,94090,MOVILA,927175,21,94081,22,3,3,RO315
2,104270,MOVILIŢA,,21,216,3,3,3,RO315
3,104289,MOVILIŢA,927180,21,104270,22,3,3,RO315
3,104298,BIŢINA-PĂMÂNTENI,927181,21,104270,23,3,3,RO315
3,104305,BIŢINA-UNGURENI,927182,21,104270,23,3,3,RO315
2,94107,MUNTENI-BUZĂU,,21,216,3,3,3,RO315
3,94116,MUNTENI-BUZĂU,927185,21,94107,22,3,3,RO315
2,179819,OGRADA,,21,216,3,3,3,RO315
3,93058,OGRADA,927061,21,179819,22,3,3,RO315
2,94161,PERIEŢI,,21,216,3,3,3,RO315
3,94170,PERIEŢI,927190,21,94161,22,3,3,RO315
3,94189,FUNDATA,927191,21,94161,23,3,3,RO315
3,94198,MISLEANU,927192,21,94161,23,3,3,RO315
3,94205,PĂLTINIŞU,927193,21,94161,23,3,3,RO315
3,94214,STEJARU,927194,21,94161,23,3,3,RO315
2,180000,PLATONEŞTI,,21,216,3,3,3,RO315
3,94410,PLATONEŞTI,927208,21,180000,22,3,3,RO315
3,94401,LĂCUSTENI,927207,21,180000,23,3,3,RO315
2,101243,RĂDULEŞTI,,21,216,3,3,3,RO315
3,101252,BRAZII,927055,21,101243,22,3,3,RO315
3,101270,MOVILEANCA,927057,21,101243,23,3,3,RO315
3,101289,RĂSIMNICEA,927058,21,101243,23,3,3,RO315
2,94269,REVIGA,,21,216,3,3,3,RO315
3,94278,REVIGA,927195,21,94269,22,3,3,RO315
3,94287,CRUNŢI,927196,21,94269,23,3,3,RO315
3,94296,MIRCEA CEL BĂTRÂN,927197,21,94269,23,3,3,RO315
3,94303,ROVINE,927198,21,94269,23,3,3,RO315
2,179828,ROŞIORI,,21,216,3,3,3,RO315
3,104314,ROŞIORI,927183,21,179828,22,3,3,RO315
2,94330,SĂLCIOARA,,21,216,3,3,3,RO315
3,94349,SĂLCIOARA,927200,21,94330,22,3,3,RO315
3,94367,RAŞI,927201,21,94330,23,3,3,RO315
2,180019,SĂRĂŢENI,,21,216,3,3,3,RO315
3,92952,SĂRĂŢENI,927044,21,180019,22,3,3,RO315
2,94376,SĂVENI,,21,216,3,3,3,RO315
3,94385,SĂVENI,927205,21,94376,22,3,3,RO315
3,94394,FRĂŢILEŞTI,927206,21,94376,23,3,3,RO315
2,94429,SCÂNTEIA,,21,216,3,3,3,RO315
3,94438,SCÂNTEIA,927210,21,94429,22,3,3,RO315
3,94447,IAZU,927211,21,94429,23,3,3,RO315
2,94456,SFÂNTU GHEORGHE,,21,216,3,3,3,RO315
3,94465,SFÂNTU GHEORGHE,927215,21,94456,22,3,3,RO315
3,94474,BUTOIU,927216,21,94456,23,3,3,RO315
3,94483,MALU,927217,21,94456,23,3,3,RO315
2,105026,SINEŞTI,,21,216,3,3,3,RO315
3,105035,SINEŞTI,927220,21,105026,22,3,3,RO315
3,105044,BOTENI,927221,21,105026,23,3,3,RO315
3,105053,CĂTRUNEŞTI,927222,21,105026,23,3,3,RO315
3,105062,HAGIEŞTI,927223,21,105026,23,3,3,RO315
3,105071,LILIECI,927224,21,105026,23,3,3,RO315
3,105080,LIVEDEA,927226,21,105026,23,3,3,RO315
2,94492,STELNICA,,21,216,3,3,3,RO315
3,94508,STELNICA,927230,21,94492,22,3,3,RO315
3,94517,MALTEZI,927231,21,94492,23,3,3,RO315
3,94526,RETEZATU,927232,21,94492,23,3,3,RO315
2,94535,SUDIŢI,,21,216,3,3,3,RO315
3,94544,SUDIŢI,927235,21,94535,22,3,3,RO315
3,94553,GURA VĂII,927236,21,94535,23,3,3,RO315
2,179702,TRAIAN,,21,216,3,3,3,RO315
3,93762,TRAIAN,927147,21,179702,22,3,3,RO315
2,94688,VALEA CIORII,,21,216,3,3,3,RO315
3,94697,VALEA CIORII,927240,21,94688,22,3,3,RO315
3,94704,BUCŞA,927241,21,94688,23,3,3,RO315
3,94713,DUMITREŞTI,927242,21,94688,23,3,3,RO315
3,94722,MURGEANCA,927243,21,94688,23,3,3,RO315
2,105794,VALEA MĂCRIŞULUI,,21,216,3,3,3,RO315
3,105801,VALEA MĂCRIŞULUI,927245,21,105794,22,3,3,RO315
3,105810,GRINDAŞI,927246,21,105794,23,3,3,RO315
2,94795,VLĂDENI,,21,216,3,3,3,RO315
3,94802,VLĂDENI,927250,21,94795,22,3,3,RO315
1,225,JUDEŢUL IAŞI,,22,1,40,0,1,
2,95060,MUNICIPIUL IAŞI,,22,225,1,1,1,
3,95079,IAŞI,700020,22,95060,9,1,1,
2,95391,MUNICIPIUL PAŞCANI,,22,225,4,1,1,
3,95408,PAŞCANI,705200,22,95391,9,1,1,
3,95417,BLĂGEŞTI,705201,22,95391,10,1,1,
3,95426,BOŞTENI,705202,22,95391,10,1,1,
3,95435,GÂŞTEŞTI,705203,22,95391,10,1,1,
3,95444,LUNCA,705204,22,95391,10,1,1,
3,95453,SODOMENI,705205,22,95391,10,1,1,
2,95355,ORAŞ HÂRLĂU,,22,225,2,1,1,
3,95364,HÂRLĂU,705100,22,95355,17,1,1,
3,95373,PÂRCOVACI,705101,22,95355,19,1,1,
2,98373,ORAŞ PODU ILOAIEI,,22,225,2,1,1,
3,98382,PODU ILOAIEI,707365,22,98373,17,1,1,
3,98391,BUDĂI,707366,22,98373,18,1,1,
3,98408,COSIŢENI,707367,22,98373,19,1,1,
3,98417,HOLM,707368,22,98373,19,1,1,
3,98426,SCOBÂLŢENI,707369,22,98373,19,1,1,
2,95471,ORAŞ TÂRGU FRUMOS,,22,225,2,1,1,
3,95480,TÂRGU FRUMOS,705300,22,95471,17,1,1,
2,95612,ALEXANDRU I.CUZA,,22,225,3,3,1,
3,95621,ALEXANDRU I.CUZA,707005,22,95612,22,3,1,
3,95630,KOGĂLNICENI,707006,22,95612,23,3,1,
3,95649,SCHEIA,707007,22,95612,23,3,1,
3,95658,VOLINTIREŞTI,707008,22,95612,23,3,1,
2,95667,ANDRIEŞENI,,22,225,3,3,1,
3,95676,ANDRIEŞENI,707010,22,95667,22,3,1,
3,95685,BUHĂENI,707011,22,95667,23,3,1,
3,95694,DRĂGĂNEŞTI,707012,22,95667,23,3,1,RO213
3,95701,FÂNTÂNELE,707013,22,95667,23,3,1,RO213
3,95710,GLĂVĂNEŞTI,707014,22,95667,23,3,1,RO213
3,95729,IEPURENI,707016,22,95667,23,3,1,RO213
3,95738,SPINENI,707017,22,95667,23,3,1,RO213
2,95747,ARONEANU,,22,225,3,3,1,RO213
3,95756,ARONEANU,707020,22,95747,22,3,1,RO213
3,95765,DOROBANŢ,707021,22,95747,23,3,1,RO213
3,95774,REDIU ALDEI,707022,22,95747,23,3,1,RO213
3,95783,ŞOROGANI,707023,22,95747,23,3,1,RO213
2,100273,BALŞ,,22,225,3,3,1,RO213
3,95505,BALŞ,705301,22,100273,22,3,1,RO213
3,95514,BOURENI,705302,22,100273,23,3,1,RO213
3,95532,COASTA MĂGURII,705304,22,100273,23,3,1,RO213
2,95792,BĂLŢAŢI,,22,225,3,3,1,RO213
3,95809,BĂLŢAŢI,707025,22,95792,22,3,1,RO213
3,95818,COTÂRGACI,707026,22,95792,23,3,1,RO213
3,95827,FILIAŞI,707027,22,95792,23,3,1,RO213
3,95836,MĂDÂRJEŞTI,707028,22,95792,23,3,1,RO213
3,95845,PODIŞU,707029,22,95792,23,3,1,RO213
3,95854,SÂRCA,707031,22,95792,23,3,1,RO213
3,95863,VALEA OILOR,707032,22,95792,23,3,1,RO213
2,95088,BÂRNOVA,,22,225,3,3,1,RO213
3,95097,BÂRNOVA,707035,22,95088,22,3,1,RO213
3,95104,CERCU,707036,22,95088,23,3,1,RO213
3,95113,PĂUN,707037,22,95088,23,3,1,RO213
3,95122,PIETRĂRIA,707038,22,95088,23,3,1,RO213
3,95131,TODIREL,707039,22,95088,23,3,1,RO213
3,95140,VIŞAN,707041,22,95088,23,3,1,RO213
2,95872,BELCEŞTI,,22,225,3,3,1,RO213
3,95881,BELCEŞTI,707045,22,95872,22,3,1,RO213
3,95890,LITENI,707046,22,95872,23,3,1,RO213
3,95907,MUNTENI,707047,22,95872,23,3,1,RO213
3,95916,SATU NOU,707048,22,95872,23,3,1,RO213
3,95925,TANSA,707049,22,95872,23,3,1,RO213
3,95934,ULMI,707051,22,95872,23,3,1,RO213
2,95943,BIVOLARI,,22,225,3,3,1,RO213
3,95952,BIVOLARI,707055,22,95943,22,3,1,RO213
3,95961,BURUIENEŞTI,707056,22,95943,23,3,1,RO213
3,95970,SOLONEŢ,707057,22,95943,23,3,1,RO213
3,95989,TABĂRA,707058,22,95943,23,3,1,RO213
3,95998,TRAIAN,707059,22,95943,23,3,1,RO213
2,96058,BRĂEŞTI,,22,225,3,3,1,RO213
3,96067,BRĂEŞTI,707060,22,96058,22,3,1,RO213
3,96076,ALBEŞTI,707061,22,96058,23,3,1,RO213
3,96085,BUDA,707062,22,96058,23,3,1,RO213
3,96094,CRISTEŞTI,707063,22,96058,23,3,1,RO213
3,96101,REDIU,707064,22,96058,23,3,1,RO213
2,96110,BUTEA,,22,225,3,3,1,RO213
3,96129,BUTEA,707065,22,96110,22,3,1,RO213
3,96138,MICLĂUŞENI,707066,22,96110,23,3,1,RO213
2,96147,CEPLENIŢA,,22,225,3,3,1,RO213
3,96156,CEPLENIŢA,707070,22,96147,22,3,1,RO213
3,96165,BUHALNIŢA,707071,22,96147,23,3,1,RO213
3,96174,POIANA MĂRULUI,707072,22,96147,23,3,1,RO213
3,96183,ZLODICA,707073,22,96147,23,3,1,RO213
2,100362,CIOHORĂNI,,22,225,3,3,1,RO213
3,98079,CIOHORĂNI,707326,22,100362,22,3,1,RO213
2,96192,CIORTEŞTI,,22,225,3,3,1,RO213
3,96209,CIORTEŞTI,707075,22,96192,22,3,1,RO213
3,96218,COROPCENI,707076,22,96192,23,3,1,RO213
3,96227,DELENI,707077,22,96192,23,3,1,RO213
3,96236,ROTĂRIA,707078,22,96192,23,3,1,RO213
3,96245,ŞERBEŞTI,707079,22,96192,23,3,1,RO213
2,96254,CIUREA,,22,225,3,3,1,RO213
3,96263,CIUREA,707080,22,96254,22,3,1,RO213
3,96272,CURĂTURI,707081,22,96254,23,3,1,RO213
3,96281,DUMBRAVA,707082,22,96254,23,3,1,RO213
3,96290,HLINCEA,707083,22,96254,23,3,1,RO213
3,96307,LUNCA CETĂŢUII,707085,22,96254,23,3,1,RO213
3,96316,PICIORU LUPULUI,707084,22,96254,23,3,1,RO213
3,96325,SLOBOZIA,707086,22,96254,23,3,1,RO213
2,96334,COARNELE CAPREI,,22,225,3,3,1,RO213
3,96343,COARNELE CAPREI,707100,22,96334,22,3,1,RO213
3,96352,ARAMA,707101,22,96334,23,3,1,RO213
3,96361,PETROŞICA,707102,22,96334,23,3,1,RO213
2,96370,COMARNA,,22,225,3,3,1,RO213
3,96389,OSOI,707110,22,96370,22,3,1,RO213
3,96398,COMARNA,707105,22,96370,23,3,1,RO213
3,96405,CURAGĂU,707106,22,96370,23,3,1,RO213
3,96414,STÂNCA,707107,22,96370,23,3,1,RO213
2,100282,COSTEŞTI,,22,225,3,3,1,RO213
3,95541,COSTEŞTI,705305,22,100282,22,3,1,RO213
3,95578,GIURGEŞTI,705308,22,100282,23,3,1,RO213
2,96423,COSTULENI,,22,225,3,3,1,RO213
3,96432,COSTULENI,707115,22,96423,22,3,1,RO213
3,96441,COVASNA,707116,22,96423,23,3,1,RO213
3,96450,COZIA,707117,22,96423,23,3,1,RO213
3,96469,HILIŢA,707118,22,96423,23,3,1,RO213
2,96478,COTNARI,,22,225,3,3,1,RO213
3,96487,COTNARI,707120,22,96478,22,3,1,RO213
3,96496,BAHLUIU,707121,22,96478,23,3,1,RO213
3,96511,CÂRJOAIA,707122,22,96478,23,3,1,RO213
3,96502,CIREŞENI,707123,22,96478,23,3,1,RO213
3,96520,FĂGĂT,707124,22,96478,23,3,1,RO213
3,96539,HODORA,707126,22,96478,23,3,1,RO213
3,96548,HORODIŞTEA,707127,22,96478,23,3,1,RO213
3,96557,IOSUPENI,707128,22,96478,23,3,1,RO213
3,96566,LUPĂRIA,707129,22,96478,23,3,1,RO213
3,96575,VALEA RACULUI,707131,22,96478,23,3,1,RO213
3,96584,ZBERENI,707132,22,96478,23,3,1,RO213
2,96593,COZMEŞTI,,22,225,3,3,1,RO213
3,96600,COZMEŞTI,707140,22,96593,22,3,1,RO213
3,96619,PODOLENII DE JOS,707141,22,96593,23,3,1,RO213
3,96628,PODOLENII DE SUS,707142,22,96593,23,3,1,RO213
2,96637,CRISTEŞTI,,22,225,3,3,1,RO213
3,96646,CRISTEŞTI,707145,22,96637,22,3,1,RO213
3,96655,HOMIŢA,707146,22,96637,23,3,1,RO213
2,96664,CUCUTENI,,22,225,3,3,1,RO213
3,96673,CUCUTENI,707150,22,96664,22,3,1,RO213
3,96682,BĂICENI,707151,22,96664,23,3,1,RO213
3,96691,BĂRBĂTEŞTI,707152,22,96664,23,3,1,RO213
3,96708,SĂCĂREŞTI,707153,22,96664,23,3,1,RO213
2,96717,DAGÂŢA,,22,225,3,3,1,RO213
3,96726,DAGÂŢA,707155,22,96717,22,3,1,RO213
3,96735,BĂLUŞEŞTI,707156,22,96717,23,3,1,RO213
3,96744,BOATCA,707157,22,96717,23,3,1,RO213
3,96753,BUZDUG,707158,22,96717,23,3,1,RO213
3,96762,MĂNĂSTIREA,707159,22,96717,23,3,1,RO213
3,96771,PISCU RUSULUI,707161,22,96717,23,3,1,RO213
3,96780,POIENILE,707162,22,96717,23,3,1,RO213
3,96799,TARNIŢA,707163,22,96717,23,3,1,RO213
3,96806,ZECE PRĂJINI,707164,22,96717,23,3,1,RO213
2,96815,DELENI,,22,225,3,3,1,RO213
3,96824,DELENI,707165,22,96815,22,3,1,RO213
3,96833,FEREDENI,707166,22,96815,23,3,1,RO213
3,96842,LEAHU-NACU,707167,22,96815,23,3,1,RO213
3,96851,MAXUT,707168,22,96815,23,3,1,RO213
3,96860,POIANA,707169,22,96815,23,3,1,RO213
3,96879,SLOBOZIA,707171,22,96815,23,3,1,RO213
2,96888,DOBROVĂŢ,,22,225,3,3,1,RO213
3,96897,DOBROVĂŢ,707175,22,96888,22,3,1,RO213
2,96904,DOLHEŞTI,,22,225,3,3,1,RO213
3,96913,DOLHEŞTI,707180,22,96904,22,3,1,RO213
3,96922,BRĂDICEŞTI,707181,22,96904,23,3,1,RO213
3,96931,PIETRIŞ,707182,22,96904,23,3,1,RO213
2,100308,DRĂGUŞENI,,22,225,3,3,1,RO213
3,99334,DRĂGUŞENI,707478,22,100308,22,3,1,RO213
3,99343,FRENCIUGI,707479,22,100308,23,3,1,RO213
2,96940,DUMEŞTI,,22,225,3,3,1,RO213
3,96959,DUMEŞTI,707185,22,96940,22,3,1,RO213
3,96968,BANU,707186,22,96940,23,3,1,RO213
3,96977,CHILIŞOAIA,707187,22,96940,23,3,1,RO213
3,96986,HOISEŞTI,707188,22,96940,23,3,1,RO213
3,96995,PĂUŞEŞTI,707189,22,96940,23,3,1,RO213
2,97009,ERBICENI,,22,225,3,3,1,RO213
3,97018,ERBICENI,707190,22,97009,22,3,1,RO213
3,97027,BÂRLEŞTI,707191,22,97009,23,3,1,RO213
3,97036,SPINOASA,707192,22,97009,23,3,1,RO213
3,97045,SPRÂNCEANA,707193,22,97009,23,3,1,RO213
3,97054,TOTOEŞTI,707194,22,97009,23,3,1,RO213
2,100317,FÂNTÂNELE,,22,225,3,3,1,RO213
3,97081,FÂNTÂNELE,707196,22,100317,22,3,1,RO213
2,97063,FOCURI,,22,225,3,3,1,RO213
3,97072,FOCURI,707195,22,97063,22,3,1,RO213
2,97090,GOLĂIEŞTI,,22,225,3,3,1,RO213
3,97107,GOLĂIEŞTI,707200,22,97090,22,3,1,RO213
3,97116,BRAN,707201,22,97090,23,3,1,RO213
3,97125,CILIBIU,707202,22,97090,23,3,1,RO213
3,97134,COTU LUI IVAN,707203,22,97090,23,3,1,RO213
3,97143,GRĂDINARI,707204,22,97090,23,3,1,RO213
3,97152,MEDELENI,707206,22,97090,23,3,1,RO213
3,97161,PETREŞTI,707207,22,97090,23,3,1,RO213
3,97170,PODU JIJIEI,707208,22,97090,23,3,1,RO213
2,97189,GORBAN,,22,225,3,3,1,RO213
3,97198,GORBAN,707210,22,97189,22,3,1,RO213
3,97205,GURA BOHOTIN,707211,22,97189,23,3,1,RO213
3,97214,PODU HAGIULUI,707212,22,97189,23,3,1,RO213
3,97223,SCOPOSENI,707213,22,97189,23,3,1,RO213
3,97232,ZBEROAIA,707214,22,97189,23,3,1,RO213
2,97241,GRAJDURI,,22,225,3,3,1,RO213
3,97250,GRAJDURI,707215,22,97241,22,3,1,RO213
3,97269,CĂRBUNARI,707216,22,97241,23,3,1,RO213
3,97278,CORCODEL,707217,22,97241,23,3,1,RO213
3,97287,LUNCA,707218,22,97241,23,3,1,RO213
3,97296,PĂDURENI,707219,22,97241,23,3,1,RO213
3,97303,POIANA CU CETATE,707221,22,97241,23,3,1,RO213
3,97312,VALEA SATULUI,707222,22,97241,23,3,1,RO213
2,97321,GROPNIŢA,,22,225,3,3,1,RO213
3,97330,GROPNIŢA,707225,22,97321,22,3,1,RO213
3,97349,BULBUCANI,707226,22,97321,23,3,1,RO213
3,97358,FORĂŞTI,707227,22,97321,23,3,1,RO213
3,97367,MĂLĂEŞTI,707228,22,97321,23,3,1,RO213
3,97376,SĂVENI,707229,22,97321,23,3,1,RO213
3,97385,SÂNGERI,707231,22,97321,23,3,1,RO213
2,97394,GROZEŞTI,,22,225,3,3,1,RO213
3,97401,GROZEŞTI,707235,22,97394,22,3,1,RO213
3,97410,COLŢU CORNII,707236,22,97394,23,3,1,RO213
3,97429,SĂLĂGENI,707237,22,97394,23,3,1,RO213
2,97438,HĂLĂUCEŞTI,,22,225,3,3,1,RO213
3,97447,HĂLĂUCEŞTI,707240,22,97438,22,3,1,RO213
3,97456,LUNCAŞI,707241,22,97438,23,3,1,RO213
2,100326,HĂRMĂNEŞTI,,22,225,3,3,1,RO213
3,99584,HĂRMĂNEŞTII VECHI,707509,22,100326,22,3,1,RO213
3,99566,BOLDEŞTI,707507,22,100326,23,3,1,RO213
3,99575,HĂRMĂNEŞTII NOI,707508,22,100326,23,3,1,RO213
2,97465,HELEŞTENI,,22,225,3,3,1,RO213
3,97474,HELEŞTENI,707245,22,97465,22,3,1,RO213
3,97483,HĂRMĂNEASA,707246,22,97465,23,3,1,RO213
3,97492,MOVILENI,707247,22,97465,23,3,1,RO213
3,97508,OBOROCENI,707248,22,97465,23,3,1,RO213
2,95159,HOLBOCA,,22,225,3,3,1,RO213
3,95168,HOLBOCA,707250,22,95159,22,3,1,RO213
3,95177,CRISTEŞTI,707251,22,95159,23,3,1,RO213
3,95186,DANCU,707252,22,95159,23,3,1,RO213
3,95195,ORZENI,707253,22,95159,23,3,1,RO213
3,95202,RUSENII NOI,707254,22,95159,23,3,1,RO213
3,95211,RUSENII VECHI,707256,22,95159,23,3,1,RO213
3,95220,VALEA LUNGĂ,707257,22,95159,23,3,1,RO213
2,97517,HORLEŞTI,,22,225,3,3,1,RO213
3,97526,HORLEŞTI,707260,22,97517,22,3,1,RO213
3,97535,BOGDĂNEŞTI,707261,22,97517,23,3,1,RO213
3,97544,SCOPOSENI,707262,22,97517,23,3,1,RO213
2,95499,ION NECULCE,,22,225,3,3,1,RO213
3,95523,BUZNEA,705303,22,95499,22,3,1,RO213
3,95550,DĂDEŞTI,705306,22,95499,23,3,1,RO213
3,95569,GĂNEŞTI,705307,22,95499,23,3,1,RO213
3,95587,ION NECULCE,705309,22,95499,23,3,1,RO213
3,95596,PRIGORENI,705310,22,95499,23,3,1,RO213
3,95603,RĂZBOIENI,705311,22,95499,23,3,1,RO213
2,97553,IPATELE,,22,225,3,3,1,RO213
3,97562,IPATELE,707265,22,97553,22,3,1,RO213
3,97571,ALEXEŞTI,707266,22,97553,23,3,1,RO213
3,97580,BÂCU,707267,22,97553,23,3,1,RO213
3,97599,CUZA VODĂ,707268,22,97553,23,3,1,RO213
2,97606,LESPEZI,,22,225,3,3,1,RO213
3,97615,LESPEZI,707270,22,97606,22,3,1,RO213
3,97624,BUDA,707271,22,97606,23,3,1,RO213
3,97633,BURSUC-DEAL,707272,22,97606,23,3,1,RO213
3,97642,BURSUC-VALE,707273,22,97606,23,3,1,RO213
3,97651,DUMBRAVA,707274,22,97606,23,3,1,RO213
3,97660,HECI,707276,22,97606,23,3,1,RO213
2,97679,LEŢCANI,,22,225,3,3,1,RO213
3,97688,LEŢCANI,707280,22,97679,22,3,1,RO213
3,97697,BOGONOS,707281,22,97679,23,3,1,RO213
3,97704,COGEASCA,707282,22,97679,23,3,1,RO213
3,97713,CUCUTENI,707283,22,97679,23,3,1,RO213
2,97722,LUNGANI,,22,225,3,3,1,RO213
3,97731,LUNGANI,707285,22,97722,22,3,1,RO213
3,97740,CRUCEA,707286,22,97722,23,3,1,RO213
3,97759,GOEŞTI,707287,22,97722,23,3,1,RO213
3,97768,ZMEU,707288,22,97722,23,3,1,RO213
2,97777,MĂDÂRJAC,,22,225,3,3,1,RO213
3,97786,MĂDÂRJAC,707290,22,97777,22,3,1,RO213
3,97795,BOJILA,707291,22,97777,23,3,1,RO213
3,97802,FRUMUŞICA,707292,22,97777,23,3,1,RO213
2,97811,MIRCEŞTI,,22,225,3,3,1,RO213
3,97820,MIRCEŞTI,707295,22,97811,22,3,1,RO213
3,97839,IUGANI,707296,22,97811,23,3,1,RO213
2,97875,MIRONEASA,,22,225,3,3,1,RO213
3,97884,MIRONEASA,707300,22,97875,22,3,1,RO213
3,97893,SCHITU HADÂMBULUI,707301,22,97875,23,3,1,RO213
3,97900,URŞIŢA,707302,22,97875,23,3,1,RO213
2,97919,MIROSLAVA,,22,225,3,3,1,RO213
3,97928,MIROSLAVA,707305,22,97919,22,3,1,RO213
3,97937,BALCIU,707306,22,97919,23,3,1,RO213
3,97946,BRĂTULENI,707307,22,97919,23,3,1,RO213
3,97955,CIURBEŞTI,707308,22,97919,23,3,1,RO213
3,97964,CORNEŞTI,707309,22,97919,23,3,1,RO213
3,97973,DANCAŞ,707311,22,97919,23,3,1,RO213
3,97982,GĂURENI,707312,22,97919,23,3,1,RO213
3,97991,HORPAZ,707313,22,97919,23,3,1,RO213
3,98006,PROSELNICI,707314,22,97919,23,3,1,RO213
3,98015,URICANI,707316,22,97919,23,3,1,RO213
3,98024,VALEA ADÂNCĂ,707317,22,97919,23,3,1,RO213
3,98033,VALEA URSULUI,707318,22,97919,23,3,1,RO213
3,98042,VOROVEŞTI,707319,22,97919,23,3,1,RO213
2,98051,MIROSLOVEŞTI,,22,225,3,3,1,RO213
3,98060,MIROSLOVEŞTI,707325,22,98051,22,3,1,RO213
3,98088,MITEŞTI,707327,22,98051,23,3,1,RO213
3,98097,SOCI,707328,22,98051,23,3,1,RO213
3,98104,VERŞENI,707329,22,98051,23,3,1,RO213
2,98113,MOGOŞEŞTI,,22,225,3,3,1,RO213
3,98122,MOGOŞEŞTI,707330,22,98113,22,3,1,RO213
3,98131,BUDEŞTI,707331,22,98113,23,3,1,RO213
3,98140,HADÂMBU,707332,22,98113,23,3,1,RO213
3,98159,MÂNJEŞTI,707333,22,98113,23,3,1,RO213
2,98168,MOGOŞEŞTI-SIRET,,22,225,3,3,1,RO213
3,98177,MOGOŞEŞTI-SIRET,707335,22,98168,22,3,1,RO213
3,98186,MUNCELU DE SUS,707336,22,98168,23,3,1,RO213
3,98195,TUDOR VLADIMIRESCU,707337,22,98168,23,3,1,RO213
2,98202,MOŞNA,,22,225,3,3,1,RO213
3,98211,MOŞNA,707340,22,98202,22,3,1,RO213
2,98220,MOŢCA,,22,225,3,3,1,RO213
3,98239,MOŢCA,707345,22,98220,22,3,1,RO213
3,98248,BOURENI,707346,22,98220,23,3,1,RO213
2,98257,MOVILENI,,22,225,3,3,1,RO213
3,98266,MOVILENI,707350,22,98257,22,3,1,RO213
3,98275,IEPURENI,707351,22,98257,23,3,1,RO213
3,98284,LARGA-JIJIA,707352,22,98257,23,3,1,RO213
3,98293,POTÂNGENI,707353,22,98257,23,3,1,RO213
2,98300,OŢELENI,,22,225,3,3,1,RO213
3,98319,OŢELENI,707355,22,98300,22,3,1,RO213
3,98328,HÂNDREŞTI,707356,22,98300,23,3,1,RO213
2,98337,PLUGARI,,22,225,3,3,1,RO213
3,98346,PLUGARI,707360,22,98337,22,3,1,RO213
3,98355,BOROSOAIA,707361,22,98337,23,3,1,RO213
3,98364,ONEŞTI,707362,22,98337,23,3,1,RO213
2,98435,POPEŞTI,,22,225,3,3,1,RO213
3,98444,POPEŞTI,707370,22,98435,22,3,1,RO213
3,98453,DOROŞCANI,707371,22,98435,23,3,1,RO213
3,98462,HĂRPĂŞEŞTI,707372,22,98435,23,3,1,RO213
3,98471,OBRIJENI,707373,22,98435,23,3,1,RO213
3,98480,PĂDURENI,707374,22,98435,23,3,1,RO213
3,98499,VAMA,707376,22,98435,23,3,1,RO213
2,98505,POPRICANI,,22,225,3,3,1,RO213
3,98514,POPRICANI,707380,22,98505,22,3,1,RO213
3,98523,CÂRLIG,707381,22,98505,23,3,1,RO213
3,98532,COTU MORII,707382,22,98505,23,3,1,RO213
3,98541,CUZA VODĂ,707383,22,98505,23,3,1,RO213
3,98550,MOIMEŞTI,707384,22,98505,23,3,1,RO213
3,98569,REDIU MITROPOLIEI,707386,22,98505,23,3,1,RO213
3,98578,ŢIPILEŞTI,707387,22,98505,23,3,1,RO213
3,98587,VÂNĂTORI,707388,22,98505,23,3,1,RO213
3,98596,VULTURI,707389,22,98505,23,3,1,RO213
2,98603,PRISĂCANI,,22,225,3,3,1,RO213
3,98612,PRISĂCANI,707390,22,98603,22,3,1,RO213
3,98621,MĂCĂREŞTI,707391,22,98603,23,3,1,RO213
3,98630,MORENI,707392,22,98603,23,3,1,RO213
2,98649,PROBOTA,,22,225,3,3,1,RO213
3,98658,PROBOTA,707395,22,98649,22,3,1,RO213
3,98667,BĂLTENI,707396,22,98649,23,3,1,RO213
3,98676,PERIENI,707397,22,98649,23,3,1,RO213
2,100335,RĂCHITENI,,22,225,3,3,1,RO213
3,97857,RĂCHITENI,707298,22,100335,22,3,1,RO213
3,97848,IZVOARELE,707297,22,100335,23,3,1,RO213
3,97866,URSĂREŞTI,707299,22,100335,23,3,1,RO213
2,98685,RĂDUCĂNENI,,22,225,3,3,1,RO213
3,98694,RĂDUCĂNENI,707400,22,98685,22,3,1,RO213
3,98701,BOHOTIN,707401,22,98685,23,3,1,RO213
3,98710,ISAIIA,707402,22,98685,23,3,1,RO213
3,98729,ROŞU,707403,22,98685,23,3,1,RO213
2,95239,REDIU,,22,225,3,3,1,RO213
3,95248,REDIU,707405,22,95239,22,3,1,RO213
3,95257,BREAZU,707406,22,95239,23,3,1,RO213
3,95266,HORLEŞTI,707407,22,95239,23,3,1,RO213
3,95275,TĂUTEŞTI,707408,22,95239,23,3,1,RO213
2,98738,ROMÂNEŞTI,,22,225,3,3,1,RO213
3,98747,ROMÂNEŞTI,707415,22,98738,22,3,1,RO213
3,98756,AVÂNTU,707416,22,98738,23,3,1,RO213
3,98765,URSOAIA,707417,22,98738,23,3,1,RO213
2,100344,ROŞCANI,,22,225,3,3,1,RO213
3,99637,RĂDENI,707522,22,100344,22,3,1,RO213
3,99646,ROŞCANI,707523,22,100344,23,3,1,RO213
2,98774,RUGINOASA,,22,225,3,3,1,RO213
3,98783,RUGINOASA,707420,22,98774,22,3,1,RO213
3,98792,DUMBRĂVIŢA,707421,22,98774,23,3,1,RO213
3,98809,REDIU,707422,22,98774,23,3,1,RO213
3,98818,VASCANI,707423,22,98774,23,3,1,RO213
2,98916,SCÂNTEIA,,22,225,3,3,1,RO213
3,98925,SCÂNTEIA,707425,22,98916,22,3,1,RO213
3,98934,BODEŞTI,707426,22,98916,23,3,1,RO213
3,98943,BOROŞEŞTI,707427,22,98916,23,3,1,RO213
3,98952,CIOCÂRLEŞTI,707428,22,98916,23,3,1,RO213
3,98961,LUNCA RATEŞ,707429,22,98916,23,3,1,RO213
3,98970,REDIU,707431,22,98916,23,3,1,RO213
3,98989,TUFEŞTII DE SUS,707432,22,98916,23,3,1,RO213
2,98827,SCHITU DUCA,,22,225,3,3,1,RO213
3,98836,SCHITU DUCA,707435,22,98827,22,3,1,RO213
3,98845,BLAGA,707436,22,98827,23,3,1,RO213
3,98854,DUMITREŞTII GĂLĂŢII,707437,22,98827,23,3,1,RO213
3,98863,POCREACA,707438,22,98827,23,3,1,RO213
3,98881,POIANA,707439,22,98827,23,3,1,RO213
3,98872,POIENI,707441,22,98827,23,3,1,RO213
3,98890,SATU NOU,707442,22,98827,23,3,1,RO213
3,98907,SLOBOZIA,707443,22,98827,23,3,1,RO213
2,98998,SCOBINŢI,,22,225,3,3,1,RO213
3,99003,SCOBINŢI,707445,22,98998,22,3,1,RO213
3,99012,BĂDENI,707446,22,98998,23,3,1,RO213
3,99021,FETEŞTI,707447,22,98998,23,3,1,RO213
3,99030,STICLĂRIA,707448,22,98998,23,3,1,RO213
3,99049,ZAGAVIA,707449,22,98998,23,3,1,RO213
2,99058,SINEŞTI,,22,225,3,3,1,RO213
3,99067,SINEŞTI,707450,22,99058,22,3,1,RO213
3,99076,BOCNIŢA,707451,22,99058,23,3,1,RO213
3,99085,OSOI,707452,22,99058,23,3,1,RO213
3,99094,STORNEŞTI,707453,22,99058,23,3,1,RO213
2,99101,SIREŢEL,,22,225,3,3,1,RO213
3,99110,SIREŢEL,707455,22,99101,22,3,1,RO213
3,99129,BEREZLOGI,707456,22,99101,23,3,1,RO213
3,99138,HUMOSU,707457,22,99101,23,3,1,RO213
3,99147,SATU NOU,707458,22,99101,23,3,1,RO213
3,99156,SLOBOZIA,707459,22,99101,23,3,1,RO213
2,99165,STOLNICENI-PRĂJESCU,,22,225,3,3,1,RO213
3,99174,STOLNICENI-PRĂJESCU,707460,22,99165,22,3,1,RO213
3,99183,BRĂTEŞTI,707461,22,99165,23,3,1,RO213
3,99192,COZMEŞTI,707462,22,99165,23,3,1,RO213
2,99209,STRUNGA,,22,225,3,3,1,RO213
3,99218,STRUNGA,707465,22,99209,22,3,1,RO213
3,99227,BRĂTULEŞTI,707466,22,99209,23,3,1,RO213
3,99236,CRIVEŞTI,707467,22,99209,23,3,1,RO213
3,99245,CUCOVA,707468,22,99209,23,3,1,RO213
3,99254,FĂRCĂŞENI,707469,22,99209,23,3,1,RO213
3,99263,FEDELEŞENI,707471,22,99209,23,3,1,RO213
3,99272,GURA VĂII,707472,22,99209,23,3,1,RO213
3,99281,HĂBĂŞEŞTI,707473,22,99209,23,3,1,RO213
2,99290,ŞCHEIA,,22,225,3,3,1,RO213
3,99307,ŞCHEIA,707475,22,99290,22,3,1,RO213
3,99316,CĂUEŞTI,707476,22,99290,23,3,1,RO213
3,99325,CIOCA-BOCA,707477,22,99290,23,3,1,RO213
3,99352,POIANA ŞCHEII,707481,22,99290,23,3,1,RO213
3,99361,SATU NOU,707482,22,99290,23,3,1,RO213
2,99370,ŞIPOTE,,22,225,3,3,1,RO213
3,99389,ŞIPOTE,707485,22,99370,22,3,1,RO213
3,99398,CHIŞCĂRENI,707486,22,99370,23,3,1,RO213
3,99405,HĂLCENI,707487,22,99370,23,3,1,RO213
3,99414,IAZU NOU,707488,22,99370,23,3,1,RO213
3,99423,IAZU VECHI,707489,22,99370,23,3,1,RO213
3,99432,MITOC,707491,22,99370,23,3,1,RO213
2,99441,TANSA,,22,225,3,3,1,RO213
3,99450,TANSA,707495,22,99441,22,3,1,RO213
3,99469,SUHULEŢ,707496,22,99441,23,3,1,RO213
2,99478,TĂTĂRUŞI,,22,225,3,3,1,RO213
3,99487,TĂTĂRUŞI,707500,22,99478,22,3,1,RO213
3,99496,IORCANI,707501,22,99478,23,3,1,RO213
3,99502,PIETROSU,707502,22,99478,23,3,1,RO213
3,99511,UDA,707503,22,99478,23,3,1,RO213
3,99520,VÂLCICA,707504,22,99478,23,3,1,RO213
2,99539,TODIREŞTI,,22,225,3,3,1,RO213
3,99548,TODIREŞTI,707505,22,99539,22,3,1,RO213
3,99557,BĂICENI,707506,22,99539,23,3,1,RO213
3,99593,STROEŞTI,707511,22,99539,23,3,1,RO213
2,95293,TOMEŞTI,,22,225,3,3,1,RO213
3,95300,TOMEŞTI,707515,22,95293,22,3,1,RO213
3,95319,CHICEREA,707516,22,95293,23,3,1,RO213
3,95328,GORUNI,707517,22,95293,23,3,1,RO213
3,95337,VLĂDICENI,707518,22,95293,23,3,1,RO213
2,99600,TRIFEŞTI,,22,225,3,3,1,RO213
3,99619,TRIFEŞTI,707520,22,99600,22,3,1,RO213
3,99628,HERMEZIU,707521,22,99600,23,3,1,RO213
3,99655,VLADOMIRA,707524,22,99600,23,3,1,RO213
3,99664,ZABOLOTENI,707526,22,99600,23,3,1,RO213
2,99673,ŢIBANA,,22,225,3,3,1,RO213
3,99682,ŢIBANA,707530,22,99673,22,3,1,RO213
3,99691,ALEXENI,707531,22,99673,23,3,1,RO213
3,99708,DOMNIŢA,707532,22,99673,23,3,1,RO213
3,99717,GÂRBEŞTI,707533,22,99673,23,3,1,RO213
3,99726,MOARA CIORNEI,707534,22,99673,23,3,1,RO213
3,99735,OPROAIA,707536,22,99673,23,3,1,RO213
3,99744,POIANA DE SUS,707538,22,99673,23,3,1,RO213
3,99753,POIANA MĂNĂSTIRII,707537,22,99673,23,3,1,RO213
3,99762,RUNCU,707539,22,99673,23,3,1,RO213
3,99771,VADU VEJEI,707541,22,99673,23,3,1,RO213
2,99780,ŢIBĂNEŞTI,,22,225,3,3,1,RO213
3,99799,ŢIBĂNEŞTI,707545,22,99780,22,3,1,RO213
3,99806,GLODENII GÂNDULUI,707546,22,99780,23,3,1,RO213
3,99815,GRIEŞTI,707547,22,99780,23,3,1,RO213
3,99824,JIGORENI,707548,22,99780,23,3,1,RO213
3,99833,RĂSBOIENI,707549,22,99780,23,3,1,RO213
3,99842,RECEA,707551,22,99780,23,3,1,RO213
3,99851,TUNGUJEI,707552,22,99780,23,3,1,RO213
3,99860,VĂLENII,707553,22,99780,23,3,1,RO213
2,99879,ŢIGĂNĂŞI,,22,225,3,3,1,RO213
3,99888,ŢIGĂNĂŞI,707555,22,99879,22,3,1,RO213
3,99897,CÂRNICENI,707556,22,99879,23,3,1,RO213
3,99904,MIHAIL KOGĂLNICEANU,707557,22,99879,23,3,1,RO213
3,99913,STEJARII,707558,22,99879,23,3,1,RO213
2,99922,ŢUŢORA,,22,225,3,3,1,RO213
3,99931,ŢUŢORA,707560,22,99922,22,3,1,RO213
3,99940,CHIPEREŞTI,707561,22,99922,23,3,1,RO213
3,99959,OPRIŞENI,707562,22,99922,23,3,1,RO213
2,96003,UNGHENI,,22,225,3,3,1,RO213
3,96012,BOSIA,707566,22,96003,22,3,1,RO213
3,96021,COADA STÂNCII,707567,22,96003,23,3,1,RO213
3,96030,MÂNZĂTEŞTI,707568,22,96003,23,3,1,RO213
3,96049,UNGHENI,707565,22,96003,23,3,1,RO213
2,100353,VALEA LUPULUI,,22,225,3,3,1,RO213
3,95284,VALEA LUPULUI,707410,22,100353,22,3,1,RO213
2,99968,VALEA SEACĂ,,22,225,3,3,1,RO213
3,99977,VALEA SEACĂ,707570,22,99968,22,3,1,RO213
3,99986,CONŢEŞTI,707571,22,99968,23,3,1,RO213
3,99995,TOPILE,707572,22,99968,23,3,1,RO213
2,100086,VÂNĂTORI,,22,225,3,3,1,RO213
3,100095,VÂNĂTORI,707575,22,100086,22,3,1,RO213
3,100102,CRIVEŞTI,707576,22,100086,23,3,1,RO213
3,100111,GURA BÂDILIŢEI,707577,22,100086,23,3,1,RO213
3,100120,HÂRTOAPE,707578,22,100086,23,3,1,RO213
3,100139,VLĂDNICUŢ,707579,22,100086,23,3,1,RO213
2,100004,VICTORIA,,22,225,3,3,1,RO213
3,100013,VICTORIA,707580,22,100004,22,3,1,RO213
3,100022,FRĂSULENI,707581,22,100004,23,3,1,RO213
3,100031,ICUŞENI,707582,22,100004,23,3,1,RO213
3,100040,LUCENI,707583,22,100004,23,3,1,RO213
3,100059,SCULENI,707584,22,100004,23,3,1,RO213
3,100068,STÂNCA,707586,22,100004,23,3,1,RO213
3,100077,ŞENDRENI,707587,22,100004,23,3,1,RO213
2,100148,VLĂDENI,,22,225,3,3,1,RO213
3,100157,VLĂDENI,707590,22,100148,22,3,1,RO213
3,100166,ALEXANDRU CEL BUN,707591,22,100148,23,3,1,RO213
3,100175,BORŞA,707592,22,100148,23,3,1,RO213
3,100184,BROŞTENI,707593,22,100148,23,3,1,RO213
3,100193,IACOBENI,707594,22,100148,23,3,1,RO213
3,100200,VÂLCELELE,707596,22,100148,23,3,1,RO213
2,100219,VOINEŞTI,,22,225,3,3,1,RO213
3,100228,VOINEŞTI,707600,22,100219,22,3,1,RO213
3,100237,LUNGANI,707601,22,100219,23,3,1,RO213
3,100246,SCHITU STAVNIC,707602,22,100219,23,3,1,RO213
3,100255,SLOBOZIA,707603,22,100219,23,3,1,RO213
3,100264,VOCOTEŞTI,707604,22,100219,23,3,1,RO213
1,234,JUDEŢUL ILFOV,,23,1,40,0,8,RO322
2,179221,ORAŞ BRAGADIRU,,23,234,2,1,8,RO322
3,179230,BRAGADIRU,77025,23,179221,17,1,8,RO322
2,100576,ORAŞ BUFTEA,,23,234,2,1,8,RO322
3,100585,BUFTEA,70000,23,100576,17,1,8,RO322
3,100594,BUCIUMENI,70001,23,100576,19,1,8,RO322
2,179285,ORAŞ CHITILA,,23,234,2,1,8,RO322
3,179294,CHITILA,77045,23,179285,17,1,8,RO322
3,179301,RUDENI,77046,23,179285,18,1,8,RO322
2,179409,ORAŞ MĂGURELE,,23,234,2,1,8,RO322
3,179418,MĂGURELE,77125,23,179409,17,1,8,RO322
3,179427,ALUNIŞU,77126,23,179409,18,1,8,RO322
3,179436,DUMITRANA,77127,23,179409,18,1,8,RO322
3,179445,PRUNI,77128,23,179409,18,1,8,RO322
3,179454,VÂRTEJU,77129,23,179409,18,1,8,RO322
2,179481,ORAŞ OTOPENI,,23,234,2,1,8,RO322
3,179490,OTOPENI,75100,23,179481,17,1,8,RO322
3,179506,ODĂILE,75101,23,179481,19,1,8,RO322
2,179515,ORAŞ PANTELIMON,,23,234,2,1,8,RO322
3,179524,PANTELIMON,77145,23,179515,17,1,8,RO322
2,179533,ORAŞ POPEŞTI-LEORDENI,,23,234,2,1,8,RO322
3,179542,POPEŞTI-LEORDENI,77160,23,179533,17,1,8,RO322
2,179551,ORAŞ VOLUNTARI,,23,234,2,1,8,RO322
3,179560,VOLUNTARI,77190,23,179551,17,1,8,RO322
2,102543,1 DECEMBRIE,,23,234,3,3,8,RO322
3,102552,1 DECEMBRIE,77005,23,102543,22,3,8,RO322
2,100834,AFUMAŢI,,23,234,3,3,8,RO322
3,100843,AFUMAŢI,77010,23,100834,22,3,8,RO322
2,100969,BALOTEŞTI,,23,234,3,3,8,RO322
3,100978,BALOTEŞTI,77015,23,100969,22,3,8,RO322
3,100987,DUMBRĂVENI,77016,23,100969,23,3,8,RO322
3,100996,SĂFTICA,77017,23,100969,23,3,8,RO322
2,101145,BERCENI,,23,234,3,3,8,RO322
3,101154,BERCENI,77020,23,101145,22,3,8,RO322
2,101298,BRĂNEŞTI,,23,234,3,3,8,RO322
3,101305,BRĂNEŞTI,77030,23,101298,22,3,8,RO322
3,101314,ISLAZ,77031,23,101298,23,3,8,RO322
3,101323,PASĂREA,77032,23,101298,23,3,8,RO322
3,101332,VADU ANEI,77033,23,101298,23,3,8,RO322
2,101742,CERNICA,,23,234,3,3,8,RO322
3,101751,CERNICA,77035,23,101742,22,3,8,RO322
3,101760,BĂLĂCEANCA,77036,23,101742,23,3,8,RO322
3,101779,CĂLDĂRARU,77037,23,101742,23,3,8,RO322
3,101788,POŞTA,77038,23,101742,23,3,8,RO322
3,101797,TÂNGANU,77039,23,101742,23,3,8,RO322
2,179249,CHIAJNA,,23,234,3,3,8,RO322
3,179258,CHIAJNA,77040,23,179249,22,3,8,RO322
3,179267,DUDU,77041,23,179249,23,3,8,RO322
3,179276,ROŞU,77042,23,179249,23,3,8,RO322
2,101902,CIOLPANI,,23,234,3,3,8,RO322
3,101911,CIOLPANI,77050,23,101902,22,3,8,RO322
3,101920,IZVORANI,77051,23,101902,23,3,8,RO322
3,101939,LUPĂRIA,77052,23,101902,23,3,8,RO322
3,101948,PISCU,77053,23,101902,23,3,8,RO322
2,101957,CIOROGÂRLA,,23,234,3,3,8,RO322
3,101966,CIOROGÂRLA,77055,23,101957,22,3,8,RO322
3,101975,DÂRVARI,77056,23,101957,23,3,8,RO322
2,102035,CLINCENI,,23,234,3,3,8,RO322
3,102044,CLINCENI,77060,23,102035,22,3,8,RO322
3,102053,OLTENI,77061,23,102035,23,3,8,RO322
3,102062,ORDOREANU,77062,23,102035,23,3,8,RO322
2,179588,COPĂCENI,,23,234,3,3,8,RO322
3,102561,COPĂCENI,77006,23,179588,22,3,8,RO322
2,102160,CORBEANCA,,23,234,3,3,8,RO322
3,102179,CORBEANCA,77065,23,102160,22,3,8,RO322
3,102188,OSTRATU,77066,23,102160,23,3,8,RO322
3,102197,PETREŞTI,77067,23,102160,23,3,8,RO322
3,102204,TAMAŞI,77068,23,102160,23,3,8,RO322
2,102213,CORNETU,,23,234,3,3,8,RO322
3,102222,CORNETU,77070,23,102213,22,3,8,RO322
3,102231,BUDA,77071,23,102213,23,3,8,RO322
2,102473,DASCĂLU,,23,234,3,3,8,RO322
3,102482,DASCĂLU,77075,23,102473,22,3,8,RO322
3,102491,CREAŢA,77076,23,102473,23,3,8,RO322
3,102507,GAGU,77077,23,102473,23,3,8,RO322
3,102516,RUNCU,77078,23,102473,23,3,8,RO322
2,102525,DĂRĂŞTI-ILFOV,,23,234,3,3,8,RO322
3,102534,DĂRĂŞTI-ILFOV,77080,23,102525,22,3,8,RO322
2,179310,DOBROEŞTI,,23,234,3,3,8,RO322
3,179329,DOBROEŞTI,77085,23,179310,22,3,8,RO322
3,179338,FUNDENI,77086,23,179310,23,3,8,RO322
2,102570,DOMNEŞTI,,23,234,3,3,8,RO322
3,102589,DOMNEŞTI,77090,23,102570,22,3,8,RO322
3,102598,ŢEGHEŞ,77091,23,102570,23,3,8,RO322
2,102605,DRAGOMIREŞTI-VALE,,23,234,3,3,8,RO322
3,102614,DRAGOMIREŞTI-VALE,77095,23,102605,22,3,8,RO322
3,102623,DRAGOMIREŞTI-DEAL,77096,23,102605,23,3,8,RO322
3,102632,ZURBAUA,77097,23,102605,23,3,8,RO322
2,103130,GĂNEASA,,23,234,3,3,8,RO322
3,103149,GĂNEASA,77100,23,103130,22,3,8,RO322
3,103158,COZIENI,77101,23,103130,23,3,8,RO322
3,103167,MOARA DOMNEASCĂ,77102,23,103130,23,3,8,RO322
3,103176,PITEASCA,77103,23,103130,23,3,8,RO322
3,103185,ŞINDRILIŢA,77104,23,103130,23,3,8,RO322
2,179347,GLINA,,23,234,3,3,8,RO322
3,179356,GLINA,77105,23,179347,22,3,8,RO322
3,179365,CĂŢELU,77106,23,179347,23,3,8,RO322
3,179374,MANOLACHE,77107,23,179347,23,3,8,RO322
2,103443,GRĂDIŞTEA,,23,234,3,3,8,RO322
3,103452,GRĂDIŞTEA,77110,23,103443,22,3,8,RO322
3,103461,SITARU,77111,23,103443,23,3,8,RO322
2,103513,GRUIU,,23,234,3,3,8,RO322
3,103522,GRUIU,77115,23,103513,22,3,8,RO322
3,103531,LIPIA,77116,23,103513,23,3,8,RO322
3,103559,SILIŞTEA SNAGOVULUI,77117,23,103513,23,3,8,RO322
3,103540,ŞANŢU-FLOREŞTI,77118,23,103513,23,3,8,RO322
2,179383,JILAVA,,23,234,3,3,8,RO322
3,179392,JILAVA,77120,23,179383,22,3,8,RO322
2,104243,MOARA VLĂSIEI,,23,234,3,3,8,RO322
3,104252,MOARA VLĂSIEI,77130,23,104243,22,3,8,RO322
3,104261,CĂCIULAŢI,77131,23,104243,23,3,8,RO322
2,179463,MOGOŞOAIA,,23,234,3,3,8,RO322
3,179472,MOGOŞOAIA,77135,23,179463,22,3,8,RO322
2,104421,NUCI,,23,234,3,3,8,RO322
3,104430,NUCI,77140,23,104421,22,3,8,RO322
3,104449,BALTA NEAGRĂ,77141,23,104421,23,3,8,RO322
3,104458,MERII PETCHII,77142,23,104421,23,3,8,RO322
3,104467,MICŞUNEŞTII MARI,77144,23,104421,23,3,8,RO322
3,104476,MICŞUNEŞTII-MOARĂ,77143,23,104421,23,3,8,RO322
2,104546,PERIŞ,,23,234,3,3,8,RO322
3,104555,PERIŞ,77150,23,104546,22,3,8,RO322
3,104564,BĂLTENI,77151,23,104546,23,3,8,RO322
3,104573,BURIAŞ,77152,23,104546,23,3,8,RO322
2,104582,PETRĂCHIOAIA,,23,234,3,3,8,RO322
3,104591,PETRĂCHIOAIA,77155,23,104582,22,3,8,RO322
3,104608,MĂINEASCA,77156,23,104582,23,3,8,RO322
3,104617,SURLARI,77157,23,104582,23,3,8,RO322
3,104626,VÂNĂTORI,77158,23,104582,23,3,8,RO322
2,105160,SNAGOV,,23,234,3,3,8,RO322
3,105179,SNAGOV,77165,23,105160,22,3,8,RO322
3,105188,CIOFLICENI,77166,23,105160,23,3,8,RO322
3,105197,GHERMĂNEŞTI,77170,23,105160,23,3,8,RO322
3,105204,TÂNCĂBEŞTI,77167,23,105160,23,3,8,RO322
3,105213,VLĂDICEASCA,77168,23,105160,23,3,8,RO322
2,105419,ŞTEFĂNEŞTII DE JOS,,23,234,3,3,8,RO322
3,105428,ŞTEFĂNEŞTII DE JOS,77175,23,105419,22,3,8,RO322
3,105437,CREŢULEASCA,77176,23,105419,23,3,8,RO322
3,105446,ŞTEFĂNEŞTII DE SUS,77177,23,105419,23,3,8,RO322
2,105570,TUNARI,,23,234,3,3,8,RO322
3,105589,TUNARI,77180,23,105570,22,3,8,RO322
3,105598,DIMIENI,77181,23,105570,23,3,8,RO322
2,105936,VIDRA,,23,234,3,3,8,RO322
3,105945,VIDRA,77185,23,105936,22,3,8,RO322
3,105954,CREŢEŞTI,77186,23,105936,23,3,8,RO322
3,105963,SINTEŞTI,77187,23,105936,23,3,8,RO322
1,243,JUDEŢUL MARAMUREŞ,,24,1,40,0,6,RO114
2,106318,MUNICIPIUL BAIA MARE,,24,243,1,1,6,RO114
3,106327,BAIA MARE,430011,24,106318,9,1,6,RO114
3,106336,BLIDARI,430001,24,106318,10,1,6,RO114
3,106345,FIRIZA,430002,24,106318,10,1,6,RO114
3,106354,VALEA NEAGRĂ,430003,24,106318,10,1,6,RO114
2,106559,MUNICIPIUL SIGHETU MARMAŢIEI,,24,243,4,1,6,RO114
3,106568,SIGHETU MARMAŢIEI,435500,24,106559,9,1,6,RO114
3,106577,IAPA,435501,24,106559,10,1,6,RO114
3,106586,LAZU BACIULUI,435502,24,106559,10,1,6,RO114
3,106595,ŞUGĂU,435503,24,106559,10,1,6,RO114
3,106602,VALEA CUFUNDOASĂ,435504,24,106559,10,1,6,RO114
3,106611,VALEA HOTARULUI,435505,24,106559,10,1,6,RO114
2,106684,ORAŞ BAIA SPRIE,,24,243,2,1,6,RO114
3,106693,BAIA SPRIE,435100,24,106684,17,1,6,RO114
3,106700,CHIUZBAIA,435101,24,106684,18,1,6,RO114
3,106728,SATU NOU DE SUS,435102,24,106684,19,1,6,RO114
3,106719,TĂUŢII DE SUS,435103,24,106684,18,1,6,RO114
2,106746,ORAŞ BORŞA,,24,243,2,1,6,RO114
3,106755,BORŞA,435200,24,106746,17,1,6,RO114
3,106764,BĂILE BORŞA,435250,24,106746,18,1,6,RO114
2,106782,ORAŞ CAVNIC,,24,243,2,1,6,RO114
3,106791,CAVNIC,435300,24,106782,17,1,6,RO114
2,108017,ORAŞ DRAGOMIREŞTI,,24,243,2,1,6,RO114
3,108026,DRAGOMIREŞTI,437140,24,108017,17,1,6,RO114
2,108892,ORAŞ SĂLIŞTEA DE SUS,,24,243,2,1,6,RO114
3,108909,SĂLIŞTEA DE SUS,437295,24,108892,17,1,6,RO114
2,108963,ORAŞ SEINI,,24,243,2,1,6,RO114
3,108972,SEINI,435400,24,108963,17,1,6,RO114
3,108981,SĂBIŞA,435401,24,108963,19,1,6,RO114
3,108990,VIILE APEI,435402,24,108963,19,1,6,RO114
2,109176,ORAŞ ŞOMCUTA MARE,,24,243,2,1,6,RO114
3,109185,ŞOMCUTA MARE,437335,24,109176,17,1,6,RO114
3,109194,BUCIUMI,437336,24,109176,18,1,6,RO114
3,109201,BUTEASA,437337,24,109176,19,1,6,RO114
3,109210,CIOLT,437338,24,109176,18,1,6,RO114
3,109229,CODRU BUTESII,437339,24,109176,19,1,6,RO114
3,109238,FINTEUŞU MARE,437341,24,109176,19,1,6,RO114
3,109247,HOVRILA,437342,24,109176,18,1,6,RO114
3,109256,VĂLENII ŞOMCUTEI,437343,24,109176,18,1,6,RO114
2,106461,ORAŞ TĂUŢII-MĂGHERĂUŞ,,24,243,2,1,6,RO114
3,106470,TĂUŢII-MĂGHERĂUŞ,437345,24,106461,17,1,6,RO114
3,106489,BĂIŢA,437346,24,106461,18,1,6,RO114
3,106498,BOZÂNTA MARE,437347,24,106461,19,1,6,RO114
3,106504,BUŞAG,437348,24,106461,18,1,6,RO114
3,106513,MERIŞOR,437349,24,106461,19,1,6,RO114
3,106522,NISTRU,437351,24,106461,18,1,6,RO114
3,106531,ULMOASA,437352,24,106461,19,1,6,RO114
2,106817,ORAŞ TÂRGU LĂPUŞ,,24,243,2,1,6,RO114
3,106826,TÂRGU LĂPUŞ,435600,24,106817,17,1,6,RO114
3,106835,BOIERENI,435601,24,106817,19,1,6,RO114
3,106844,BORCUT,435602,24,106817,19,1,6,RO114
3,106853,CUFOAIA,435603,24,106817,19,1,6,RO114
3,106862,DĂMĂCUŞENI,435604,24,106817,19,1,6,RO114
3,106871,DOBRICU LĂPUŞULUI,435605,24,106817,19,1,6,RO114
3,106880,DUMBRAVA,435606,24,106817,19,1,6,RO114
3,106899,FÂNTÂNELE,435607,24,106817,19,1,6,RO114
3,106906,GROAPE,435608,24,106817,19,1,6,RO114
3,106915,INĂU,435609,24,106817,19,1,6,RO114
3,106924,RĂZOARE,435610,24,106817,19,1,6,RO114
3,106933,ROGOZ,435611,24,106817,19,1,6,RO114
3,106942,ROHIA,435612,24,106817,19,1,6,RO114
3,106951,STOICENI,435613,24,106817,19,1,6,RO114
2,109265,ORAŞ ULMENI,,24,243,2,1,6,RO114
3,109274,ULMENI,437355,24,109265,17,1,6,RO114
3,109283,ARDUZEL,437356,24,109265,19,1,6,RO114
3,109292,CHELINŢA,437357,24,109265,19,1,6,RO114
3,109309,MÂNĂU,437358,24,109265,19,1,6,RO114
3,109318,SOMEŞ-UILEAC,437359,24,109265,19,1,6,RO114
3,109327,TOHAT,437361,24,109265,18,1,6,RO114
3,109336,ŢICĂU,437362,24,109265,19,1,6,RO114
3,109345,VICEA,437363,24,109265,19,1,6,RO114
2,106979,ORAŞ VIŞEU DE SUS,,24,243,2,1,6,RO114
3,106988,VIŞEU DE SUS,435700,24,106979,17,1,6,RO114
3,106997,VIŞEU DE MIJLOC,435701,24,106979,18,1,6,RO114
2,107001,ARDUSAT,,24,243,3,3,6,RO114
3,107010,ARDUSAT,437005,24,107001,22,3,6,RO114
3,107029,ARIEŞU DE CÂMP,437006,24,107001,23,3,6,RO114
3,107038,COLŢIREA,437007,24,107001,23,3,6,RO114
2,107047,ARINIŞ,,24,243,3,3,6,RO114
3,107056,ARINIŞ,437010,24,107047,22,3,6,RO114
3,107065,RODINA,437011,24,107047,23,3,6,RO114
3,107074,TĂMĂŞEŞTI,437012,24,107047,23,3,6,RO114
2,107083,ASUAJU DE SUS,,24,243,3,3,6,RO114
3,107092,ASUAJU DE SUS,437015,24,107083,22,3,6,RO114
3,107109,ASUAJU DE JOS,437016,24,107083,23,3,6,RO114
2,107118,BĂIŢA DE SUB CODRU,,24,243,3,3,6,RO114
3,107127,BĂIŢA DE SUB CODRU,437020,24,107118,22,3,6,RO114
3,107145,URMENIŞ,437021,24,107118,23,3,6,RO114
2,107154,BĂIUŢ,,24,243,3,3,6,RO114
3,107163,BĂIUŢ,437025,24,107154,22,3,6,RO114
3,107172,POIANA BOTIZII,437026,24,107154,23,3,6,RO114
3,107181,STRÂMBU-BĂIUŢ,437027,24,107154,23,3,6,RO114
2,107190,BĂSEŞTI,,24,243,3,3,6,RO114
3,107207,BĂSEŞTI,437030,24,107190,22,3,6,RO114
3,107136,ODEŞTI,437031,24,107190,23,3,6,RO114
3,107216,SĂLIŞTE,437032,24,107190,23,3,6,RO114
3,107225,STREMŢ,437033,24,107190,23,3,6,RO114
2,107314,BÂRSANA,,24,243,3,3,6,RO114
3,107323,BÂRSANA,437035,24,107314,22,3,6,RO114
3,107332,NĂNEŞTI,437036,24,107314,23,3,6,RO114
2,107234,BICAZ,,24,243,3,3,6,RO114
3,107243,BICAZ,437040,24,107234,22,3,6,RO114
3,107252,CIUTA,437041,24,107234,23,3,6,RO114
3,107261,CORNI,437042,24,107234,23,3,6,RO114
2,107270,BISTRA,,24,243,3,3,6,RO114
3,107289,BISTRA,437045,24,107270,22,3,6,RO114
3,107298,CRASNA VIŞEULUI,437046,24,107270,23,3,6,RO114
3,107305,VALEA VIŞEULUI,437047,24,107270,23,3,6,RO114
2,107350,BOCICOIU MARE,,24,243,3,3,6,RO114
3,107369,BOCICOIU MARE,437050,24,107350,22,3,6,RO114
3,107378,CRĂCIUNEŞTI,437051,24,107350,23,3,6,RO114
3,107387,LUNCA LA TISA,437052,24,107350,23,3,6,RO114
3,107396,TISA,437053,24,107350,23,3,6,RO114
2,107403,BOGDAN VODĂ,,24,243,3,3,6,RO114
3,107412,BOGDAN VODĂ,437055,24,107403,22,3,6,RO114
3,107421,BOCICOEL,437056,24,107403,23,3,6,RO114
2,107430,BOIU MARE,,24,243,3,3,6,RO114
3,107449,BOIU MARE,437060,24,107430,22,3,6,RO114
3,107458,FRÂNCENII BOIULUI,437061,24,107430,23,3,6,RO114
3,107467,PRISLOP,437062,24,107430,23,3,6,RO114
3,107476,ROMÂNEŞTI,437063,24,107430,23,3,6,RO114
2,107485,BOTIZA,,24,243,3,3,6,RO114
3,107494,BOTIZA,437065,24,107485,22,3,6,RO114
2,107519,BUDEŞTI,,24,243,3,3,6,RO114
3,107528,BUDEŞTI,437070,24,107519,22,3,6,RO114
3,107537,SÂRBI,437071,24,107519,23,3,6,RO114
2,107546,CĂLINEŞTI,,24,243,3,3,6,RO114
3,107555,CĂLINEŞTI,437075,24,107546,22,3,6,RO114
3,107564,CORNEŞTI,437076,24,107546,23,3,6,RO114
3,107573,VĂLENI,437077,24,107546,23,3,6,RO114
2,107715,CÂMPULUNG LA TISA,,24,243,3,3,6,RO114
3,107724,CÂMPULUNG LA TISA,437080,24,107715,22,3,6,RO114
2,107582,CERNEŞTI,,24,243,3,3,6,RO114
3,107591,CERNEŞTI,437085,24,107582,22,3,6,RO114
3,107608,BREBENI,437086,24,107582,23,3,6,RO114
3,107617,CIOCOTIŞ,437087,24,107582,23,3,6,RO114
3,107626,FÂNAŢE,437088,24,107582,23,3,6,RO114
3,107635,IZVOARELE,437089,24,107582,23,3,6,RO114
3,107644,MĂGURENI,437091,24,107582,23,3,6,RO114
3,107653,TRESTIA,437092,24,107582,23,3,6,RO114
2,107662,CICÂRLĂU,,24,243,3,3,6,RO114
3,107671,CICÂRLĂU,437095,24,107662,22,3,6,RO114
3,107680,BÂRGĂU,437096,24,107662,23,3,6,RO114
3,107699,HANDALU ILBEI,437097,24,107662,23,3,6,RO114
3,107706,ILBA,437098,24,107662,23,3,6,RO114
2,179837,COAŞ,,24,243,3,3,6,RO114
3,108829,COAŞ,437282,24,179837,22,3,6,RO114
3,108865,ÎNTRERÂURI,437287,24,179837,23,3,6,RO114
2,179846,COLTĂU,,24,243,3,3,6,RO114
3,108838,COLTĂU,437283,24,179846,22,3,6,RO114
3,108810,CĂTĂLINA,437281,24,179846,23,3,6,RO114
2,107733,COPALNIC-MĂNĂŞTUR,,24,243,3,3,6,RO114
3,107742,COPALNIC-MĂNĂŞTUR,437100,24,107733,22,3,6,RO114
3,107751,BERINŢA,437101,24,107733,23,3,6,RO114
3,107760,CĂRPINIŞ,437102,24,107733,23,3,6,RO114
3,107779,COPALNIC,437103,24,107733,23,3,6,RO114
3,107788,COPALNIC-DEAL,437104,24,107733,23,3,6,RO114
3,107797,CURTUIUŞU MIC,437106,24,107733,23,3,6,RO114
3,107804,FĂUREŞTI,437107,24,107733,23,3,6,RO114
3,107813,LĂSCHIA,437108,24,107733,23,3,6,RO114
3,107822,PRELUCA NOUĂ,437109,24,107733,23,3,6,RO114
3,107831,PRELUCA VECHE,437111,24,107733,23,3,6,RO114
3,107840,RUŞOR,437112,24,107733,23,3,6,RO114
3,107859,VAD,437113,24,107733,23,3,6,RO114
2,107868,COROIENI,,24,243,3,3,6,RO114
3,107877,COROIENI,437126,24,107868,22,3,6,RO114
3,107886,BABA,437127,24,107868,23,3,6,RO114
3,107895,DEALU MARE,437128,24,107868,23,3,6,RO114
3,107902,DRĂGHIA,437129,24,107868,23,3,6,RO114
3,107911,VĂLENII LĂPUŞULUI,437125,24,107868,23,3,6,RO114
2,107920,CUPŞENI,,24,243,3,3,6,RO114
3,107939,CUPŞENI,437130,24,107920,22,3,6,RO114
3,107948,COSTENI,437131,24,107920,23,3,6,RO114
3,107957,LIBOTIN,437132,24,107920,23,3,6,RO114
3,107966,UNGURENI,437133,24,107920,23,3,6,RO114
2,107975,DESEŞTI,,24,243,3,3,6,RO114
3,107984,DESEŞTI,437135,24,107975,22,3,6,RO114
3,107993,HĂRNICEŞTI,437136,24,107975,23,3,6,RO114
3,108008,MARA,437137,24,107975,23,3,6,RO114
2,108035,DUMBRĂVIŢA,,24,243,3,3,6,RO114
3,108044,DUMBRĂVIŢA,437145,24,108035,22,3,6,RO114
3,108053,CĂRBUNARI,437146,24,108035,23,3,6,RO114
3,108062,CHECHIŞ,437147,24,108035,23,3,6,RO114
3,108071,RUS,437148,24,108035,23,3,6,RO114
3,108080,ŞINDREŞTI,437149,24,108035,23,3,6,RO114
3,108099,UNGURAŞ,437151,24,108035,23,3,6,RO114
2,108106,FĂRCAŞA,,24,243,3,3,6,RO114
3,108115,FĂRCAŞA,437155,24,108106,22,3,6,RO114
3,108124,BUZEŞTI,437156,24,108106,23,3,6,RO114
3,108133,SÂRBI,437157,24,108106,23,3,6,RO114
3,108142,TĂMAIA,437158,24,108106,23,3,6,RO114
2,179855,GÂRDANI,,24,243,3,3,6,RO114
3,108936,GÂRDANI,437301,24,179855,22,3,6,RO114
2,108151,GIULEŞTI,,24,243,3,3,6,RO114
3,108160,GIULEŞTI,437160,24,108151,22,3,6,RO114
3,108179,BERBEŞTI,437161,24,108151,23,3,6,RO114
3,108188,FEREŞTI,437162,24,108151,23,3,6,RO114
3,108197,MĂNĂSTIREA,437163,24,108151,23,3,6,RO114
2,106363,GROŞI,,24,243,3,3,6,RO114
3,106372,GROŞI,437165,24,106363,22,3,6,RO114
3,106381,OCOLIŞ,437166,24,106363,23,3,6,RO114
3,106390,SATU NOU DE JOS,437167,24,106363,23,3,6,RO114
2,179622,GROŞII ŢIBLEŞULUI,,24,243,3,3,6,RO114
3,109069,GROŞII ŢIBLEŞULUI,437316,24,179622,22,3,6,RO114
2,108204,IEUD,,24,243,3,3,6,RO114
3,108213,IEUD,437170,24,108204,22,3,6,RO114
2,108222,LĂPUŞ,,24,243,3,3,6,RO114
3,108231,LĂPUŞ,437175,24,108222,22,3,6,RO114
2,108240,LEORDINA,,24,243,3,3,6,RO114
3,108259,LEORDINA,437180,24,108240,22,3,6,RO114
2,108268,MIREŞU MARE,,24,243,3,3,6,RO114
3,108277,MIREŞU MARE,437185,24,108268,22,3,6,RO114
3,108286,DĂNEŞTII CHIOARULUI,437186,24,108268,23,3,6,RO114
3,108295,IADĂRA,437187,24,108268,23,3,6,RO114
3,108302,LUCĂCEŞTI,437188,24,108268,23,3,6,RO114
3,108311,REMEŢI PE SOMEŞ,437189,24,108268,23,3,6,RO114
3,108320,STEJERA,437191,24,108268,23,3,6,RO114
3,108339,TULGHIEŞ,437192,24,108268,23,3,6,RO114
2,108348,MOISEI,,24,243,3,3,6,RO114
3,108357,MOISEI,437195,24,108348,22,3,6,RO114
2,108366,OARŢA DE JOS,,24,243,3,3,6,RO114
3,108375,OARŢA DE JOS,437200,24,108366,22,3,6,RO114
3,108384,OARŢA DE SUS,437201,24,108366,23,3,6,RO114
3,108393,ORŢIŢA,437202,24,108366,23,3,6,RO114
2,108400,OCNA ŞUGATAG,,24,243,3,3,6,RO114
3,108419,OCNA ŞUGATAG,437205,24,108400,22,3,6,RO114
3,108428,BREB,437206,24,108400,23,3,6,RO114
3,108437,HOTENI,437207,24,108400,23,3,6,RO114
3,108446,SAT-ŞUGATAG,437208,24,108400,23,3,6,RO114
2,179864,ONCEŞTI,,24,243,3,3,6,RO114
3,107341,ONCEŞTI,437037,24,179864,22,3,6,RO114
2,108455,PETROVA,,24,243,3,3,6,RO114
3,108464,PETROVA,437210,24,108455,22,3,6,RO114
2,108473,POIENILE DE SUB MUNTE,,24,243,3,3,6,RO114
3,108482,POIENILE DE SUB MUNTE,437220,24,108473,22,3,6,RO114
2,179604,POIENILE IZEI,,24,243,3,3,6,RO114
3,107500,POIENILE IZEI,437215,24,179604,22,3,6,RO114
2,106407,RECEA,,24,243,3,3,6,RO114
3,106416,RECEA,437225,24,106407,22,3,6,RO114
3,106425,BOZÂNTA MICĂ,437226,24,106407,23,3,6,RO114
3,106434,LĂPUŞEL,437227,24,106407,23,3,6,RO114
3,106443,MOCIRA,437228,24,106407,23,3,6,RO114
3,106452,SĂSAR,437229,24,106407,23,3,6,RO114
2,108491,REMETEA CHIOARULUI,,24,243,3,3,6,RO114
3,108507,REMETEA CHIOARULUI,437230,24,108491,22,3,6,RO114
3,108516,BERCHEZ,437231,24,108491,23,3,6,RO114
3,108525,BERCHEZOAIA,437232,24,108491,23,3,6,RO114
3,108534,POSTA,437233,24,108491,23,3,6,RO114
3,108543,REMECIOARA,437234,24,108491,23,3,6,RO114
2,108552,REMEŢI,,24,243,3,3,6,RO114
3,108561,REMEŢI,437235,24,108552,22,3,6,RO114
3,108570,PIATRA,437236,24,108552,23,3,6,RO114
3,108589,TECEU MIC,437237,24,108552,23,3,6,RO114
2,108598,REPEDEA,,24,243,3,3,6,RO114
3,108605,REPEDEA,437240,24,108598,22,3,6,RO114
2,108614,RONA DE JOS,,24,243,3,3,6,RO114
3,108623,RONA DE JOS,437245,24,108614,22,3,6,RO114
2,108632,RONA DE SUS,,24,243,3,3,6,RO114
3,108641,RONA DE SUS,437250,24,108632,22,3,6,RO114
3,108650,COŞTIUI,437251,24,108632,23,3,6,RO114
2,108669,ROZAVLEA,,24,243,3,3,6,RO114
3,108678,ROZAVLEA,437255,24,108669,22,3,6,RO114
3,180073,SÂLŢA,437256,24,108669,23,3,6,RO114
2,108696,RUSCOVA,,24,243,3,3,6,RO114
3,108703,RUSCOVA,437260,24,108696,22,3,6,RO114
2,106620,SARASĂU,,24,243,3,3,6,RO114
3,106639,SARASĂU,437265,24,106620,22,3,6,RO114
2,108712,SATULUNG,,24,243,3,3,6,RO114
3,108721,SATULUNG,437270,24,108712,22,3,6,RO114
3,108730,ARIEŞU DE PĂDURE,437271,24,108712,23,3,6,RO114
3,108749,FERSIG,437272,24,108712,23,3,6,RO114
3,108758,FINTEUŞU MIC,437273,24,108712,23,3,6,RO114
3,108767,HIDEAGA,437274,24,108712,23,3,6,RO114
3,108776,MOGOŞEŞTI,437276,24,108712,23,3,6,RO114
3,108785,PRIBILEŞTI,437277,24,108712,23,3,6,RO114
2,108794,SĂCĂLĂŞENI,,24,243,3,3,6,RO114
3,108801,SĂCĂLĂŞENI,437280,24,108794,22,3,6,RO114
3,108847,CORUIA,437284,24,108794,23,3,6,RO114
3,108856,CULCEA,437286,24,108794,23,3,6,RO114
2,108874,SĂCEL,,24,243,3,3,6,RO114
3,108883,SĂCEL,437290,24,108874,22,3,6,RO114
2,108918,SĂLSIG,,24,243,3,3,6,RO114
3,108927,SĂLSIG,437300,24,108918,22,3,6,RO114
2,108945,SĂPÂNŢA,,24,243,3,3,6,RO114
3,108954,SĂPÂNŢA,437305,24,108945,22,3,6,RO114
2,109005,STRÂMTURA,,24,243,3,3,6,RO114
3,109014,STRÂMTURA,437310,24,109005,22,3,6,RO114
3,109023,GLOD,437311,24,109005,23,3,6,RO114
3,109032,SLĂTIOARA,437312,24,109005,23,3,6,RO114
2,109041,SUCIU DE SUS,,24,243,3,3,6,RO114
3,109050,SUCIU DE SUS,437315,24,109041,22,3,6,RO114
3,109078,LARGA,437317,24,109041,23,3,6,RO114
3,109087,SUCIU DE JOS,437318,24,109041,23,3,6,RO114
2,179613,ŞIEU,,24,243,3,3,6,RO114
3,108687,ŞIEU,437320,24,179613,22,3,6,RO114
2,109096,ŞIŞEŞTI,,24,243,3,3,6,RO114
3,109103,ŞISEŞTI,437325,24,109096,22,3,6,RO114
3,109112,BONTĂIENI,437326,24,109096,23,3,6,RO114
3,109121,CETĂŢELE,437327,24,109096,23,3,6,RO114
3,109130,DĂNEŞTI,437328,24,109096,23,3,6,RO114
3,109149,NEGREIA,437329,24,109096,23,3,6,RO114
3,109158,PLOPIŞ,437331,24,109096,23,3,6,RO114
3,109167,ŞURDEŞTI,437332,24,109096,23,3,6,RO114
2,106648,VADU IZEI,,24,243,3,3,6,RO114
3,106657,VADU IZEI,437365,24,106648,22,3,6,RO114
3,106666,VALEA STEJARULUI,437366,24,106648,23,3,6,RO114
2,109354,VALEA CHIOARULUI,,24,243,3,3,6,RO114
3,109363,VALEA CHIOARULUI,437370,24,109354,22,3,6,RO114
3,109372,CURTUIUŞU MARE,437371,24,109354,23,3,6,RO114
3,109381,DURUŞA,437372,24,109354,23,3,6,RO114
3,109390,FERICEA,437373,24,109354,23,3,6,RO114
3,109407,MESTEACĂN,437374,24,109354,23,3,6,RO114
3,109416,VĂRAI,437376,24,109354,23,3,6,RO114
2,109425,VIMA MICĂ,,24,243,3,3,6,RO114
3,109434,VIMA MICĂ,437380,24,109425,22,3,6,RO114
3,109443,ASPRA,437381,24,109425,23,3,6,RO114
3,109452,DEALU CORBULUI,437382,24,109425,23,3,6,RO114
3,109461,JUGĂSTRENI,437383,24,109425,23,3,6,RO114
3,109470,PETERITEA,437384,24,109425,23,3,6,RO114
3,109489,SĂLNIŢA,437386,24,109425,23,3,6,RO114
3,109498,VIMA MARE,437387,24,109425,23,3,6,RO114
2,109504,VIŞEU DE JOS,,24,243,3,3,6,RO114
3,109513,VIŞEU DE JOS,437390,24,109504,22,3,6,RO114
1,252,JUDEŢUL MEHEDINŢI,,25,1,40,0,4,
2,109773,MUNICIPIUL DROBETA-TURNU SEVERIN,,25,252,1,1,4,
3,109782,DROBETA-TURNU SEVERIN,220004,25,109773,9,1,4,
3,109808,DUDAŞU SCHELEI,220001,25,109773,10,1,4,
3,109791,GURA VĂII,220002,25,109773,10,1,4,
3,109817,SCHELA CLADOVEI,220003,25,109773,10,1,4,
2,110063,MUNICIPIUL ORŞOVA,,25,252,4,1,4,
3,110072,ORŞOVA,225200,25,110063,9,1,4,
2,109924,ORAŞ BAIA DE ARAMĂ,,25,252,2,1,4,
3,109933,BAIA DE ARAMĂ,225100,25,109924,17,1,4,
3,109942,BRATILOVU,225101,25,109924,19,1,4,
3,109951,BREBINA,225102,25,109924,19,1,4,
3,109960,DEALU MARE,225103,25,109924,19,1,4,
3,109979,MĂRĂŞEŞTI,225104,25,109924,19,1,4,
3,109988,NEGOEŞTI,225105,25,109924,19,1,4,
3,109997,PISTRIŢA,225106,25,109924,19,1,4,
3,110009,STĂNEŞTI,225107,25,109924,19,1,4,
3,110018,TITERLEŞTI,225108,25,109924,19,1,4,
2,110116,ORAŞ STREHAIA,,25,252,2,1,4,
3,110125,STREHAIA,225300,25,110116,17,1,4,
3,110134,CIOCHIUŢA,225301,25,110116,18,1,4,
3,110143,COMANDA,225302,25,110116,18,1,4,
3,110152,HURDUCEŞTI,225303,25,110116,18,1,4,
3,110161,LUNCA BANULUI,225304,25,110116,18,1,4,
3,110198,MENŢI,225305,25,110116,19,1,4,
3,110205,MOTRULENI,225306,25,110116,19,1,4,
3,110170,SLĂTINICU MARE,225307,25,110116,18,1,4,
3,110189,SLĂTINICU MIC,225308,25,110116,18,1,4,
3,110214,STĂNCEŞTI,225309,25,110116,19,1,4,
2,110232,ORAŞ VÂNJU MARE,,25,252,2,1,4,
3,110241,VÂNJU MARE,225400,25,110232,17,1,4,
3,110250,BUCURA,225401,25,110232,19,1,4,
3,110269,NICOLAE BĂLCESCU,225402,25,110232,19,1,4,
3,110278,OREVIŢA MARE,225403,25,110232,19,1,4,
3,110287,TRAIAN,225404,25,110232,19,1,4,
2,110296,BALA,,25,252,3,3,4,
3,110303,BALA,227010,25,110296,22,3,4,
3,110312,BALA DE SUS,227011,25,110296,23,3,4,
3,110321,BRATEŞUL,227012,25,110296,23,3,4,
3,110330,BRATIVOEŞTI,227013,25,110296,23,3,4,RO413
3,110349,CÂMPU MARE,227014,25,110296,23,3,4,RO413
3,110358,CÂRŞU,227016,25,110296,23,3,4,RO413
3,110367,COMĂNEŞTI,227017,25,110296,23,3,4,RO413
3,110376,CRAINICI,227018,25,110296,23,3,4,RO413
3,110385,DÂLMA,227019,25,110296,23,3,4,RO413
3,110394,IUPCA,227021,25,110296,23,3,4,RO413
3,110401,MOLANI,227022,25,110296,23,3,4,RO413
3,110410,RUDINA,227023,25,110296,23,3,4,RO413
3,110429,RUNCUŞORU,227024,25,110296,23,3,4,RO413
3,110438,SĂRDĂNEŞTI,227026,25,110296,23,3,4,RO413
3,110447,VIDIMIREŞTI,227027,25,110296,23,3,4,RO413
2,110456,BALTA,,25,252,3,3,4,RO413
3,110465,BALTA,227030,25,110456,22,3,4,RO413
3,110474,COADA CORNETULUI,227031,25,110456,23,3,4,RO413
3,110483,COSTEŞTI,227032,25,110456,23,3,4,RO413
3,110492,GORNOVIŢA,227033,25,110456,23,3,4,RO413
3,110508,NEVĂŢU,227034,25,110456,23,3,4,RO413
3,110517,PREJNA,227036,25,110456,23,3,4,RO413
3,110526,SFODEA,227037,25,110456,23,3,4,RO413
2,110535,BĂLĂCIŢA,,25,252,3,3,4,RO413
3,110544,BĂLĂCIŢA,227040,25,110535,22,3,4,RO413
3,110553,DOBRA,227041,25,110535,23,3,4,RO413
3,110562,GVARDINIŢA,227042,25,110535,23,3,4,RO413
2,110571,BÂCLEŞ,,25,252,3,3,4,RO413
3,110580,BÂCLEŞ,227045,25,110571,22,3,4,RO413
3,110615,CORZU,227046,25,110571,23,3,4,RO413
3,110624,GIURA,227047,25,110571,23,3,4,RO413
3,110633,PETRA,227048,25,110571,23,3,4,RO413
3,110642,PODU GROSULUI,227049,25,110571,23,3,4,RO413
3,110651,SELIŞTIUŢA,227051,25,110571,23,3,4,RO413
3,110660,SMADOVIŢA,227052,25,110571,23,3,4,RO413
2,110688,BÂLVĂNEŞTI,,25,252,3,3,4,RO413
3,110697,BÂLVĂNEŞTI,227055,25,110688,22,3,4,RO413
3,110704,BÂLVĂNEŞTII DE JOS,227056,25,110688,23,3,4,RO413
3,110713,CĂLINEŞTII DE JOS,227057,25,110688,23,3,4,RO413
3,110722,CĂLINEŞTII DE SUS,227058,25,110688,23,3,4,RO413
3,110731,PÂRLAGELE,227059,25,110688,23,3,4,RO413
2,114060,BRANIŞTEA,,25,252,3,3,4,RO413
3,113867,BRANIŞTEA,227491,25,114060,22,3,4,RO413
3,113876,GOANŢA,227492,25,114060,23,3,4,RO413
2,110740,BREZNIŢA-MOTRU,,25,252,3,3,4,RO413
3,110759,BREZNIŢA-MOTRU,227060,25,110740,22,3,4,RO413
3,110768,COSOVĂŢ,227061,25,110740,23,3,4,RO413
3,110777,DELENI,227062,25,110740,23,3,4,RO413
3,110786,FĂUROAIA,227063,25,110740,23,3,4,RO413
3,110795,PLAI,227064,25,110740,23,3,4,RO413
3,110802,TĂLĂPANU,227066,25,110740,23,3,4,RO413
3,110811,VALEA TEIULUI,227067,25,110740,23,3,4,RO413
2,110820,BREZNIŢA-OCOL,,25,252,3,3,4,RO413
3,110839,BREZNIŢA-OCOL,227070,25,110820,22,3,4,RO413
3,110848,JIDOŞTIŢA,227071,25,110820,23,3,4,RO413
3,110857,MAGHERU,227072,25,110820,23,3,4,RO413
3,110866,ŞUŞIŢA,227073,25,110820,23,3,4,RO413
2,110875,BROŞTENI,,25,252,3,3,4,RO413
3,110884,BROŞTENI,227075,25,110875,22,3,4,RO413
3,110893,CĂPĂŢÂNEŞTI,227076,25,110875,23,3,4,RO413
3,110900,LUNCŞOARA,227077,25,110875,23,3,4,RO413
3,110919,LUPŞA DE JOS,227078,25,110875,23,3,4,RO413
3,110928,LUPŞA DE SUS,227079,25,110875,23,3,4,RO413
3,110937,MERIŞ,227081,25,110875,23,3,4,RO413
2,110946,BURILA MARE,,25,252,3,3,4,RO413
3,110955,BURILA MARE,227085,25,110946,22,3,4,RO413
3,110964,CRIVINA,227086,25,110946,23,3,4,RO413
3,110973,IZVORU FRUMOS,227087,25,110946,23,3,4,RO413
3,110982,ŢIGĂNAŞI,227088,25,110946,23,3,4,RO413
3,110991,VRANCEA,227089,25,110946,23,3,4,RO413
2,111006,BUTOIEŞTI,,25,252,3,3,4,RO413
3,111015,BUTOIEŞTI,227090,25,111006,22,3,4,RO413
3,111024,ARGINEŞTI,227091,25,111006,23,3,4,RO413
3,111033,BUICEŞTI,227092,25,111006,23,3,4,RO413
3,111042,GURA MOTRULUI,227093,25,111006,23,3,4,RO413
3,111051,JUGASTRU,227094,25,111006,23,3,4,RO413
3,111060,PLUTA,227096,25,111006,23,3,4,RO413
3,111079,RĂDUŢEŞTI,227097,25,111006,23,3,4,RO413
3,111088,TÂNŢARU,227098,25,111006,23,3,4,RO413
2,111097,CĂZĂNEŞTI,,25,252,3,3,4,RO413
3,111104,CĂZĂNEŞTI,227100,25,111097,22,3,4,RO413
3,111113,ERCEA,227101,25,111097,23,3,4,RO413
3,111122,GÂRBOVĂŢU DE SUS,227102,25,111097,23,3,4,RO413
3,111131,GOVODARVA,227103,25,111097,23,3,4,RO413
3,111140,ILOVU,227104,25,111097,23,3,4,RO413
3,111159,JIGNIŢA,227106,25,111097,23,3,4,RO413
3,111168,PĂLTINIŞU,227107,25,111097,23,3,4,RO413
3,111177,POIANA,227108,25,111097,23,3,4,RO413
3,111186,ROŞIA,227109,25,111097,23,3,4,RO413
3,111195,SEVERINEŞTI,227111,25,111097,23,3,4,RO413
3,111202,SUHARU,227112,25,111097,23,3,4,RO413
3,111211,VALEA COŞUŞTEI,227113,25,111097,23,3,4,RO413
2,111220,CIREŞU,,25,252,3,3,4,RO413
3,111239,CIREŞU,227120,25,111220,22,3,4,RO413
3,111248,BUNOAICA,227121,25,111220,23,3,4,RO413
3,111257,JUPÂNEŞTI,227122,25,111220,23,3,4,RO413
3,111266,NEGRUŞA,227123,25,111220,23,3,4,RO413
2,111275,CORCOVA,,25,252,3,3,4,RO413
3,111284,CORCOVA,227125,25,111275,22,3,4,RO413
3,111293,BREŢA,227126,25,111275,23,3,4,RO413
3,111300,CERNAIA,227127,25,111275,23,3,4,RO413
3,111319,CORDUN,227128,25,111275,23,3,4,RO413
3,111328,CROICA,227129,25,111275,23,3,4,RO413
3,111337,GÂRBOVĂŢU DE JOS,227131,25,111275,23,3,4,RO413
3,111346,IMOASA,227132,25,111275,23,3,4,RO413
3,111355,JIROV,227133,25,111275,23,3,4,RO413
3,111364,MĂRU ROŞU,227134,25,111275,23,3,4,RO413
3,111373,PÂRVULEŞTI,227136,25,111275,23,3,4,RO413
3,111382,PUŞCAŞU,227137,25,111275,23,3,4,RO413
3,111391,STEJARU,227138,25,111275,23,3,4,RO413
3,111408,VLĂDĂŞEŞTI,227139,25,111275,23,3,4,RO413
2,111417,CORLĂŢEL,,25,252,3,3,4,RO413
3,111426,CORLĂŢEL,227145,25,111417,22,3,4,RO413
3,111435,VALEA ANILOR,227146,25,111417,23,3,4,RO413
2,111444,CUJMIR,,25,252,3,3,4,RO413
3,111453,CUJMIR,227150,25,111444,22,3,4,RO413
3,111462,AURORA,227151,25,111444,23,3,4,RO413
3,111471,CUJMIRU MIC,227152,25,111444,23,3,4,RO413
2,111550,DÂRVARI,,25,252,3,3,4,RO413
3,111569,DÂRVARI,227155,25,111550,22,3,4,RO413
3,111578,GEMENI,227156,25,111550,23,3,4,RO413
2,111480,DEVESEL,,25,252,3,3,4,RO413
3,111499,DEVESEL,227160,25,111480,22,3,4,RO413
3,111505,BATOŢI,227161,25,111480,23,3,4,RO413
3,111514,BISTREŢU,227162,25,111480,23,3,4,RO413
3,111523,DUNĂREA MICĂ,227163,25,111480,23,3,4,RO413
3,111532,SCĂPĂU,227164,25,111480,23,3,4,RO413
3,111541,TISMANA,227166,25,111480,23,3,4,RO413
2,112904,DUBOVA,,25,252,3,3,4,RO413
3,112931,DUBOVA,227170,25,112904,22,3,4,RO413
3,112922,BAIA NOUĂ,227171,25,112904,23,3,4,RO413
3,112940,EIBENTHAL,227172,25,112904,23,3,4,RO413
2,111587,DUMBRAVA,,25,252,3,3,4,RO413
3,111596,DUMBRAVA DE JOS,227178,25,111587,22,3,4,RO413
3,111603,ALBULEŞTI,227176,25,111587,23,3,4,RO413
3,110606,BRÂGLEASA,227177,25,111587,23,3,4,RO413
3,111612,DUMBRAVA DE MIJLOC,227179,25,111587,23,3,4,RO413
3,111621,DUMBRAVA DE SUS,227181,25,111587,23,3,4,RO413
3,111630,GOLINEASA,227182,25,111587,23,3,4,RO413
3,111649,HIGIU,227183,25,111587,23,3,4,RO413
3,111658,ROCŞORENI,227184,25,111587,23,3,4,RO413
3,111667,VALEA MARCULUI,227186,25,111587,23,3,4,RO413
3,111676,VARODIA,227187,25,111587,23,3,4,RO413
3,110679,VLĂDICA,227188,25,111587,23,3,4,RO413
2,112245,EŞELNIŢA,,25,252,3,3,4,RO413
3,112254,EŞELNIŢA,227195,25,112245,22,3,4,RO413
2,111685,FLOREŞTI,,25,252,3,3,4,RO413
3,111694,FLOREŞTI,227200,25,111685,22,3,4,RO413
3,111701,COPĂCIOASA,227201,25,111685,23,3,4,RO413
3,111710,GÂRDOAIA,227202,25,111685,23,3,4,RO413
3,111729,LIVEZI,227203,25,111685,23,3,4,RO413
3,111738,MOŞNENI,227204,25,111685,23,3,4,RO413
3,111747,PEŞTEANA,227206,25,111685,23,3,4,RO413
3,111756,PEŞTENUŢA,227207,25,111685,23,3,4,RO413
3,111765,STROEŞTI,227208,25,111685,23,3,4,RO413
3,111774,ZEGUJANI,227209,25,111685,23,3,4,RO413
2,111783,GÂRLA MARE,,25,252,3,3,4,RO413
3,111792,GÂRLA MARE,227210,25,111783,22,3,4,RO413
2,111818,GODEANU,,25,252,3,3,4,RO413
3,111827,GODEANU,227215,25,111818,22,3,4,RO413
3,111836,MARGA,227216,25,111818,23,3,4,RO413
3,111845,PĂUNEŞTI,227217,25,111818,23,3,4,RO413
3,111854,ŞIROCA,227218,25,111818,23,3,4,RO413
2,111863,GOGOŞU,,25,252,3,3,4,RO413
3,111872,GOGOŞU,227220,25,111863,22,3,4,RO413
3,111881,BALTA VERDE,227221,25,111863,23,3,4,RO413
3,111890,BURILA MICĂ,227222,25,111863,23,3,4,RO413
3,111907,OSTROVU MARE,227223,25,111863,23,3,4,RO413
2,111916,GRECI,,25,252,3,3,4,RO413
3,111925,GRECI,227225,25,111916,22,3,4,RO413
3,111934,BÂLTANELE,227226,25,111916,23,3,4,RO413
3,111943,BLIDARU,227227,25,111916,23,3,4,RO413
3,111952,SĂLĂTRUC,227228,25,111916,23,3,4,RO413
3,111961,VALEA PETRII,227229,25,111916,23,3,4,RO413
3,111970,VIŞINA,227231,25,111916,23,3,4,RO413
2,111989,GROZEŞTI,,25,252,3,3,4,RO413
3,111998,GROZEŞTI,227235,25,111989,22,3,4,RO413
3,112003,CÂRCENI,227236,25,111989,23,3,4,RO413
3,112012,PĂSĂRANI,227237,25,111989,23,3,4,RO413
3,112021,ŞUŞIŢA,227238,25,111989,23,3,4,RO413
2,112030,GRUIA,,25,252,3,3,4,RO413
3,112049,GRUIA,227240,25,112030,22,3,4,RO413
3,112058,IZVOARELE,227241,25,112030,23,3,4,RO413
3,112067,POIANA GRUII,227242,25,112030,23,3,4,RO413
2,112076,HINOVA,,25,252,3,3,4,RO413
3,112085,HINOVA,227245,25,112076,22,3,4,RO413
3,112094,BISTRIŢA,227246,25,112076,23,3,4,RO413
3,112101,CÂRJEI,227247,25,112076,23,3,4,RO413
3,112110,OSTROVU CORBULUI,227248,25,112076,23,3,4,RO413
2,112129,HUSNICIOARA,,25,252,3,3,4,RO413
3,112138,HUSNICIOARA,227250,25,112129,22,3,4,RO413
3,112147,ALUNIŞUL,227251,25,112129,23,3,4,RO413
3,112156,BĂDIŢEŞTI,227252,25,112129,23,3,4,RO413
3,112165,BOROGEA,227253,25,112129,23,3,4,RO413
3,112174,CELNATA,227254,25,112129,23,3,4,RO413
3,112183,DUMBRĂVIŢA,227256,25,112129,23,3,4,RO413
3,112192,MARMANU,227257,25,112129,23,3,4,RO413
3,112209,OPRĂNEŞTI,227258,25,112129,23,3,4,RO413
3,112218,PERI,227259,25,112129,23,3,4,RO413
3,112227,PRIBOIEŞTI,227261,25,112129,23,3,4,RO413
3,112236,SELIŞTENI,227262,25,112129,23,3,4,RO413
2,112263,ILOVĂŢ,,25,252,3,3,4,RO413
3,112272,ILOVĂŢ,227270,25,112263,22,3,4,RO413
3,112281,BUDĂNEŞTI,227271,25,112263,23,3,4,RO413
3,112290,CRACU LUNG,227272,25,112263,23,3,4,RO413
3,112307,DÂLBOCIŢA,227273,25,112263,23,3,4,RO413
3,112316,FIRIZU,227274,25,112263,23,3,4,RO413
3,112325,RACOVA,227276,25,112263,23,3,4,RO413
2,112334,ILOVIŢA,,25,252,3,3,4,RO413
3,112343,ILOVIŢA,227280,25,112334,22,3,4,RO413
3,112352,BAHNA,227281,25,112334,23,3,4,RO413
3,112361,MOISEŞTI,227282,25,112334,23,3,4,RO413
2,112370,ISVERNA,,25,252,3,3,4,RO413
3,112389,ISVERNA,227285,25,112370,22,3,4,RO413
3,112398,BUSEŞTI,227286,25,112370,23,3,4,RO413
3,112405,CERNA-VÂRF,227287,25,112370,23,3,4,RO413
3,112414,DRĂGHEŞTI,227288,25,112370,23,3,4,RO413
3,112423,GIURGIANI,227289,25,112370,23,3,4,RO413
3,112432,NADANOVA,227291,25,112370,23,3,4,RO413
3,112441,SELIŞTEA,227292,25,112370,23,3,4,RO413
3,112450,TURTABA,227293,25,112370,23,3,4,RO413
2,112469,IZVORU BÂRZII,,25,252,3,3,4,RO413
3,112478,IZVORU BÂRZII,227295,25,112469,22,3,4,RO413
3,112487,BALOTEŞTI,227296,25,112469,23,3,4,RO413
3,112496,HALÂNGA,227297,25,112469,23,3,4,RO413
3,112502,PUŢINEI,227298,25,112469,23,3,4,RO413
3,112511,RĂSCOLEŞTI,227299,25,112469,23,3,4,RO413
3,112520,SCHINTEIEŞTI,227301,25,112469,23,3,4,RO413
3,112539,SCHITU TOPOLNIŢEI,227302,25,112469,23,3,4,RO413
2,112548,JIANA,,25,252,3,3,4,RO413
3,112557,JIANA,227305,25,112548,22,3,4,RO413
3,112566,CIOROBORENI,227306,25,112548,23,3,4,RO413
3,112575,DĂNCEU,227307,25,112548,23,3,4,RO413
3,112584,JIANA MARE,227308,25,112548,23,3,4,RO413
3,112593,JIANA VECHE,227309,25,112548,23,3,4,RO413
2,112600,LIVEZILE,,25,252,3,3,4,RO413
3,112619,LIVEZILE,227310,25,112600,22,3,4,RO413
3,112628,IZVORĂLU DE JOS,227311,25,112600,23,3,4,RO413
3,112637,IZVORU ANEŞTILOR,227312,25,112600,23,3,4,RO413
3,112646,PETRIŞ,227313,25,112600,23,3,4,RO413
3,112655,ŞTEFAN ODOBLEJA,227314,25,112600,23,3,4,RO413
2,112664,MALOVĂŢ,,25,252,3,3,4,RO413
3,112673,MALOVĂŢ,227315,25,112664,22,3,4,RO413
3,112735,23 AUGUST,227316,25,112664,23,3,4,RO413
3,112726,BÂRDA,227317,25,112664,23,3,4,RO413
3,112682,BOBAIŢA,227318,25,112664,23,3,4,RO413
3,112691,COLIBAŞI,227319,25,112664,23,3,4,RO413
3,112708,LAZU,227321,25,112664,23,3,4,RO413
3,112717,NEGREŞTI,227322,25,112664,23,3,4,RO413
2,112744,OBÂRŞIA DE CÂMP,,25,252,3,3,4,RO413
3,112753,OBÂRŞIA DE CÂMP,227325,25,112744,22,3,4,RO413
3,112762,IZIMŞA,227326,25,112744,23,3,4,RO413
2,110027,OBÂRŞIA-CLOŞANI,,25,252,3,3,4,RO413
3,110036,OBÂRŞIA-CLOŞANI,227330,25,110027,22,3,4,RO413
3,110045,GODEANU,227331,25,110027,23,3,4,RO413
2,112771,OPRIŞOR,,25,252,3,3,4,RO413
3,112780,OPRIŞOR,227335,25,112771,22,3,4,RO413
3,112799,PRISĂCEAUA,227336,25,112771,23,3,4,RO413
2,112806,PĂDINA,,25,252,3,3,4,RO413
3,112815,PĂDINA MARE,227344,25,112806,22,3,4,RO413
3,112824,BIBAN,227341,25,112806,23,3,4,RO413
3,112833,IABLANIŢA,227342,25,112806,23,3,4,RO413
3,112842,OLTEANCA,227343,25,112806,23,3,4,RO413
3,112851,PĂDINA MICĂ,227346,25,112806,23,3,4,RO413
3,112860,SLAŞOMA,227347,25,112806,23,3,4,RO413
2,112879,PĂTULELE,,25,252,3,3,4,RO413
3,112888,PĂTULELE,227350,25,112879,22,3,4,RO413
3,112897,VIAŞU,227351,25,112879,23,3,4,RO413
2,112959,PODENI,,25,252,3,3,4,RO413
3,112968,PODENI,227355,25,112959,22,3,4,RO413
3,112977,GORNENŢI,227356,25,112959,23,3,4,RO413
3,112986,MĂLĂRIŞCA,227357,25,112959,23,3,4,RO413
2,112995,PONOARELE,,25,252,3,3,4,RO413
3,113000,PONOARELE,227360,25,112995,22,3,4,RO413
3,113019,BĂLUŢA,227361,25,112995,23,3,4,RO413
3,113028,BÂRÂIACU,227362,25,112995,23,3,4,RO413
3,113037,BRÂNZENI,227363,25,112995,23,3,4,RO413
3,113046,BUICANI,227364,25,112995,23,3,4,RO413
3,113055,CEPTURENI,227366,25,112995,23,3,4,RO413
3,113064,CRACU MUNTELUI,227367,25,112995,23,3,4,RO413
3,113073,DELURENI,227368,25,112995,23,3,4,RO413
3,113082,GĂRDĂNEASA,227369,25,112995,23,3,4,RO413
3,113091,GHEORGHEŞTI,227371,25,112995,23,3,4,RO413
3,113108,LUDU,227372,25,112995,23,3,4,RO413
3,113117,PROITEŞTI,227373,25,112995,23,3,4,RO413
3,113126,RĂICULEŞTI,227374,25,112995,23,3,4,RO413
3,113135,ŞIPOTU,227376,25,112995,23,3,4,RO413
3,113144,VALEA URSULUI,227377,25,112995,23,3,4,RO413
2,113153,POROINA MARE,,25,252,3,3,4,RO413
3,113162,POROINA MARE,227380,25,113153,22,3,4,RO413
3,113171,FÂNTÂNILE NEGRE,227381,25,113153,23,3,4,RO413
3,113180,STIGNIŢA,227382,25,113153,23,3,4,RO413
3,113199,ŞIPOTU,227383,25,113153,23,3,4,RO413
2,113206,PRISTOL,,25,252,3,3,4,RO413
3,113215,PRISTOL,227385,25,113206,22,3,4,RO413
3,113224,COZIA,227386,25,113206,23,3,4,RO413
2,113233,PRUNIŞOR,,25,252,3,3,4,RO413
3,113242,PRUNIŞOR,227390,25,113233,22,3,4,RO413
3,113251,ARVĂTEŞTI,227391,25,113233,23,3,4,RO413
3,113260,BALOTA,227392,25,113233,23,3,4,RO413
3,113279,BÂLTANELE,227393,25,113233,23,3,4,RO413
3,113288,CERVENIŢA,227394,25,113233,23,3,4,RO413
3,113297,DRAGOTEŞTI,227396,25,113233,23,3,4,RO413
3,113304,FÂNTÂNA DOMNEASCĂ,227397,25,113233,23,3,4,RO413
3,113322,GÂRNIŢA,227398,25,113233,23,3,4,RO413
3,113313,GHELMEGIOAIA,227399,25,113233,23,3,4,RO413
3,113331,GUTU,227401,25,113233,23,3,4,RO413
3,113340,IGIROASA,227402,25,113233,23,3,4,RO413
3,113359,LUMNIC,227403,25,113233,23,3,4,RO413
3,113368,MIJARCA,227404,25,113233,23,3,4,RO413
3,113377,PRUNARU,227406,25,113233,23,3,4,RO413
3,113386,ZEGAIA,227407,25,113233,23,3,4,RO413
2,113395,PUNGHINA,,25,252,3,3,4,RO413
3,113402,PUNGHINA,227410,25,113395,22,3,4,RO413
3,113411,CEARÂNGU,227411,25,113395,23,3,4,RO413
3,113420,DRINCEA,227412,25,113395,23,3,4,RO413
3,113439,MĂGURELE,227413,25,113395,23,3,4,RO413
3,113448,RECEA,227414,25,113395,23,3,4,RO413
3,113457,SATU NOU,227416,25,113395,23,3,4,RO413
2,113466,ROGOVA,,25,252,3,3,4,RO413
3,113475,ROGOVA,227420,25,113466,22,3,4,RO413
3,113484,POROINIŢA,227421,25,113466,23,3,4,RO413
2,113493,SALCIA,,25,252,3,3,4,RO413
3,113509,SALCIA,227425,25,113493,22,3,4,RO413
2,113518,STÂNGĂCEAUA,,25,252,3,3,4,RO413
3,113527,STÂNGĂCEAUA,227430,25,113518,22,3,4,RO413
3,113536,BÂRLOGENI,227431,25,113518,23,3,4,RO413
3,113545,BREZNICIOARA,227432,25,113518,23,3,4,RO413
3,113554,CERÂNGANUL,227433,25,113518,23,3,4,RO413
3,113563,FAŢA MOTRULUI,227434,25,113518,23,3,4,RO413
3,113572,POŞTA VECHE,227436,25,113518,23,3,4,RO413
3,113581,SATU MARE,227437,25,113518,23,3,4,RO413
3,113590,TÂRSA,227438,25,113518,23,3,4,RO413
2,113607,SVINIŢA,,25,252,3,3,4,RO413
3,113616,SVINIŢA,227440,25,113607,22,3,4,RO413
2,109826,ŞIMIAN,,25,252,3,3,4,RO413
3,109835,ŞIMIAN,227445,25,109826,22,3,4,RO413
3,109844,CERNEŢI,227446,25,109826,23,3,4,RO413
3,109853,DEDOVIŢA NOUĂ,227447,25,109826,23,3,4,RO413
3,109862,DEDOVIŢA VECHE,227448,25,109826,23,3,4,RO413
3,109871,DUDAŞU,227449,25,109826,23,3,4,RO413
3,109880,ERGHEVIŢA,227451,25,109826,23,3,4,RO413
3,109899,POROINA,227452,25,109826,23,3,4,RO413
3,109906,VALEA COPCII,227453,25,109826,23,3,4,RO413
2,113625,ŞIŞEŞTI,,25,252,3,3,4,RO413
3,113634,ŞIŞEŞTI,227455,25,113625,22,3,4,RO413
3,113643,CĂRĂMIDARU,227456,25,113625,23,3,4,RO413
3,113652,CIOVÂRNĂŞANI,227457,25,113625,23,3,4,RO413
3,113661,COCOROVA,227458,25,113625,23,3,4,RO413
3,113670,CRĂGUEŞTI,227459,25,113625,23,3,4,RO413
3,113689,NOAPTEŞA,227461,25,113625,23,3,4,RO413
2,113698,ŞOVARNA,,25,252,3,3,4,RO413
3,113705,ŞOVARNA,227465,25,113698,22,3,4,RO413
3,113714,OHABA,227466,25,113698,23,3,4,RO413
3,113723,STUDINA,227467,25,113698,23,3,4,RO413
2,113732,TÂMNA,,25,252,3,3,4,RO413
3,113741,TÂMNA,227470,25,113732,22,3,4,RO413
3,110599,ADUNAŢII TEIULUI,227471,25,113732,23,3,4,RO413
3,113750,BOCENI,227472,25,113732,23,3,4,RO413
3,113769,COLAREŢ,227473,25,113732,23,3,4,RO413
3,113778,CREMENEA,227474,25,113732,23,3,4,RO413
3,113787,FAŢA CREMENII,227476,25,113732,23,3,4,RO413
3,113796,IZVORĂLU,227477,25,113732,23,3,4,RO413
3,113803,MANU,227478,25,113732,23,3,4,RO413
3,113812,PAVĂŢ,227479,25,113732,23,3,4,RO413
3,113821,PLOPI,227481,25,113732,23,3,4,RO413
3,113830,VALEA URSULUI,227482,25,113732,23,3,4,RO413
2,113849,VÂNĂTORI,,25,252,3,3,4,RO413
3,113858,VÂNĂTORI,227490,25,113849,22,3,4,RO413
3,113885,ROŞIORI,227493,25,113849,23,3,4,RO413
2,113894,VÂNJULEŢ,,25,252,3,3,4,RO413
3,113901,VÂNJULEŢ,227495,25,113894,22,3,4,RO413
3,113910,HOTĂRANI,227496,25,113894,23,3,4,RO413
2,113929,VLĂDAIA,,25,252,3,3,4,RO413
3,113938,VLĂDAIA,227500,25,113929,22,3,4,RO413
3,113947,ALMĂJEL,227501,25,113929,23,3,4,RO413
3,113956,SCORILA,227502,25,113929,23,3,4,RO413
3,113965,ŞTIRCOVIŢA,227503,25,113929,23,3,4,RO413
2,113974,VOLOIAC,,25,252,3,3,4,RO413
3,113983,VOLOIAC,227505,25,113974,22,3,4,RO413
3,113992,COTOROAIA,227506,25,113974,23,3,4,RO413
3,114006,LAC,227507,25,113974,23,3,4,RO413
3,114015,RUPTURA,227508,25,113974,23,3,4,RO413
3,114024,SPERLEŞTI,227509,25,113974,23,3,4,RO413
3,114033,ŢIŢIRIGI,227511,25,113974,23,3,4,RO413
3,114042,VALEA BUNĂ,227512,25,113974,23,3,4,RO413
3,114051,VOLOICEL,227513,25,113974,23,3,4,RO413
2,114079,VRATA,,25,252,3,3,4,RO413
3,111809,VRATA,227211,25,114079,22,3,4,RO413
1,261,JUDEŢUL MUREŞ,,26,1,40,0,7,
2,114319,MUNICIPIUL TÂRGU MUREŞ,,26,261,1,1,7,
3,114328,TÂRGU MUREŞ,540146,26,114319,9,1,7,
3,114337,MUREŞENI,540001,26,114319,10,1,7,
3,114346,REMETEA,540002,26,114319,10,1,7,
2,114809,MUNICIPIUL REGHIN,,26,261,4,1,7,
3,114818,REGHIN,545300,26,114809,9,1,7,
3,114827,APALINA,545301,26,114809,10,1,7,
3,114836,IERNUŢENI,545302,26,114809,10,1,7,
2,114514,MUNICIPIUL SIGHIŞOARA,,26,261,4,1,7,
3,114523,SIGHIŞOARA,545400,26,114514,9,1,7,
3,114532,ANGOFA,545401,26,114514,10,1,7,
3,114541,AUREL VLAICU,545402,26,114514,10,1,7,
3,114596,HETIUR,545403,26,114514,11,1,7,
3,114550,RORA,545404,26,114514,10,1,7,
3,114569,ŞOROMICLEA,545405,26,114514,10,1,7,
3,114578,VENCHI,545406,26,114514,10,1,7,
3,114587,VIILOR,545407,26,114514,10,1,7,
2,114925,MUNICIPIUL TÂRNĂVENI,,26,261,4,1,7,
3,114934,TÂRNĂVENI,545600,26,114925,9,1,7,
3,114961,BOBOHALMA,545601,26,114925,11,1,7,
3,114943,BOTORCA,545602,26,114925,10,1,7,
3,116956,CUŞTELNIC,545603,26,114925,11,1,7,
2,117827,ORAŞ IERNUT,,26,261,2,1,7,
3,117836,IERNUT,545100,26,117827,17,1,7,
3,117845,CIPĂU,545101,26,117827,19,1,7,
3,117854,DEAG,545102,26,117827,19,1,7,
3,117863,LECHINŢA,545103,26,117827,19,1,7,
3,117872,OARBA DE MUREŞ,545104,26,117827,19,1,7,
3,117881,PORUMBAC,545105,26,117827,19,1,7,
3,117890,RACAMEŢ,545106,26,117827,19,1,7,
3,117907,SĂLCUD,545107,26,117827,19,1,7,
3,117916,SFÂNTU GHEORGHE,545108,26,117827,19,1,7,
2,114710,ORAŞ LUDUŞ,,26,261,2,1,7,
3,114729,LUDUŞ,545200,26,114710,17,1,7,
3,114738,AVRĂMEŞTI,545201,26,114710,18,1,7,
3,114747,CIOARGA,545202,26,114710,18,1,7,
3,114756,CIURGĂU,545203,26,114710,18,1,7,
3,114765,FUNDĂTURA,545204,26,114710,18,1,7,
3,114774,GHEJA,545205,26,114710,18,1,7,RO125
3,114783,ROŞIORI,545206,26,114710,18,1,7,RO125
2,118281,ORAŞ MIERCUREA NIRAJULUI,,26,261,2,1,7,RO125
3,118290,MIERCUREA NIRAJULUI,547410,26,118281,17,1,7,RO125
3,118307,BEU,547411,26,118281,18,1,7,RO125
3,118316,DUMITREŞTII,547412,26,118281,18,1,7,RO125
3,118325,LĂURENI,547413,26,118281,18,1,7,RO125
3,118334,MOŞUNI,547414,26,118281,18,1,7,RO125
3,118343,ŞARDU NIRAJULUI,547416,26,118281,18,1,7,RO125
3,118352,TÂMPA,547417,26,118281,18,1,7,RO125
3,118361,VEŢA,547418,26,118281,18,1,7,RO125
2,119242,ORAŞ SĂRMAŞU,,26,261,2,1,7,RO125
3,119251,SARMAŞU,547515,26,119242,17,1,7,RO125
3,119260,BALDA,547516,26,119242,18,1,7,RO125
3,119279,LARGA,547517,26,119242,18,1,7,RO125
3,119288,MORUŢ,547518,26,119242,18,1,7,RO125
3,119297,SĂRMĂŞEL,547519,26,119242,18,1,7,RO125
3,119304,SĂRMĂŞEL-GARĂ,547521,26,119242,18,1,7,RO125
3,119313,TITIANA,547522,26,119242,18,1,7,RO125
3,119322,VIŞINELU,547523,26,119242,18,1,7,RO125
2,119331,ORAŞ SÂNGEORGIU DE PĂDURE,,26,261,2,1,7,RO125
3,119340,SÂNGEORGIU DE PĂDURE,547535,26,119331,17,1,7,RO125
3,119359,BEZID,547536,26,119331,18,1,7,RO125
3,119368,BEZIDU NOU,547537,26,119331,18,1,7,RO125
3,119377,LOŢU,547538,26,119331,18,1,7,RO125
2,114854,ORAŞ SOVATA,,26,261,2,1,7,RO125
3,114863,SOVATA,545500,26,114854,17,1,7,RO125
3,114872,CĂPEŢI,545501,26,114854,18,1,7,RO125
3,114881,ILIEŞI,545502,26,114854,18,1,7,RO125
3,114890,SĂCĂDAT,545503,26,114854,18,1,7,RO125
2,119894,ORAŞ UNGHENI,,26,261,2,1,7,RO125
3,119901,UNGHENI,547605,26,119894,17,1,7,RO125
3,119910,CERGHID,547606,26,119894,18,1,7,RO125
3,119929,CERGHIZEL,547607,26,119894,18,1,7,RO125
3,119938,MOREŞTI,547608,26,119894,18,1,7,RO125
3,119947,RECEA,547609,26,119894,18,1,7,RO125
3,119956,ŞĂUŞA,547610,26,119894,18,1,7,RO125
3,119965,VIDRASĂU,547612,26,119894,18,1,7,RO125
2,114970,ACĂŢARI,,26,261,3,3,7,RO125
3,114989,ACĂŢARI,547005,26,114970,22,3,7,RO125
3,114998,CORBEŞTI,547006,26,114970,23,3,7,RO125
3,115003,GĂIEŞTI,547007,26,114970,23,3,7,RO125
3,115012,GRUIŞOR,547008,26,114970,23,3,7,RO125
3,115021,MURGEŞTI,547009,26,114970,23,3,7,RO125
3,115030,ROTENI,547010,26,114970,23,3,7,RO125
3,115049,STEJERIŞ,547012,26,114970,23,3,7,RO125
3,115058,SUVEICA,547013,26,114970,23,3,7,RO125
3,115067,VĂLENII,547014,26,114970,23,3,7,RO125
2,115076,ADĂMUŞ,,26,261,3,3,7,RO125
3,115085,ADĂMUŞ,547015,26,115076,22,3,7,RO125
3,115094,CHINCIUŞ,547016,26,115076,23,3,7,RO125
3,115101,CORNEŞTI,547017,26,115076,23,3,7,RO125
3,115110,CRĂIEŞTI,547018,26,115076,23,3,7,RO125
3,115129,DÂMBĂU,547019,26,115076,23,3,7,RO125
3,115138,HEREPEA,547020,26,115076,23,3,7,RO125
2,114603,ALBEŞTI,,26,261,3,3,7,RO125
3,114612,ALBEŞTI,547025,26,114603,22,3,7,RO125
3,114621,BÂRLIBĂŞOAIA,547026,26,114603,23,3,7,RO125
3,114630,BOIU,547027,26,114603,23,3,7,RO125
3,114649,JACU,547028,26,114603,23,3,7,RO125
3,114658,ŞAPARTOC,547029,26,114603,23,3,7,RO125
3,114667,ŢOPA,547031,26,114603,23,3,7,RO125
3,114676,VALEA ALBEŞTIULUI,547032,26,114603,23,3,7,RO125
3,114685,VALEA DĂII,547033,26,114603,23,3,7,RO125
3,114694,VALEA ŞAPARTOCULUI,547034,26,114603,23,3,7,RO125
2,115147,ALUNIŞ,,26,261,3,3,7,RO125
3,115156,ALUNIŞ,547035,26,115147,22,3,7,RO125
3,115165,FIŢCĂU,547036,26,115147,23,3,7,RO125
3,115174,LUNCA MUREŞULUI,547037,26,115147,23,3,7,RO125
2,115183,APOLD,,26,261,3,3,7,RO125
3,115192,APOLD,547040,26,115183,22,3,7,RO125
3,115209,DAIA,547041,26,115183,23,3,7,RO125
3,115218,ŞAEŞ,547042,26,115183,23,3,7,RO125
3,115227,VULCAN,547043,26,115183,23,3,7,RO125
2,115236,AŢINTIŞ,,26,261,3,3,7,RO125
3,115245,AŢINTIŞ,547045,26,115236,22,3,7,RO125
3,115254,BOTEZ,547046,26,115236,23,3,7,RO125
3,115263,CECĂLACA,547047,26,115236,23,3,7,RO125
3,115272,IŞTIHAZA,547048,26,115236,23,3,7,RO125
3,115281,MALDAOCI,547049,26,115236,23,3,7,RO125
3,115290,SÂNIACOB,547051,26,115236,23,3,7,RO125
2,115307,BAHNEA,,26,261,3,3,7,RO125
3,115316,BAHNEA,547055,26,115307,22,3,7,RO125
3,115325,BERNADEA,547056,26,115307,23,3,7,RO125
3,115334,CUND,547057,26,115307,23,3,7,RO125
3,115343,DAIA,547058,26,115307,23,3,7,RO125
3,115352,GOGAN,547059,26,115307,23,3,7,RO125
3,115361,IDICIU,547060,26,115307,23,3,7,RO125
3,115370,LEPINDEA,547062,26,115307,23,3,7,RO125
2,115389,BAND,,26,261,3,3,7,RO125
3,115398,BAND,547065,26,115389,22,3,7,RO125
3,115405,DRĂCULEA BANDULUI,547066,26,115389,23,3,7,RO125
3,115414,FÂNAŢE,547067,26,115389,23,3,7,RO125
3,115432,IŞTAN-TĂU,547069,26,115389,23,3,7,RO125
3,115450,MĂRĂŞEŞTI,547061,26,115389,23,3,7,RO125
3,115469,NEGRENII DE CÂMPIE,547073,26,115389,23,3,7,RO125
3,115478,OROIU,547074,26,115389,23,3,7,RO125
3,115487,PETEA,547075,26,115389,23,3,7,RO125
3,115496,ŢIPTELNIC,547077,26,115389,23,3,7,RO125
3,115502,VALEA MARE,547078,26,115389,23,3,7,RO125
3,115511,VALEA RECE,547079,26,115389,23,3,7,RO125
2,115520,BATOŞ,,26,261,3,3,7,RO125
3,115539,BATOŞ,547085,26,115520,22,3,7,RO125
3,115548,DEDRAD,547086,26,115520,23,3,7,RO125
3,115557,GORENI,547087,26,115520,23,3,7,RO125
3,115566,UILA,547088,26,115520,23,3,7,RO125
2,115575,BĂGACIU,,26,261,3,3,7,RO125
3,115584,BĂGACIU,547090,26,115575,22,3,7,RO125
3,115593,DELENII,547091,26,115575,23,3,7,RO125
2,115600,BĂLA,,26,261,3,3,7,RO125
3,115619,BĂLA,547095,26,115600,22,3,7,RO125
3,115628,ERCEA,547096,26,115600,23,3,7,RO125
2,115637,BĂLĂUŞERI,,26,261,3,3,7,RO125
3,115646,BĂLĂUŞERI,547100,26,115637,22,3,7,RO125
3,115655,AGRIŞTEU,547101,26,115637,23,3,7,RO125
3,115664,CHENDU,547102,26,115637,23,3,7,RO125
3,115673,DUMITRENI,547103,26,115637,23,3,7,RO125
3,115682,FILITELNIC,547104,26,115637,23,3,7,RO125
3,115691,SENEREUŞ,547106,26,115637,23,3,7,RO125
2,115708,BEICA DE JOS,,26,261,3,3,7,RO125
3,115717,BEICA DE JOS,547110,26,115708,22,3,7,RO125
3,115726,BEICA DE SUS,547111,26,115708,23,3,7,RO125
3,115735,CĂCUCIU,547112,26,115708,23,3,7,RO125
3,115744,NADĂŞA,547113,26,115708,23,3,7,RO125
3,115753,SÂNMIHAI DE PĂDURE,547114,26,115708,23,3,7,RO125
3,115762,ŞERBENI,547116,26,115708,23,3,7,RO125
2,120511,BERENI,,26,261,3,3,7,RO125
3,118110,BERENI,547387,26,120511,22,3,7,RO125
3,118129,BÂRA,547386,26,120511,23,3,7,RO125
3,118138,CÂNDU,547388,26,120511,23,3,7,RO125
3,118147,DROJDII,547389,26,120511,23,3,7,RO125
3,118156,EREMIENI,547391,26,120511,23,3,7,RO125
3,118165,MAIA,547392,26,120511,23,3,7,RO125
3,118174,MĂRCULENI,547393,26,120511,23,3,7,RO125
2,115771,BICHIŞ,,26,261,3,3,7,RO125
3,115780,BICHIŞ,547120,26,115771,22,3,7,RO125
3,115799,GÂMBUŢ,547121,26,115771,23,3,7,RO125
3,115806,NANDRA,547122,26,115771,23,3,7,RO125
3,115815,OZD,547123,26,115771,23,3,7,RO125
2,115824,BOGATA,,26,261,3,3,7,RO125
3,115833,BOGATA,547125,26,115824,22,3,7,RO125
3,115842,RANTA,547126,26,115824,23,3,7,RO125
2,115897,BRÂNCOVENEŞTI,,26,261,3,3,7,RO125
3,115904,BRÂNCOVENEŞTI,547130,26,115897,22,3,7,RO125
3,115913,IDICEL,547131,26,115897,23,3,7,RO125
3,115922,IDICEL-PĂDURE,547132,26,115897,23,3,7,RO125
3,115931,SĂCALU DE PĂDURE,547133,26,115897,23,3,7,RO125
3,115940,VĂLENII DE MUREŞ,547134,26,115897,23,3,7,RO125
2,115851,BREAZA,,26,261,3,3,7,RO125
3,115860,BREAZA,547135,26,115851,22,3,7,RO125
3,115879,FILPIŞU MARE,547136,26,115851,23,3,7,RO125
3,115888,FILPIŞU MIC,547137,26,115851,23,3,7,RO125
2,115959,CEUAŞU DE CÂMPIE,,26,261,3,3,7,RO125
3,115968,CEUAŞU DE CÂMPIE,547120,26,115959,22,3,7,RO125
3,115977,BOZED,547141,26,115959,23,3,7,RO125
3,115986,CÂMPENIŢA,547142,26,115959,23,3,7,RO125
3,115995,CULPIU,547143,26,115959,23,3,7,RO125
3,116000,HERGHELIA,547144,26,115959,23,3,7,RO125
3,116019,PORUMBENI,547145,26,115959,23,3,7,RO125
3,116028,SĂBED,547146,26,115959,23,3,7,RO125
3,116037,VOINICENI,547148,26,115959,23,3,7,RO125
2,116046,CHEŢANI,,26,261,3,3,7,RO125
3,116055,CHEŢANI,547150,26,116046,22,3,7,RO125
3,116064,COASTA GRINDULUI,547151,26,116046,23,3,7,RO125
3,116073,CORDOŞ,547152,26,116046,23,3,7,RO125
3,116082,GIURGIŞ,547153,26,116046,23,3,7,RO125
3,116091,GRINDENI,547154,26,116046,23,3,7,RO125
3,116108,HĂDĂRENI,547156,26,116046,23,3,7,RO125
3,116117,LINŢ,547157,26,116046,23,3,7,RO125
2,120478,CHIBED,,26,261,3,3,7,RO125
3,117088,CHIBED,547268,26,120478,22,3,7,RO125
2,116126,CHIHERU DE JOS,,26,261,3,3,7,RO125
3,116135,CHIHERU DE JOS,547160,26,116126,22,3,7,RO125
3,116144,CHIHERU DE SUS,547161,26,116126,23,3,7,RO125
3,116153,URISIU DE JOS,547162,26,116126,23,3,7,RO125
3,116162,URISIU DE SUS,547163,26,116126,23,3,7,RO125
2,116171,COROISÂNMĂRTIN,,26,261,3,3,7,RO125
3,116180,COROISÂNMĂRTIN,547165,26,116171,22,3,7,RO125
3,116199,COROI,547166,26,116171,23,3,7,RO125
3,116206,ODRIHEI,547167,26,116171,23,3,7,RO125
3,116215,ŞOIMUŞ,547168,26,116171,23,3,7,RO125
2,120487,CORUNCA,,26,261,3,3,7,RO125
3,117952,CORUNCA,547367,26,120487,22,3,7,RO125
3,117943,BOZENI,547366,26,120487,23,3,7,RO125
2,116224,COZMA,,26,261,3,3,7,RO125
3,116233,COZMA,547170,26,116224,22,3,7,RO125
3,116242,FÂNAŢELE SOCOLULUI,547171,26,116224,23,3,7,RO125
3,116251,SOCOLU DE CÂMPIE,547172,26,116224,23,3,7,RO125
3,116260,VALEA SASULUI,547173,26,116224,23,3,7,RO125
3,116279,VALEA UNGURULUI,547174,26,116224,23,3,7,RO125
2,116288,CRĂCIUNEŞTI,,26,261,3,3,7,RO125
3,116297,CRĂCIUNEŞTI,547175,26,116288,22,3,7,RO125
3,116304,BUDIU MIC,547176,26,116288,23,3,7,RO125
3,120539,CIBA,547184,26,116288,23,3,7,RO125
3,116313,CINTA,547177,26,116288,23,3,7,RO125
3,116322,CORNEŞTI,547017,26,116288,23,3,7,RO125
3,120548,FOI,547187,26,116288,23,3,7,RO125
3,120557,NICOLEŞTI,547188,26,116288,23,3,7,RO125
3,116331,TIRIMIOARA,547179,26,116288,23,3,7,RO125
2,116340,CRĂIEŞTI,,26,261,3,3,7,RO125
3,116359,CRĂIEŞTI,547180,26,116340,22,3,7,RO125
3,116368,LEFAIA,547181,26,116340,23,3,7,RO125
3,116377,MILĂŞEL,547182,26,116340,23,3,7,RO125
3,116386,NIMA MILĂŞELULUI,547183,26,116340,23,3,7,RO125
2,114355,CRISTEŞTI,,26,261,3,3,7,RO125
3,114364,CRISTEŞTI,547185,26,114355,22,3,7,RO125
3,114373,VĂLURENI,547186,26,114355,23,3,7,RO125
2,116395,CUCERDEA,,26,261,3,3,7,RO125
3,116402,CUCERDEA,547190,26,116395,22,3,7,RO125
3,116411,BORD,547191,26,116395,23,3,7,RO125
3,116420,ŞEULIA DE MUREŞ,547192,26,116395,23,3,7,RO125
2,116439,CUCI,,26,261,3,3,7,RO125
3,116448,CUCI,547195,26,116439,22,3,7,RO125
3,116457,DĂTĂŞENI,547196,26,116439,23,3,7,RO125
3,116466,DUPĂ DEAL,547197,26,116439,23,3,7,RO125
3,116475,OROSIA,547198,26,116439,23,3,7,RO125
3,116484,PETRILACA,547199,26,116439,23,3,7,RO125
2,116493,DANEŞ,,26,261,3,3,7,RO125
3,116509,DANEŞ,547200,26,116493,22,3,7,RO125
3,116518,CRIŞ,547201,26,116493,23,3,7,RO125
3,116527,SELEUŞ,547202,26,116493,23,3,7,RO125
3,116536,STEJĂRENII,547203,26,116493,23,3,7,RO125
2,116545,DEDA,,26,261,3,3,7,RO125
3,116554,DEDA,547205,26,116545,22,3,7,RO125
3,116563,BISTRA MUREŞULUI,547206,26,116545,23,3,7,RO125
3,116572,FILEA,547207,26,116545,23,3,7,RO125
3,116581,PIETRIŞ,547208,26,116545,23,3,7,RO125
2,116590,EREMITU,,26,261,3,3,7,RO125
3,116607,EREMITU,547210,26,116590,22,3,7,RO125
3,116616,CĂLUGĂRENI,547211,26,116590,23,3,7,RO125
3,116625,CÂMPU CETĂŢII,547212,26,116590,23,3,7,RO125
3,116634,DĂMIENI,547213,26,116590,23,3,7,RO125
3,116643,MĂTRICI,547214,26,116590,23,3,7,RO125
2,116652,ERNEI,,26,261,3,3,7,RO125
3,116661,ERNEI,547215,26,116652,22,3,7,RO125
3,116670,CĂLUŞERI,547216,26,116652,23,3,7,RO125
3,116689,DUMBRĂVIOARA,547217,26,116652,23,3,7,RO125
3,116698,ICLAND,547218,26,116652,23,3,7,RO125
3,116705,SĂCĂRENI,547219,26,116652,23,3,7,RO125
3,116714,SÂNGERU DE PĂDURE,547221,26,116652,23,3,7,RO125
2,116723,FĂRĂGĂU,,26,261,3,3,7,RO125
3,116732,FĂRĂGĂU,547255,26,116723,22,3,7,RO125
3,116741,FÂNAŢE,547601,26,116723,23,3,7,RO125
3,116750,HODAIA,547227,26,116723,23,3,7,RO125
3,116769,ONUCA,547228,26,116723,23,3,7,RO125
3,116778,POARTA,547229,26,116723,23,3,7,RO125
3,116787,TONCIU,547231,26,116723,23,3,7,RO125
2,116796,FÂNTÂNELE,,26,261,3,3,7,RO125
3,116803,FÂNTÂNELE,547235,26,116796,22,3,7,RO125
3,116812,BORDOŞIU,547236,26,116796,23,3,7,RO125
3,116821,CĂLIMĂNEŞTI,547237,26,116796,23,3,7,RO125
3,116830,CIBU,547238,26,116796,23,3,7,RO125
3,116849,ROUA,547239,26,116796,23,3,7,RO125
3,116858,VIFOROASA,547241,26,116796,23,3,7,RO125
2,116867,GĂLEŞTI,,26,261,3,3,7,RO125
3,116876,GĂLEŞTI,547235,26,116867,22,3,7,RO125
3,116885,ADRIANU MARE,547246,26,116867,23,3,7,RO125
3,116894,ADRIANU MIC,547247,26,116867,23,3,7,RO125
3,116901,BEDENI,547248,26,116867,23,3,7,RO125
3,116910,MAIAD,547249,26,116867,23,3,7,RO125
3,120520,SÂNVĂSII,547244,26,116867,23,3,7,RO125
3,116929,TROIŢA,547251,26,116867,23,3,7,RO125
2,116938,GĂNEŞTI,,26,261,3,3,7,RO125
3,116947,GĂNEŞTI,547255,26,116938,22,3,7,RO125
3,116965,PĂUCIŞOARA,547256,26,116938,23,3,7,RO125
3,120566,SEUCA,547258,26,116938,23,3,7,RO125
3,116974,SUB PĂDURE,547257,26,116938,23,3,7,RO125
2,116983,GHEORGHE DOJA,,26,261,3,3,7,RO125
3,116992,GHEORGHE DOJA,547260,26,116983,22,3,7,RO125
3,117006,ILIENI,547261,26,116983,23,3,7,RO125
3,117015,LEORDENI,547262,26,116983,23,3,7,RO125
3,117024,SATU NOU,547263,26,116983,23,3,7,RO125
3,117033,TIRIMIA,547264,26,116983,23,3,7,RO125
2,117042,GHINDARI,,26,261,3,3,7,RO125
3,117051,GHINDARI,547154,26,117042,22,3,7,RO125
3,117060,ABUD,547266,26,117042,23,3,7,RO125
3,117079,CEIE,547267,26,117042,23,3,7,RO125
3,117097,SOLOCMA,547269,26,117042,23,3,7,RO125
3,117104,TREI SATE,547270,26,117042,23,3,7,RO125
2,117113,GLODENI,,26,261,3,3,7,RO125
3,117122,GLODENI,547275,26,117113,22,3,7,RO125
3,117131,MERIŞOR,547276,26,117113,23,3,7,RO125
3,117140,MOIŞA,547277,26,117113,23,3,7,RO125
3,117159,PĂCURENI,547278,26,117113,23,3,7,RO125
3,117168,PĂINGENI,547279,26,117113,23,3,7,RO125
2,117177,GORNEŞTI,,26,261,3,3,7,RO125
3,117186,GORNEŞTI,547280,26,117177,22,3,7,RO125
3,117195,IARA DE MUREŞ,547281,26,117177,23,3,7,RO125
3,117202,ILIOARA,547282,26,117177,23,3,7,RO125
3,117211,MURA MARE,547283,26,117177,23,3,7,RO125
3,117220,MURA MICĂ,547284,26,117177,23,3,7,RO125
3,117239,PĂDURENI,547286,26,117177,23,3,7,RO125
3,117248,PERIŞ,547287,26,117177,23,3,7,RO125
3,117257,PETRILACA DE MUREŞ,547288,26,117177,23,3,7,RO125
3,117266,TELEAC,547289,26,117177,23,3,7,RO125
2,117275,GREBENIŞU DE CÂMPIE,,26,261,3,3,7,RO125
3,117284,GREBENIŞU DE CÂMPIE,547290,26,117275,22,3,7,RO125
3,117293,LEORINŢA,547291,26,117275,23,3,7,RO125
3,117300,VALEA SÂNPETRULUI,547292,26,117275,23,3,7,RO125
2,117319,GURGHIU,,26,261,3,3,7,RO125
3,117328,GURGHIU,547295,26,117319,22,3,7,RO125
3,117337,ADRIAN,547296,26,117319,23,3,7,RO125
3,117346,CAŞVA,547297,26,117319,23,3,7,RO125
3,117355,COMORI,547298,26,117319,23,3,7,RO125
3,117364,FUNDOAIA,547299,26,117319,23,3,7,RO125
3,117373,GLĂJĂRIE,547301,26,117319,23,3,7,RO125
3,117382,LARGA,547302,26,117319,23,3,7,RO125
3,117391,ORŞOVA,547303,26,117319,23,3,7,RO125
3,117408,ORŞOVA-PĂDURE,547304,26,117319,23,3,7,RO125
3,117417,PĂULOAIA,547306,26,117319,23,3,7,RO125
2,117426,HODAC,,26,261,3,3,7,RO125
3,117435,HODAC,547310,26,117426,22,3,7,RO125
3,117444,ARŞIŢA,547311,26,117426,23,3,7,RO125
3,117453,BICAŞU,547312,26,117426,23,3,7,RO125
3,117462,DUBIŞTEA DE PĂDURE,547313,26,117426,23,3,7,RO125
3,117471,MIRIGIOAIA,547314,26,117426,23,3,7,RO125
3,117480,TOACA,547316,26,117426,23,3,7,RO125
3,117499,URICEA,547317,26,117426,23,3,7,RO125
2,117505,HODOŞA,,26,261,3,3,7,RO125
3,117514,HODOŞA,547320,26,117505,22,3,7,RO125
3,117523,IHOD,547320,26,117505,23,3,7,RO125
3,117532,ISLA,547322,26,117505,23,3,7,RO125
3,117541,SÂMBRIAŞ,547323,26,117505,23,3,7,RO125
2,117550,IBĂNEŞTI,,26,261,3,3,7,RO125
3,117569,IBĂNEŞTI,547325,26,117550,22,3,7,RO125
3,117578,BLIDIREASA,547326,26,117550,23,3,7,RO125
3,117587,BRĂDEŢELU,547327,26,117550,23,3,7,RO125
3,117596,DULCEA,547328,26,117550,23,3,7,RO125
3,117603,IBĂNEŞTI-PĂDURE,547329,26,117550,23,3,7,RO125
3,117612,LĂPUŞNA,547331,26,117550,23,3,7,RO125
3,117621,PÂRÂU MARE,547332,26,117550,23,3,7,RO125
3,117630,TIREU,547333,26,117550,23,3,7,RO125
3,117649,TISIEU,547334,26,117550,23,3,7,RO125
3,117658,ZIMŢI,547336,26,117550,23,3,7,RO125
2,117667,ICLĂNZEL,,26,261,3,3,7,RO125
3,117676,ICLĂNZEL,547340,26,117667,22,3,7,RO125
3,117685,CĂPUŞU DE CÂMPIE,547341,26,117667,23,3,7,RO125
3,117694,CHISĂLIŢA,547342,26,117667,23,3,7,RO125
3,117701,DUPĂ DEAL,547343,26,117667,23,3,7,RO125
3,117710,FÂNAŢE,547344,26,117667,23,3,7,RO125
3,117729,FÂNAŢELE CĂPUŞULUI,547346,26,117667,23,3,7,RO125
3,117738,GHIDAŞTEU,547347,26,117667,23,3,7,RO125
3,117747,ICLANDU MARE,547348,26,117667,23,3,7,RO125
3,117756,MĂDĂRĂŞENI,547349,26,117667,23,3,7,RO125
3,117765,TĂBLĂŞENI,547350,26,117667,23,3,7,RO125
3,117774,VALEA ICLANDULUI,547352,26,117667,23,3,7,RO125
2,117783,IDECIU DE JOS,,26,261,3,3,7,RO125
3,117792,IDECIU DE JOS,547360,26,117783,22,3,7,RO125
3,117809,DELENI,547361,26,117783,23,3,7,RO125
3,117818,IDECIU DE SUS,547362,26,117783,23,3,7,RO125
2,117925,LIVEZENI,,26,261,3,3,7,RO125
3,117934,LIVEZENI,547365,26,117925,22,3,7,RO125
3,117961,IVĂNEŞTI,547368,26,117925,23,3,7,RO125
3,117970,POIENIŢA,547369,26,117925,23,3,7,RO125
3,117989,SÂNIŞOR,547370,26,117925,23,3,7,RO125
2,117998,LUNCA,,26,261,3,3,7,RO125
3,118003,LUNCA,547375,26,117998,22,3,7,RO125
3,118012,BĂIŢA,547376,26,117998,23,3,7,RO125
3,118021,FRUNZENI,547377,26,117998,23,3,7,RO125
3,118030,LOGIG,547378,26,117998,23,3,7,RO125
3,118049,SÂNTU,547379,26,117998,23,3,7,RO125
2,118058,LUNCA BRADULUI,,26,261,3,3,7,RO125
3,118067,LUNCA BRADULUI,547380,26,118058,22,3,7,RO125
3,118076,NEAGRA,547381,26,118058,23,3,7,RO125
3,118085,SĂLARD,547382,26,118058,23,3,7,RO125
2,120502,MĂDĂRAŞ,,26,261,3,3,7,RO125
3,115441,MĂDĂRAŞ,547070,26,120502,22,3,7,RO125
3,115423,FÂNAŢELE MĂDĂRAŞULUI,547068,26,120502,23,3,7,RO125
2,118094,MĂGHERANI,,26,261,3,3,7,RO125
3,118101,MĂGHERANI,547385,26,118094,22,3,7,RO125
3,118183,ŞILEA NIRAJULUI,547394,26,118094,23,3,7,RO125
3,118192,TORBA,547396,26,118094,23,3,7,RO125
2,118209,MICA,,26,261,3,3,7,RO125
3,118218,MICA,547400,26,118209,22,3,7,RO125
3,118227,ABUŞ,547401,26,118209,23,3,7,RO125
3,118236,CĂPÂLNA DE SUS,547402,26,118209,23,3,7,RO125
3,118245,CEUAŞ,547403,26,118209,23,3,7,RO125
3,118254,DEAJ,547404,26,118209,23,3,7,RO125
3,118263,HĂRĂNGLAB,547406,26,118209,23,3,7,RO125
3,118272,ŞOMOŞTELNIC,547407,26,118209,23,3,7,RO125
2,118370,MIHEŞU DE CÂMPIE,,26,261,3,3,7,RO125
3,118389,MIHEŞU DE CÂMPIE,547420,26,118370,22,3,7,RO125
3,118398,BUJOR,547421,26,118370,23,3,7,RO125
3,118405,CIRHAGĂU,547422,26,118370,23,3,7,RO125
3,118414,GROAPA RĂDĂII,547423,26,118370,23,3,7,RO125
3,118423,MOGOAIA,547424,26,118370,23,3,7,RO125
3,118432,RĂZOARE,547426,26,118370,23,3,7,RO125
3,118441,ŞĂULIŢA,547427,26,118370,23,3,7,RO125
3,118450,ŞTEFANCA,547428,26,118370,23,3,7,RO125
2,118469,NADEŞ,,26,261,3,3,7,RO125
3,118478,NADEŞ,547430,26,118469,22,3,7,RO125
3,118487,MĂGHERUŞ,547431,26,118469,23,3,7,RO125
3,118496,PIPEA,547432,26,118469,23,3,7,RO125
3,118502,ŢIGMANDRU,547433,26,118469,23,3,7,RO125
2,118511,NEAUA,,26,261,3,3,7,RO125
3,118520,NEAUA,547435,26,118511,22,3,7,RO125
3,118539,GHINEŞTI,547436,26,118511,23,3,7,RO125
3,118548,RIGMANI,547437,26,118511,23,3,7,RO125
3,118557,SÂNSIMION,547438,26,118511,23,3,7,RO125
3,118566,VĂDAŞ,547439,26,118511,23,3,7,RO125
2,118575,OGRA,,26,261,3,3,7,RO125
3,118584,OGRA,547440,26,118575,22,3,7,RO125
3,118593,DILEU VECHI,547441,26,118575,23,3,7,RO125
3,118600,GIULUŞ,547442,26,118575,23,3,7,RO125
3,118619,LĂSCUD,547443,26,118575,23,3,7,RO125
3,118628,VAIDEIU,547444,26,118575,23,3,7,RO125
2,118637,PAPIU ILARIAN,,26,261,3,3,7,RO125
3,118646,PAPIU ILARIAN,547445,26,118637,22,3,7,RO125
3,118655,DOBRA,547446,26,118637,23,3,7,RO125
3,118664,MERIŞORU,547447,26,118637,23,3,7,RO125
3,118673,ŞANDRU,547448,26,118637,23,3,7,RO125
3,118682,URSOAIA,547449,26,118637,23,3,7,RO125
2,118691,PĂNET,,26,261,3,3,7,RO125
3,118708,PĂNET,547450,26,118691,22,3,7,RO125
3,118717,BERGHIA,547451,26,118691,23,3,7,RO125
3,118726,CUIEŞD,547452,26,118691,23,3,7,RO125
3,118735,HĂRŢĂU,547453,26,118691,23,3,7,RO125
3,118744,SÂNTIOANA DE MUREŞ,547454,26,118691,23,3,7,RO125
2,118753,PĂSĂRENI,,26,261,3,3,7,RO125
3,118762,PĂSĂRENI,547455,26,118753,22,3,7,RO125
3,118771,BOLINTINENI,547456,26,118753,23,3,7,RO125
3,118780,GĂLĂŢENI,547457,26,118753,23,3,7,RO125
2,118799,PETELEA,,26,261,3,3,7,RO125
3,118806,PETELEA,547460,26,118799,22,3,7,RO125
3,118815,HABIC,547461,26,118799,23,3,7,RO125
2,118824,POGĂCEAUA,,26,261,3,3,7,RO125
3,118833,POGĂCEAUA,547465,26,118824,22,3,7,RO125
3,118842,BOLOGAIA,547466,26,118824,23,3,7,RO125
3,118851,CIULEA,547467,26,118824,23,3,7,RO125
3,118860,DELENI,547468,26,118824,23,3,7,RO125
3,118879,FÂNTÂNA BABII,547469,26,118824,23,3,7,RO125
3,118888,PÂRÂU CRUCII,547496,26,118824,23,3,7,RO125
3,118897,SCURTA,547472,26,118824,23,3,7,RO125
3,118904,SICELE,547473,26,118824,23,3,7,RO125
3,118913,VALEA SÂNPETRULUI,547474,26,118824,23,3,7,RO125
3,118922,VĂLENI,547475,26,118824,23,3,7,RO125
2,118931,RĂSTOLIŢA,,26,261,3,3,7,RO125
3,118940,RĂSTOLIŢA,547480,26,118931,22,3,7,RO125
3,118959,ANDRENEASA,547481,26,118931,23,3,7,RO125
3,118968,BORZIA,547482,26,118931,23,3,7,RO125
3,118977,GĂLĂOAIA,547483,26,118931,23,3,7,RO125
3,118986,IOD,547484,26,118931,23,3,7,RO125
2,118995,RÂCIU,,26,261,3,3,7,RO125
3,119000,RÂCIU,547485,26,118995,22,3,7,RO125
3,119019,CĂCIULATA,547486,26,118995,23,3,7,RO125
3,119028,COASTA MARE,547487,26,118995,23,3,7,RO125
3,119037,COTORINAU,547488,26,118995,23,3,7,RO125
3,119046,CUREŢE,547489,26,118995,23,3,7,RO125
3,119055,HAGĂU,547490,26,118995,23,3,7,RO125
3,119064,LENIŞ,547491,26,118995,23,3,7,RO125
3,119073,NIMA RÂCIULUI,547492,26,118995,23,3,7,RO125
3,119082,OBÂRŞIE,547494,26,118995,23,3,7,RO125
3,119091,PÂRÂU CRUCII,547495,26,118995,23,3,7,RO125
3,119108,SÂNMĂRTINU DE CÂMPIE,547497,26,118995,23,3,7,RO125
3,119117,ULIEŞ,547498,26,118995,23,3,7,RO125
3,119135,VALEA SÂNMĂRTINULUI,547499,26,118995,23,3,7,RO125
3,119126,VALEA SEACĂ,547501,26,118995,23,3,7,RO125
3,119144,VALEA ULIEŞULUI,547502,26,118995,23,3,7,RO125
2,119153,RUŞII-MUNŢI,,26,261,3,3,7,RO125
3,119162,RUŞII-MUNŢI,547505,26,119153,22,3,7,RO125
3,119171,MAIOREŞTI,547506,26,119153,23,3,7,RO125
3,119180,MORĂRENI,547507,26,119153,23,3,7,RO125
3,119199,SEBEŞ,547508,26,119153,23,3,7,RO125
2,119206,SASCHIZ,,26,261,3,3,7,RO125
3,119215,SASCHIZ,547510,26,119206,22,3,7,RO125
3,119224,CLOAŞTERF,547511,26,119206,23,3,7,RO125
3,119233,MIHAI VITEAZU,547512,26,119206,23,3,7,RO125
2,120496,SĂRĂŢENI,,26,261,3,3,7,RO125
3,114907,SĂRĂŢENI,545504,26,120496,22,3,7,RO125
2,114382,SÂNCRAIU DE MUREŞ,,26,261,3,3,7,RO125
3,114391,SÂNCRAIU DE MUREŞ,547509,26,114382,22,3,7,RO125
3,114408,NAZNA,547526,26,114382,23,3,7,RO125
2,114417,SÂNGEORGIU DE MUREŞ,,26,261,3,3,7,RO125
3,114426,SÂNGEORGIU DE MUREŞ,547530,26,114417,22,3,7,RO125
3,114435,COTUŞ,547531,26,114417,23,3,7,RO125
3,114444,TOFALĂU,547532,26,114417,23,3,7,RO125
2,119386,SÂNGER,,26,261,3,3,7,RO125
3,119395,SÂNGER,547540,26,119386,22,3,7,RO125
3,119402,BÂRZA,547541,26,119386,23,3,7,RO125
3,119411,CIPĂIENI,547542,26,119386,23,3,7,RO125
3,119420,DALU,547543,26,119386,23,3,7,RO125
3,119439,PRIPOARE,547544,26,119386,23,3,7,RO125
3,119448,VĂLIŞOARA,547546,26,119386,23,3,7,RO125
3,119457,ZĂPODEA,547547,26,119386,23,3,7,RO125
2,119466,SÂNPAUL,,26,261,3,3,7,RO125
3,119475,SÂNPAUL,547550,26,119466,22,3,7,RO125
3,119484,CHIRILEU,547551,26,119466,23,3,7,RO125
3,119493,DILEU NOU,547552,26,119466,23,3,7,RO125
3,119509,SÂNMĂRGHITA,547553,26,119466,23,3,7,RO125
3,119518,VALEA IZVOARELOR,547554,26,119466,23,3,7,RO125
2,119527,SÂNPETRU DE CÂMPIE,,26,261,3,3,7,RO125
3,119536,SÂNPETRU DE CÂMPIE,547555,26,119527,22,3,7,RO125
3,119545,BÂRLIBAŞ,547556,26,119527,23,3,7,RO125
3,119554,DÂMBU,547557,26,119527,23,3,7,RO125
3,119563,SATU NOU,547559,26,119527,23,3,7,RO125
3,119572,SÂNGEORGIU DE CÂMPIE,547558,26,119527,23,3,7,RO125
3,119581,TUŞINU,547561,26,119527,23,3,7,RO125
2,114453,SÂNTANA DE MUREŞ,,26,261,3,3,7,RO125
3,114462,SÂNTANA DE MUREŞ,547565,26,114453,22,3,7,RO125
3,114471,BĂRDEŞTI,547566,26,114453,23,3,7,RO125
3,114480,CHINARI,547567,26,114453,23,3,7,RO125
3,114499,CURTENI,547568,26,114453,23,3,7,RO125
2,119590,SOLOVĂSTRU,,26,261,3,3,7,RO125
3,119607,SOLOVĂSTRU,547570,26,119590,22,3,7,RO125
3,119616,JABENIŢA,547571,26,119590,23,3,7,RO125
2,119625,STÂNCENI,,26,261,3,3,7,RO125
3,119634,STÂNCENI,547572,26,119625,22,3,7,RO125
3,119643,CIOBOTANI,547576,26,119625,23,3,7,RO125
3,119652,MEŞTERA,547577,26,119625,23,3,7,RO125
2,119661,SUPLAC,,26,261,3,3,7,RO125
3,119670,SUPLAC,547580,26,119661,22,3,7,RO125
3,119689,IDRIFAIA,547581,26,119661,23,3,7,RO125
3,119698,LASLĂU MARE,547582,26,119661,23,3,7,RO125
3,119705,LASLĂU MIC,547583,26,119661,23,3,7,RO125
3,119714,VAIDACUŢA,547584,26,119661,23,3,7,RO125
2,119723,SUSENI,,26,261,3,3,7,RO125
3,119732,SUSENI,547585,26,119723,22,3,7,RO125
3,119741,LUIERIU,547585,26,119723,23,3,7,RO125
2,119750,ŞĂULIA,,26,261,3,3,7,RO125
3,119769,ŞĂULIA,547590,26,119750,22,3,7,RO125
3,119778,LEORINŢA-ŞĂULIA,547591,26,119750,23,3,7,RO125
3,119787,MĂCICĂŞEŞTI,547592,26,119750,23,3,7,RO125
3,119796,PĂDUREA,547593,26,119750,23,3,7,RO125
2,119803,ŞINCAI,,26,261,3,3,7,RO125
3,119812,ŞINCAI,547595,26,119803,22,3,7,RO125
3,119821,LECHINCIOARA,547596,26,119803,23,3,7,RO125
3,119830,PUSTA,547597,26,119803,23,3,7,RO125
3,119849,ŞINCAI-FÂNAŢE,547598,26,119803,23,3,7,RO125
2,119858,TĂURENI,,26,261,3,3,7,RO125
3,119867,TĂURENI,547600,26,119858,22,3,7,RO125
3,119876,FÂNAŢE,547601,26,119858,23,3,7,RO125
3,119885,MOARA DE JOS,547602,26,119858,23,3,7,RO125
2,119974,VALEA LARGĂ,,26,261,3,3,7,RO125
3,119983,VALEA LARGĂ,547615,26,119974,22,3,7,RO125
3,119992,GRĂDINI,547616,26,119974,23,3,7,RO125
3,120003,MĂLĂEŞTI,547617,26,119974,23,3,7,RO125
3,120012,PODURI,547618,26,119974,23,3,7,RO125
3,120021,VALEA FRĂŢIEI,547619,26,119974,23,3,7,RO125
3,120030,VALEA GLODULUI,547620,26,119974,23,3,7,RO125
3,120049,VALEA PĂDURII,547621,26,119974,23,3,7,RO125
3,120058,VALEA ŞURII,547622,26,119974,23,3,7,RO125
3,120067,VALEA URIEŞULUI,547624,26,119974,23,3,7,RO125
2,120076,VĂRGATA,,26,261,3,3,7,RO125
3,120085,VĂRGATA,547625,26,120076,22,3,7,RO125
3,120094,GRÂUŞORUL,547626,26,120076,23,3,7,RO125
3,120101,MITREŞTI,547627,26,120076,23,3,7,RO125
3,120110,VADU,547628,26,120076,23,3,7,RO125
3,120129,VALEA,547629,26,120076,23,3,7,RO125
2,120138,VĂTAVA,,26,261,3,3,7,RO125
3,120147,VĂTAVA,547630,26,120138,22,3,7,RO125
3,120156,DUMBRAVA,547631,26,120138,23,3,7,RO125
3,120165,RÂPA DE JOS,547632,26,120138,23,3,7,RO125
2,120254,VÂNĂTORI,,26,261,3,3,7,RO125
3,120263,VÂNĂTORI,547635,26,120254,22,3,7,RO125
3,120272,ARCHITA,547636,26,120254,23,3,7,RO125
3,120281,FELEAG,547637,26,120254,23,3,7,RO125
3,120290,MURENI,547638,26,120254,23,3,7,RO125
3,120307,ŞOARD,547639,26,120254,23,3,7,RO125
2,120174,VEŢCA,,26,261,3,3,7,RO125
3,120183,VEŢCA,547640,26,120174,22,3,7,RO125
3,120192,JACODU,547641,26,120174,23,3,7,RO125
3,120209,SĂLAŞURI,547642,26,120174,23,3,7,RO125
2,120218,VIIŞOARA,,26,261,3,3,7,RO125
3,120227,VIIŞOARA,547645,26,120218,22,3,7,RO125
3,120236,ORMENIŞ,547646,26,120218,23,3,7,RO125
3,120245,SÂNTIOANA,547647,26,120218,23,3,7,RO125
2,120316,VOIVODENI,,26,261,3,3,7,RO125
3,120325,VOIVODENI,547650,26,120316,22,3,7,RO125
3,120334,TOLDAL,547651,26,120316,23,3,7,RO125
2,120343,ZAGĂR,,26,261,3,3,7,RO125
3,120352,ZAGĂR,547655,26,120343,22,3,7,RO125
3,120361,SELEUŞ,547656,26,120343,23,3,7,RO125
2,120370,ZAU DE CÂMPIE,,26,261,3,3,7,RO125
3,120389,ZAU DE CÂMPIE,547660,26,120370,22,3,7,RO125
3,120398,BĂRBOŞI,547661,26,120370,23,3,7,RO125
3,120405,BOTEI,547662,26,120370,23,3,7,RO125
3,120414,BUJOR-HODAIE,547663,26,120370,23,3,7,RO125
3,120423,CIRETEA,547664,26,120370,23,3,7,RO125
3,120432,GAURA SÂNGERULUI,547666,26,120370,23,3,7,RO125
3,120441,MALEA,547667,26,120370,23,3,7,RO125
3,120450,ŞTEFĂNEACA,547668,26,120370,23,3,7,RO125
3,120469,TĂU,547669,26,120370,23,3,7,RO125
1,270,JUDEŢUL NEAMŢ,,27,1,40,0,1,RO214
2,120726,MUNICIPIUL PIATRA-NEAMŢ,,27,270,1,1,1,RO214
3,120735,PIATRA-NEAMŢ,610004,27,120726,9,1,1,RO214
3,120744,CIRITEI,610001,27,120726,10,1,1,RO214
3,120753,DOAMNA,610002,27,120726,10,1,1,RO214
3,120762,VĂLENI,610003,27,120726,10,1,1,RO214
2,120860,MUNICIPIUL ROMAN,,27,270,4,1,1,RO214
3,120879,ROMAN,611001,27,120860,9,1,1,RO214
2,120968,ORAŞ BICAZ,,27,270,2,1,1,RO214
3,120977,BICAZ,615100,27,120968,17,1,1,RO214
3,120986,CAPŞA,615101,27,120968,18,1,1,RO214
3,120995,DODENI,615102,27,120968,18,1,1,RO214
3,121000,IZVORU MUNTELUI,615104,27,120968,18,1,1,RO214
3,121019,IZVORUL ALB,615103,27,120968,19,1,1,RO214
3,121028,POTOCI,615105,27,120968,19,1,1,RO214
3,121037,SECU,615106,27,120968,19,1,1,RO214
2,124117,ORAŞ ROZNOV,,27,270,2,1,1,RO214
3,124126,ROZNOV,617390,27,124117,17,1,1,RO214
3,124135,CHINTINICI,617391,27,124117,18,1,1,RO214
3,124144,SLOBOZIA,617392,27,124117,18,1,1,RO214
2,121055,ORAŞ TÂRGU NEAMŢ,,27,270,2,1,1,RO214
3,121064,TÂRGU NEAMŢ,615200,27,121055,17,1,1,RO214
3,121073,BLEBEA,615201,27,121055,18,1,1,RO214
3,121082,HUMULEŞTI,615202,27,121055,18,1,1,RO214
3,121091,HUMULEŞTII NOI,615203,27,121055,18,1,1,RO214
2,121108,AGAPIA,,27,270,3,3,1,RO214
3,121117,AGAPIA,617010,27,121108,22,3,1,RO214
3,121126,FILIOARA,617011,27,121108,23,3,1,RO214
3,121135,SĂCĂLUŞEŞTI,617012,27,121108,23,3,1,RO214
3,121144,VARATEC,617013,27,121108,23,3,1,RO214
2,124938,ALEXANDRU CEL BUN,,27,270,3,3,1,RO214
3,124947,VIIŞOARA,617513,27,124938,22,3,1,RO214
3,124956,AGÂRCIA,617506,27,124938,23,3,1,RO214
3,124965,BISERICANI,617507,27,124938,23,3,1,RO214
3,124974,BISTRIŢA,617508,27,124938,23,3,1,RO214
3,124983,SCĂRICICA,617509,27,124938,23,3,1,RO214
3,124992,VADURI,617511,27,124938,23,3,1,RO214
3,125007,VĂDURELE,617512,27,124938,23,3,1,RO214
2,121153,BAHNA,,27,270,3,3,1,RO214
3,121162,BAHNA,617015,27,121153,22,3,1,RO214
3,121171,ARĂMEŞTI,617016,27,121153,23,3,1,RO214
3,121180,BĂHNIŞOARA,617017,27,121153,23,3,1,RO214
3,121199,BROŞTENI,617018,27,121153,23,3,1,RO214
3,121206,IZVOARE,617019,27,121153,23,3,1,RO214
3,121215,LILIAC,617021,27,121153,23,3,1,RO214
3,121224,ŢUŢCANII DIN DEAL,617022,27,121153,23,3,1,RO214
3,121233,ŢUŢCANII DIN VALE,617023,27,121153,23,3,1,RO214
2,121242,BĂLŢĂTEŞTI,,27,270,3,3,1,RO214
3,121251,BĂLŢĂTEŞTI,617025,27,121242,22,3,1,RO214
3,121279,VALEA ARINI,617027,27,121242,23,3,1,RO214
3,121288,VALEA SEACĂ,617028,27,121242,23,3,1,RO214
2,121466,BÂRGĂUANI,,27,270,3,3,1,RO214
3,121475,BÂRGĂUANI,617040,27,121466,22,3,1,RO214
3,121484,BAHNA MARE,617041,27,121466,23,3,1,RO214
3,121493,BARATCA,617042,27,121466,23,3,1,RO214
3,121509,BĂLĂNEŞTI,617043,27,121466,23,3,1,RO214
3,121518,BREAZA,617044,27,121466,23,3,1,RO214
3,121527,CERTIENI,617046,27,121466,23,3,1,RO214
3,121536,CHILIA,617047,27,121466,23,3,1,RO214
3,121545,DÂRLOAIA,617048,27,121466,23,3,1,RO214
3,121554,GHELĂIEŞTI,617049,27,121466,23,3,1,RO214
3,121563,HÂRTOP,617051,27,121466,23,3,1,RO214
3,121572,HOMICENI,617052,27,121466,23,3,1,RO214
3,121581,TALPA,617053,27,121466,23,3,1,RO214
3,121590,VLĂDICENI,617054,27,121466,23,3,1,RO214
2,121297,BICAZ-CHEI,,27,270,3,3,1,RO214
3,121304,BICAZ-CHEI,617060,27,121297,22,3,1,RO214
3,121313,BÂRNADU,617061,27,121297,23,3,1,RO214
3,121322,GHERMAN,617062,27,121297,23,3,1,RO214
3,121331,IVANEŞ,617063,27,121297,23,3,1,RO214
2,121340,BICAZU ARDELEAN,,27,270,3,3,1,RO214
3,121359,BICAZU ARDELEAN,617065,27,121340,22,3,1,RO214
3,121368,TELEC,617066,27,121340,23,3,1,RO214
3,121377,TICOŞ,617067,27,121340,23,3,1,RO214
2,121386,BIRA,,27,270,3,3,1,RO214
3,121395,BIRA,617030,27,121386,22,3,1,RO214
3,121420,NEGREŞTI,617033,27,121386,23,3,1,RO214
3,121448,REDIU,617036,27,121386,23,3,1,RO214
2,121607,BODEŞTI,,27,270,3,3,1,RO214
3,121616,BODEŞTI,617070,27,121607,22,3,1,RO214
3,121625,BODEŞTII DE JOS,617071,27,121607,23,3,1,RO214
3,121634,CORNI,617072,27,121607,23,3,1,RO214
3,121643,OŞLOBENI,617073,27,121607,23,3,1,RO214
2,125178,BOGHICEA,,27,270,3,3,1,RO214
3,121402,BOGHICEA,617031,27,125178,22,3,1,RO214
3,121411,CĂUŞENI,617032,27,125178,23,3,1,RO214
3,121439,NISTRIA,617034,27,125178,23,3,1,RO214
3,121457,SLOBOZIA,617037,27,125178,23,3,1,RO214
2,121652,BORCA,,27,270,3,3,1,RO214
3,121661,BORCA,617075,27,121652,22,3,1,RO214
3,121670,LUNCA,617076,27,121652,23,3,1,RO214
3,121689,MĂDEI,617077,27,121652,23,3,1,RO214
3,121698,PÂRÂUL CÂRJEI,617078,27,121652,23,3,1,RO214
3,121705,PÂRÂUL PÂNTEI,617079,27,121652,23,3,1,RO214
3,121714,SABASA,617081,27,121652,23,3,1,RO214
3,121723,SOCI,617082,27,121652,23,3,1,RO214
2,121732,BORLEŞTI,,27,270,3,3,1,RO214
3,121741,BORLEŞTI,617085,27,121732,22,3,1,RO214
3,121769,MASTACĂN,617086,27,121732,23,3,1,RO214
3,121750,NECHIT,617087,27,121732,23,3,1,RO214
3,121778,RUSENI,617088,27,121732,23,3,1,RO214
3,121787,ŞOVOAIA,617089,27,121732,23,3,1,RO214
2,121796,BOTEŞTI,,27,270,3,3,1,RO214
3,121803,BOTEŞTI,617090,27,121796,22,3,1,RO214
3,121812,BARTICEŞTI,617091,27,121796,23,3,1,RO214
3,121858,NISIPOREŞTI,617096,27,121796,23,3,1,RO214
2,121876,BOZIENI,,27,270,3,3,1,RO214
3,121885,BOZIENI,617100,27,121876,22,3,1,RO214
3,121894,BĂNEASA,617101,27,121876,23,3,1,RO214
3,121901,CRĂIEŞTI,617102,27,121876,23,3,1,RO214
3,121910,CUCI,617103,27,121876,23,3,1,RO214
3,121929,IUCŞA,617104,27,121876,23,3,1,RO214
2,121938,BRUSTURI,,27,270,3,3,1,RO214
3,121947,BRUSTURI,617106,27,121938,22,3,1,RO214
3,121965,GROŞI,617108,27,121938,23,3,1,RO214
3,121983,POIANA,617111,27,121938,23,3,1,RO214
3,122016,TÂRZIA,617114,27,121938,23,3,1,RO214
2,122061,CÂNDEŞTI,,27,270,3,3,1,RO214
3,122070,CÂNDEŞTI,617115,27,122061,22,3,1,RO214
3,122089,BĂRCĂNEŞTI,617116,27,122061,23,3,1,RO214
3,122098,DRAGOVA,617117,27,122061,23,3,1,RO214
3,122105,PĂDURENI,617118,27,122061,23,3,1,RO214
3,122114,ŢÂRDENII MICI,617119,27,122061,23,3,1,RO214
3,122123,VĂDURELE,617121,27,122061,23,3,1,RO214
2,122025,CEAHLĂU,,27,270,3,3,1,RO214
3,122034,CEAHLĂU,617125,27,122025,22,3,1,RO214
3,122043,BISTRICIOARA,617127,27,122025,23,3,1,RO214
3,122052,PÂRÂUL MARE,617128,27,122025,23,3,1,RO214
2,120888,CORDUN,,27,270,3,3,1,RO214
3,120897,CORDUN,617135,27,120888,22,3,1,RO214
3,120904,PILDEŞTI,617136,27,120888,23,3,1,RO214
3,120913,SIMIONEŞTI,617137,27,120888,23,3,1,RO214
2,122132,COSTIŞA,,27,270,3,3,1,RO214
3,122141,COSTIŞA,617140,27,122132,22,3,1,RO214
3,122150,DORNEŞTI,617141,27,122132,23,3,1,RO214
3,122169,FRUNZENI,617142,27,122132,23,3,1,RO214
3,122178,MĂNOAIA,617143,27,122132,23,3,1,RO214
2,122187,CRĂCĂOANI,,27,270,3,3,1,RO214
3,122196,CRĂCĂOANI,617145,27,122187,22,3,1,RO214
3,122203,CRACĂUL NEGRU,617146,27,122187,23,3,1,RO214
3,122212,MAGAZIA,617147,27,122187,23,3,1,RO214
3,122221,MITOCU BĂLAN,617148,27,122187,23,3,1,RO214
3,122230,POIANA CRĂCĂOANI,617149,27,122187,23,3,1,RO214
2,122249,DĂMUC,,27,270,3,3,1,RO214
3,122258,DĂMUC,617150,27,122249,22,3,1,RO214
3,122267,HUISUREZ,617151,27,122249,23,3,1,RO214
3,122276,TREI FÂNTÂNI,617152,27,122249,23,3,1,RO214
2,122285,DOBRENI,,27,270,3,3,1,RO214
3,122294,DOBRENI,617155,27,122285,22,3,1,RO214
3,122301,CĂŞĂRIA,617156,27,122285,23,3,1,RO214
3,122338,SĂRATA,617159,27,122285,23,3,1,RO214
2,125098,DOCHIA,,27,270,3,3,1,RO214
3,122766,DOCHIA,617216,27,125098,22,3,1,RO214
3,122720,BĂLUŞEŞTI,617211,27,125098,23,3,1,RO214
2,122347,DOLJEŞTI,,27,270,3,3,1,RO214
3,122356,DOLJEŞTI,617160,27,122347,22,3,1,RO214
3,122365,BUHONCA,617161,27,122347,23,3,1,RO214
3,122374,BURUIENEŞTI,617162,27,122347,23,3,1,RO214
3,122383,ROTUNDA,617163,27,122347,23,3,1,RO214
2,122392,DRAGOMIREŞTI,,27,270,3,3,1,RO214
3,122409,DRAGOMIREŞTI,617165,27,122392,22,3,1,RO214
3,122418,BORNIŞ,617166,27,122392,23,3,1,RO214
3,122427,HLĂPEŞTI,617167,27,122392,23,3,1,RO214
3,122436,MASTACĂN,617168,27,122392,23,3,1,RO214
3,122445,UNGHI,617169,27,122392,23,3,1,RO214
3,122454,VAD,617171,27,122392,23,3,1,RO214
2,125132,DRĂGĂNEŞTI,,27,270,3,3,1,RO214
3,121956,DRĂGĂNEŞTI,617107,27,125132,22,3,1,RO214
3,121974,ORŢĂŞTI,617109,27,125132,23,3,1,RO214
3,121992,RÂŞCA,617112,27,125132,23,3,1,RO214
3,122007,ŞOIMĂREŞTI,617113,27,125132,23,3,1,RO214
2,122463,DULCEŞTI,,27,270,3,3,1,RO214
3,122472,DULCEŞTI,617175,27,122463,22,3,1,RO214
3,122490,BRIŢCANI,617177,27,122463,23,3,1,RO214
3,122506,CÂRLIG,617178,27,122463,23,3,1,RO214
3,122515,CORHANA,617179,27,122463,23,3,1,RO214
3,122524,POIANA,617181,27,122463,23,3,1,RO214
3,122533,ROŞIORI,617182,27,122463,23,3,1,RO214
2,120771,DUMBRAVA ROŞIE,,27,270,3,3,1,RO214
3,120780,DUMBRAVA ROŞIE,617185,27,120771,22,3,1,RO214
3,120799,BRĂŞĂUŢI,617186,27,120771,23,3,1,RO214
3,120806,CUT,617187,27,120771,23,3,1,RO214
3,120815,IZVOARE,617188,27,120771,23,3,1,RO214
2,122551,FARCAŞA,,27,270,3,3,1,RO214
3,122560,FARCAŞA,617190,27,122551,22,3,1,RO214
3,122579,BUŞMEI,617191,27,122551,23,3,1,RO214
3,122588,FRUMOSU,617192,27,122551,23,3,1,RO214
3,122597,POPEŞTI,617193,27,122551,23,3,1,RO214
3,122604,STEJARU,617194,27,122551,23,3,1,RO214
2,122613,FĂUREI,,27,270,3,3,1,RO214
3,122622,FĂUREI,617195,27,122613,22,3,1,RO214
3,122631,BUDEŞTI,617196,27,122613,23,3,1,RO214
3,122640,CLIMEŞTI,617197,27,122613,23,3,1,RO214
3,122659,MICŞUNEŞTI,617198,27,122613,23,3,1,RO214
2,125150,GÂDINŢI,,27,270,3,3,1,RO214
3,124171,GÂDINŢI,617396,27,125150,22,3,1,RO214
2,122828,GÂRCINA,,27,270,3,3,1,RO214
3,122837,GÂRCINA,617200,27,122828,22,3,1,RO214
3,122846,ALMAŞ,617201,27,122828,23,3,1,RO214
3,122855,CUEJDIU,617202,27,122828,23,3,1,RO214
2,122668,GHERĂEŞTI,,27,270,3,3,1,RO214
3,122677,GHERĂEŞTI,617205,27,122668,22,3,1,RO214
3,122686,GHERĂEŞTII NOI,617206,27,122668,23,3,1,RO214
3,122695,TEŢCANI,617207,27,122668,23,3,1,RO214
2,125114,GHINDĂOANI,,27,270,3,3,1,RO214
3,121260,GHINDĂOANI,617026,27,125114,22,3,1,RO214
2,122702,GIROV,,27,270,3,3,1,RO214
3,122711,GIROV,617210,27,122702,22,3,1,RO214
3,122739,BOŢEŞTI,617212,27,122702,23,3,1,RO214
3,122748,CĂCIULEŞTI,617213,27,122702,23,3,1,RO214
3,122757,DĂNEŞTI,617214,27,122702,23,3,1,RO214
3,122775,DOINA,617217,27,122702,23,3,1,RO214
3,122784,GURA VĂII,617218,27,122702,23,3,1,RO214
3,122793,POPEŞTI,617219,27,122702,23,3,1,RO214
3,122800,TURTUREŞTI,617221,27,122702,23,3,1,RO214
3,122819,VERŞEŞTI,617222,27,122702,23,3,1,RO214
2,122864,GRINŢIEŞ,,27,270,3,3,1,RO214
3,122873,GRINŢIEŞ,617230,27,122864,22,3,1,RO214
3,122882,BRADU,617231,27,122864,23,3,1,RO214
3,122891,POIANA,617232,27,122864,23,3,1,RO214
2,122908,GRUMĂZEŞTI,,27,270,3,3,1,RO214
3,122917,GRUMĂZEŞTI,617235,27,122908,22,3,1,RO214
3,122926,CURECHIŞTEA,617236,27,122908,23,3,1,RO214
3,122935,NETEZI,617237,27,122908,23,3,1,RO214
3,122944,TOPOLIŢA,617238,27,122908,23,3,1,RO214
2,122953,HANGU,,27,270,3,3,1,RO214
3,122962,HANGU,617240,27,122953,22,3,1,RO214
3,122971,BUHALNIŢA,617241,27,122953,23,3,1,RO214
3,122980,CHIRIŢENI,617242,27,122953,23,3,1,RO214
3,122999,GROZĂVEŞTI,617243,27,122953,23,3,1,RO214
3,123004,RUGINEŞTI,617244,27,122953,23,3,1,RO214
2,120922,HORIA,,27,270,3,3,1,RO214
3,120931,HORIA,617245,27,120922,22,3,1,RO214
3,120940,COTU VAMEŞ,617246,27,120922,23,3,1,RO214
2,123013,ICUŞEŞTI,,27,270,3,3,1,RO214
3,123022,ICUŞEŞTI,617250,27,123013,22,3,1,RO214
3,123031,BĂLUŞEŞTI,617251,27,123013,23,3,1,RO214
3,123040,BĂTRÂNEŞTI,617252,27,123013,23,3,1,RO214
3,123068,MESTEACĂN,617253,27,123013,23,3,1,RO214
3,123077,ROCNA,617254,27,123013,23,3,1,RO214
3,123086,SPIRIDONEŞTI,617256,27,123013,23,3,1,RO214
3,123095,TABĂRA,617257,27,123013,23,3,1,RO214
2,123102,ION CREANGĂ,,27,270,3,3,1,RO214
3,123111,ION CREANGĂ,617260,27,123102,22,3,1,RO214
3,123120,AVEREŞTI,617261,27,123102,23,3,1,RO214
3,123139,IZVORU,617262,27,123102,23,3,1,RO214
3,123148,MUNCELU,617263,27,123102,23,3,1,RO214
3,123157,RECEA,617264,27,123102,23,3,1,RO214
3,123166,STEJARU,617266,27,123102,23,3,1,RO214
2,123175,MĂRGINENI,,27,270,3,3,1,RO214
3,123184,MĂRGINENI,617270,27,123175,22,3,1,RO214
3,123193,HÂRŢEŞTI,617271,27,123175,23,3,1,RO214
3,123200,HOISEŞTI,617272,27,123175,23,3,1,RO214
3,123219,ITRINEŞTI,617273,27,123175,23,3,1,RO214
2,123228,MOLDOVENI,,27,270,3,3,1,RO214
3,123237,MOLDOVENI,617275,27,123228,22,3,1,RO214
3,123246,HOCIUNGI,617276,27,123228,23,3,1,RO214
2,125169,NEGREŞTI,,27,270,3,3,1,RO214
3,122310,NEGREŞTI,617157,27,125169,22,3,1,RO214
3,122329,POIANA,617158,27,125169,23,3,1,RO214
2,123255,ONICENI,,27,270,3,3,1,RO214
3,123264,ONICENI,617280,27,123255,22,3,1,RO214
3,123273,CIORNEI,617281,27,123255,23,3,1,RO214
3,123282,GORUN,617282,27,123255,23,3,1,RO214
3,123291,LINSEŞTI,617283,27,123255,23,3,1,RO214
3,123308,LUNCA,617284,27,123255,23,3,1,RO214
3,123317,MĂRMURENI,617286,27,123255,23,3,1,RO214
3,123326,PIETROSU,617287,27,123255,23,3,1,RO214
3,123335,POIANA HUMEI,617288,27,123255,23,3,1,RO214
3,123344,PUSTIETA,617289,27,123255,23,3,1,RO214
3,123353,SOLCA,617291,27,123255,23,3,1,RO214
3,123362,VALEA ENEI,617292,27,123255,23,3,1,RO214
2,123371,PĂSTRĂVENI,,27,270,3,3,1,RO214
3,123380,PĂSTRĂVENI,617300,27,123371,22,3,1,RO214
3,123399,LUNCA MOLDOVEI,617301,27,123371,23,3,1,RO214
3,123406,RĂDENI,617302,27,123371,23,3,1,RO214
3,123415,SPIEŞTI,617303,27,123371,23,3,1,RO214
2,125141,PÂNCEŞTI,,27,270,3,3,1,RO214
3,123763,PÂNCEŞTI,617366,27,125141,22,3,1,RO214
3,123736,CIUREA,617362,27,125141,23,3,1,RO214
3,123745,HOLM,617363,27,125141,23,3,1,RO214
3,123754,PATRICHENI,617364,27,125141,23,3,1,RO214
3,123781,TĂLPĂLĂI,617368,27,125141,23,3,1,RO214
2,123601,PÂNGĂRAŢI,,27,270,3,3,1,RO214
3,123610,PÂNGĂRAŢI,617305,27,123601,22,3,1,RO214
3,123629,OANŢU,617306,27,123601,23,3,1,RO214
3,123638,PÂNGĂRĂCIOR,617307,27,123601,23,3,1,RO214
3,123647,POIANA,617308,27,123601,23,3,1,RO214
3,123656,PRELUCA,617309,27,123601,23,3,1,RO214
3,123665,STEJARU,617311,27,123601,23,3,1,RO214
2,123424,PETRICANI,,27,270,3,3,1,RO214
3,123433,PETRICANI,617315,27,123424,22,3,1,RO214
3,123442,BOIŞTEA,617316,27,123424,23,3,1,RO214
3,123451,TÂRPEŞTI,617317,27,123424,23,3,1,RO214
3,123460,ŢOLICI,617318,27,123424,23,3,1,RO214
2,123479,PIATRA ŞOIMULUI,,27,270,3,3,1,RO214
3,123488,PIATRA ŞOIMULUI,617320,27,123479,22,3,1,RO214
3,123497,LUMINIŞ,617321,27,123479,23,3,1,RO214
3,123503,NEGULEŞTI,617322,27,123479,23,3,1,RO214
3,123512,POIENI,617323,27,123479,23,3,1,RO214
2,123521,PIPIRIG,,27,270,3,3,1,RO214
3,123530,PIPIRIG,617325,27,123521,22,3,1,RO214
3,123549,BOBOIEŞTI,617326,27,123521,23,3,1,RO214
3,123558,DOLHEŞTI,617327,27,123521,23,3,1,RO214
3,123567,LEGHIN,617328,27,123521,23,3,1,RO214
3,123576,PÂŢÂLIGENI,617329,27,123521,23,3,1,RO214
3,123585,PLUTON,617331,27,123521,23,3,1,RO214
3,123594,STÂNCA,617332,27,123521,23,3,1,RO214
2,123674,PODOLENI,,27,270,3,3,1,RO214
3,123683,PODOLENI,617335,27,123674,22,3,1,RO214
3,123692,NEGRITEŞTI,617336,27,123674,23,3,1,RO214
2,123790,POIANA TEIULUI,,27,270,3,3,1,RO214
3,123807,POIANA TEIULUI,617340,27,123790,22,3,1,RO214
3,123816,CĂLUGĂRENI,617341,27,123790,23,3,1,RO214
3,123825,DREPTU,617342,27,123790,23,3,1,RO214
3,123834,GALU,617343,27,123790,23,3,1,RO214
3,123852,PÂRÂUL FAGULUI,617344,27,123790,23,3,1,RO214
3,123843,PETRU VODĂ,617346,27,123790,23,3,1,RO214
3,123861,POIANA LARGULUI,617347,27,123790,23,3,1,RO214
3,123870,ROŞENI,617348,27,123790,23,3,1,RO214
3,123889,RUSENI,617349,27,123790,23,3,1,RO214
3,123898,SĂVINEŞTI,617351,27,123790,23,3,1,RO214
3,123905,TOPOLICENI,617352,27,123790,23,3,1,RO214
2,123709,POIENARI,,27,270,3,3,1,RO214
3,123718,POIENARI,617360,27,123709,22,3,1,RO214
3,123727,BUNGHI,617361,27,123709,23,3,1,RO214
3,123772,SĂCĂLENI,617367,27,123709,23,3,1,RO214
2,123914,RĂUCEŞTI,,27,270,3,3,1,RO214
3,123923,RĂUCEŞTI,617370,27,123914,22,3,1,RO214
3,123932,OGLINZI,617371,27,123914,23,3,1,RO214
3,123941,SĂVEŞTI,617372,27,123914,23,3,1,RO214
3,123950,UNGHENI,617373,27,123914,23,3,1,RO214
2,123969,RĂZBOIENI,,27,270,3,3,1,RO214
3,123978,RĂZBOIENII DE JOS,617377,27,123969,22,3,1,RO214
3,123987,BORŞENI,617376,27,123969,23,3,1,RO214
3,123996,RĂZBOIENI,617375,27,123969,23,3,1,RO214
3,124000,VALEA ALBĂ,617378,27,123969,23,3,1,RO214
3,124019,VALEA MARE,617379,27,123969,23,3,1,RO214
2,124028,REDIU,,27,270,3,3,1,RO214
3,124037,REDIU,617380,27,124028,22,3,1,RO214
3,124046,BEŢEŞTI,617381,27,124028,23,3,1,RO214
3,124055,POLOBOC,617382,27,124028,23,3,1,RO214
3,124064,SOCEA,617383,27,124028,23,3,1,RO214
2,124073,ROMÂNI,,27,270,3,3,1,RO214
3,124082,ROMÂNI,617385,27,124073,22,3,1,RO214
3,124091,GOŞMANI,617386,27,124073,23,3,1,RO214
3,124108,SILIŞTEA,617387,27,124073,23,3,1,RO214
2,125105,RUGINOASA,,27,270,3,3,1,RO214
3,122542,RUGINOASA,617183,27,125105,22,3,1,RO214
3,122481,BOZIENII DE SUS,617176,27,125105,23,3,1,RO214
2,124153,SAGNA,,27,270,3,3,1,RO214
3,124162,SAGNA,617395,27,124153,22,3,1,RO214
3,124180,LUŢCA,617397,27,124153,23,3,1,RO214
3,124199,VULPĂŞEŞTI,617399,27,124153,23,3,1,RO214
2,124206,SĂBĂOANI,,27,270,3,3,1,RO214
3,124215,SĂBĂOANI,617400,27,124206,22,3,1,RO214
3,124224,TRAIAN,617398,27,124206,23,3,1,RO214
2,120824,SĂVINEŞTI,,27,270,3,3,1,RO214
3,120833,SĂVINEŞTI,617410,27,120824,22,3,1,RO214
3,120842,DUMBRAVA DEAL,617411,27,120824,23,3,1,RO214
2,124233,SECUIENI,,27,270,3,3,1,RO214
3,124242,SECUIENI,617415,27,124233,22,3,1,RO214
3,124251,BAŞTA,617416,27,124233,23,3,1,RO214
3,124260,BÂRJOVENI,617417,27,124233,23,3,1,RO214
3,124279,BOGZEŞTI,617418,27,124233,23,3,1,RO214
3,124288,BUTNĂREŞTI,617419,27,124233,23,3,1,RO214
3,124297,GIULEŞTI,617421,27,124233,23,3,1,RO214
3,124304,PRĂJEŞTI,617422,27,124233,23,3,1,RO214
3,124313,SECUIENII NOI,617423,27,124233,23,3,1,RO214
3,124322,UNCEŞTI,617424,27,124233,23,3,1,RO214
2,124331,STĂNIŢA,,27,270,3,3,1,RO214
3,124340,STĂNIŢA,617425,27,124331,22,3,1,RO214
3,124359,CHICEREA,617426,27,124331,23,3,1,RO214
3,124368,GHIDION,617427,27,124331,23,3,1,RO214
3,124377,POIENILE OANCEI,617428,27,124331,23,3,1,RO214
3,124386,TODIRENI,617429,27,124331,23,3,1,RO214
3,124395,VEJA,617431,27,124331,23,3,1,RO214
3,124402,VLĂDNICELE,617432,27,124331,23,3,1,RO214
2,124411,ŞTEFAN CEL MARE,,27,270,3,3,1,RO214
3,124420,ŞTEFAN CEL MARE,617435,27,124411,22,3,1,RO214
3,124439,BORDEA,617436,27,124411,23,3,1,RO214
3,124448,CÂRLIGI,617437,27,124411,23,3,1,RO214
3,124457,DELENI,617438,27,124411,23,3,1,RO214
3,124466,DUŞEŞTI,617439,27,124411,23,3,1,RO214
3,124475,GHIGOIEŞTI,617441,27,124411,23,3,1,RO214
3,124484,SOCI,617442,27,124411,23,3,1,RO214
2,124493,TARCĂU,,27,270,3,3,1,RO214
3,124509,TARCĂU,617445,27,124493,22,3,1,RO214
3,124518,ARDELUŢA,617446,27,124493,23,3,1,RO214
3,124527,BRATEŞ,617447,27,124493,23,3,1,RO214
3,124536,CAZACI,617448,27,124493,23,3,1,RO214
3,124545,SCHITU TARCĂU,617449,27,124493,23,3,1,RO214
3,124554,STRAJA,617451,27,124493,23,3,1,RO214
2,124563,TAŞCA,,27,270,3,3,1,RO214
3,124572,TAŞCA,617455,27,124563,22,3,1,RO214
3,124581,HAMZOAIA,617456,27,124563,23,3,1,RO214
3,124590,NEAGRA,617457,27,124563,23,3,1,RO214
3,124607,TICOŞ-FLOAREA,617458,27,124563,23,3,1,RO214
2,124616,TAZLĂU,,27,270,3,3,1,RO214
3,124625,TAZLĂU,617460,27,124616,22,3,1,RO214
2,124634,TĂMĂŞENI,,27,270,3,3,1,RO214
3,124643,TĂMĂŞENI,617465,27,124634,22,3,1,RO214
3,124652,ADJUDENI,617466,27,124634,23,3,1,RO214
2,124661,TIMIŞEŞTI,,27,270,3,3,1,RO214
3,124670,TIMIŞEŞTI,617470,27,124661,22,3,1,RO214
3,124689,DUMBRAVA,617471,27,124661,23,3,1,RO214
3,124698,PLĂIEŞU,617472,27,124661,23,3,1,RO214
3,124705,PREUTEŞTI,617473,27,124661,23,3,1,RO214
3,124714,ZVORĂNEŞTI,617474,27,124661,23,3,1,RO214
2,124723,TRIFEŞTI,,27,270,3,3,1,RO214
3,124732,TRIFEŞTI,617475,27,124723,22,3,1,RO214
3,124741,MIRON COSTIN,617476,27,124723,23,3,1,RO214
2,124750,TUPILAŢI,,27,270,3,3,1,RO214
3,124769,TUPILAŢI,617480,27,124750,22,3,1,RO214
3,124778,ARĂMOAIA,617481,27,124750,23,3,1,RO214
3,124787,HANUL ANCUŢEI,617482,27,124750,23,3,1,RO214
3,124796,TOTOIEŞTI,617483,27,124750,23,3,1,RO214
2,124803,ŢIBUCANI,,27,270,3,3,1,RO214
3,124812,ŢIBUCANI,617485,27,124803,22,3,1,RO214
3,124821,DAVIDENI,617486,27,124803,23,3,1,RO214
3,124830,ŢIBUCANII DE JOS,617487,27,124803,23,3,1,RO214
2,124849,URECHENI,,27,270,3,3,1,RO214
3,124858,URECHENI,617490,27,124849,22,3,1,RO214
3,124867,INGĂREŞTI,617491,27,124849,23,3,1,RO214
3,124876,PLUGARI,617492,27,124849,23,3,1,RO214
2,124885,VALEA URSULUI,,27,270,3,3,1,RO214
3,124894,VALEA URSULUI,617495,27,124885,22,3,1,RO214
3,124901,BUCIUM,617496,27,124885,23,3,1,RO214
3,123059,CHILII,617497,27,124885,23,3,1,RO214
3,124910,GIURGENI,617498,27,124885,23,3,1,RO214
3,124929,MUNCELU DE JOS,617499,27,124885,23,3,1,RO214
2,125123,VĂLENI,,27,270,3,3,1,RO214
3,121867,VĂLENI,617097,27,125123,22,3,1,RO214
3,121821,DAVID,617092,27,125123,23,3,1,RO214
3,121830,MORENI,617093,27,125123,23,3,1,RO214
3,121849,MUNTENI,617094,27,125123,23,3,1,RO214
2,125016,VÂNĂTORI-NEAMŢ,,27,270,3,3,1,RO214
3,125025,VÂNĂTORI-NEAMŢ,617500,27,125016,22,3,1,RO214
3,125034,LUNCA,617501,27,125016,23,3,1,RO214
3,125043,MĂNĂSTIREA NEAMŢ,617502,27,125016,23,3,1,RO214
3,125052,NEMŢIŞOR,617503,27,125016,23,3,1,RO214
2,125061,ZĂNEŞTI,,27,270,3,3,1,RO214
3,125070,ZĂNEŞTI,617515,27,125061,22,3,1,RO214
3,125089,TRAIAN,617516,27,125061,23,3,1,RO214
1,289,JUDEŢUL OLT,,28,1,40,0,4,RO414
2,125347,MUNICIPIUL SLATINA,,28,289,1,1,4,RO414
3,125356,SLATINA,230002,28,125347,9,1,4,RO414
3,125365,CIREAŞOV,230001,28,125347,10,1,4,RO414
2,125472,MUNICIPIUL CARACAL,,28,289,4,1,4,RO414
3,125481,CARACAL,235200,28,125472,9,1,4,RO414
2,125418,ORAŞ BALŞ,,28,289,2,1,4,RO414
3,125427,BALŞ,235100,28,125418,17,1,4,RO414
3,125436,CORBENI,235101,28,125418,18,1,4,RO414
3,125445,ROMÂNA,235102,28,125418,18,1,4,RO414
3,125454,TEIŞ,235103,28,125418,19,1,4,RO414
2,125542,ORAŞ CORABIA,,28,289,2,1,4,RO414
3,125551,CORABIA,235300,28,125542,17,1,4,RO414
3,125560,TUDOR VLADIMIRESCU,235301,28,125542,18,1,4,RO414
3,125579,VÂRTOPU,235302,28,125542,19,1,4,RO414
2,125622,ORAŞ DRĂGĂNEŞTI-OLT,,28,289,2,1,4,RO414
3,125631,DRĂGĂNEŞTI-OLT,235400,28,125622,17,1,4,RO414
3,125640,COMANI,235401,28,125622,19,1,4,RO414
2,128105,ORAŞ PIATRA-OLT,,28,289,2,1,4,RO414
3,128114,PIATRA-OLT,235500,28,128105,17,1,4,RO414
3,128123,BISTRIŢA NOUĂ,235501,28,128105,19,1,4,RO414
3,128132,CRIVA DE JOS,235502,28,128105,19,1,4,RO414
3,128141,CRIVA DE SUS,235503,28,128105,19,1,4,RO414
3,128150,ENOŞEŞTI,235504,28,128105,19,1,4,RO414
3,128169,PIATRA,235505,28,128105,19,1,4,RO414
2,128374,ORAŞ POTCOAVA,,28,289,2,1,4,RO414
3,128383,POTCOAVA,237355,28,128374,17,1,4,RO414
3,128392,POTCOAVA FĂLCOENI,237356,28,128374,19,1,4,RO414
3,128409,SINEŞTI,237357,28,128374,19,1,4,RO414
3,128418,TRUFINEŞTI,237358,28,128374,19,1,4,RO414
3,128427,VALEA MERILOR,237359,28,128374,19,1,4,RO414
2,128711,ORAŞ SCORNICEŞTI,,28,289,2,1,4,RO414
3,128720,SCORNICEŞTI,235600,28,128711,17,1,4,RO414
3,128739,BĂLŢAŢI,235601,28,128711,19,1,4,RO414
3,128748,BIRCII,235602,28,128711,19,1,4,RO414
3,128757,CHIŢEASCA,235603,28,128711,19,1,4,RO414
3,128766,CONSTANTINEŞTI,235604,28,128711,19,1,4,RO414
3,128775,JITARU,235605,28,128711,19,1,4,RO414
3,128784,MĂRGINENI-SLOBOZIA,235606,28,128711,19,1,4,RO414
3,128793,MIHĂILEŞTI-POPEŞTI,235607,28,128711,19,1,4,RO414
3,128800,MOGOŞEŞTI,235608,28,128711,19,1,4,RO414
3,128819,NEGRENI,235609,28,128711,19,1,4,RO414
3,128828,PISCANI,235610,28,128711,19,1,4,RO414
3,128837,RUSCIORI,235611,28,128711,19,1,4,RO414
3,128846,ŞUICA,235612,28,128711,19,1,4,RO414
3,128855,TEIUŞ,235613,28,128711,19,1,4,RO414
2,125677,BALDOVINEŞTI,,28,289,3,3,4,RO414
3,125695,BALDOVINEŞTI,237005,28,125677,22,3,4,RO414
3,125739,GUBANDRU,237011,28,125677,23,3,4,RO414
3,125748,PIETRIŞ,237012,28,125677,23,3,4,RO414
2,125659,BĂBICIU,,28,289,3,3,4,RO414
3,125668,BĂBICIU,237015,28,125659,22,3,4,RO414
2,130286,BĂLTENI,,28,289,3,3,4,RO414
3,128070,BĂLTENI,237331,28,130286,22,3,4,RO414
2,125757,BĂRĂŞTI,,28,289,3,3,4,RO414
3,125766,BĂRĂŞTII DE VEDE,237022,28,125757,22,3,4,RO414
3,125775,BĂRĂŞTII DE CEPTURI,237021,28,125757,23,3,4,RO414
3,125784,BOROEŞTI,237023,28,125757,23,3,4,RO414
3,125793,CIOCĂNEŞTI,237024,28,125757,23,3,4,RO414
3,125800,LĂZĂREŞTI,237026,28,125757,23,3,4,RO414
3,125819,MERENI,237027,28,125757,23,3,4,RO414
3,125828,MOŢOEŞTI,237028,28,125757,23,3,4,RO414
3,125837,POPEŞTI,237029,28,125757,23,3,4,RO414
2,125846,BÂRZA,,28,289,3,3,4,RO414
3,125855,BÂRZA,237030,28,125846,22,3,4,RO414
3,125864,BRANEŢ,237031,28,125846,23,3,4,RO414
2,125873,BOBICEŞTI,,28,289,3,3,4,RO414
3,125882,BOBICEŞTI,237035,28,125873,22,3,4,RO414
3,125891,BECHET,237036,28,125873,23,3,4,RO414
3,125908,BELGUN,237037,28,125873,23,3,4,RO414
3,125917,CHINTEŞTI,237038,28,125873,23,3,4,RO414
3,125926,COMĂNEŞTI,237039,28,125873,23,3,4,RO414
3,125935,GOVORA,237041,28,125873,23,3,4,RO414
3,125944,LEOTEŞTI,237042,28,125873,23,3,4,RO414
3,125953,MIRILA,237043,28,125873,23,3,4,RO414
2,125962,BRASTAVĂŢU,,28,289,3,3,4,RO414
3,125971,BRASTAVĂŢU,237045,28,125962,22,3,4,RO414
3,125980,CRUŞOVU,237046,28,125962,23,3,4,RO414
2,126022,BRÂNCOVENI,,28,289,3,3,4,RO414
3,126031,BRÂNCOVENI,237050,28,126022,22,3,4,RO414
3,126040,MĂRGHENI,237051,28,126022,23,3,4,RO414
3,126059,OCIOGI,237052,28,126022,23,3,4,RO414
3,126068,VĂLENI,237053,28,126022,23,3,4,RO414
2,125999,BREBENI,,28,289,3,3,4,RO414
3,126004,BREBENI,237055,28,125999,22,3,4,RO414
3,126013,TEIUŞU,237056,28,125999,23,3,4,RO414
2,126077,BUCINIŞU,,28,289,3,3,4,RO414
3,126086,BUCINIŞU,237060,28,126077,22,3,4,RO414
3,126095,BUCINIŞU MIC,237061,28,126077,23,3,4,RO414
2,130295,CĂLUI,,28,289,3,3,4,RO414
3,127830,CĂLUI,237291,28,130295,22,3,4,RO414
3,127849,GURA CĂLUIU,237292,28,130295,23,3,4,RO414
2,126166,CÂRLOGANI,,28,289,3,3,4,RO414
3,126175,CÂRLOGANI,237065,28,126166,22,3,4,RO414
3,126184,BECULEŞTI,237066,28,126166,23,3,4,RO414
3,126193,CEPARI,237067,28,126166,23,3,4,RO414
3,126200,SCORBURA,237068,28,126166,23,3,4,RO414
3,126219,STUPINA,237069,28,126166,23,3,4,RO414
2,126102,CEZIENI,,28,289,3,3,4,RO414
3,126111,CEZIENI,237070,28,126102,22,3,4,RO414
3,126120,BONDREA,237071,28,126102,23,3,4,RO414
3,126139,CORLĂTEŞTI,237072,28,126102,23,3,4,RO414
2,126148,CILIENI,,28,289,3,3,4,RO414
3,126157,CILIENI,237075,28,126148,22,3,4,RO414
2,126228,COLONEŞTI,,28,289,3,3,4,RO414
3,126237,COLONEŞTI,237080,28,126228,22,3,4,RO414
3,126246,BĂRĂŞTI,237081,28,126228,23,3,4,RO414
3,126255,BĂTĂRENI,237082,28,126228,23,3,4,RO414
3,126273,CÂRSTANI,237083,28,126228,23,3,4,RO414
3,126264,CHELBEŞTI,237084,28,126228,23,3,4,RO414
3,126282,GUEŞTI,237086,28,126228,23,3,4,RO414
3,126291,MĂRUNŢEI,237087,28,126228,23,3,4,RO414
3,126308,NĂVÂRGENI,237088,28,126228,23,3,4,RO414
3,126317,VLAICI,237089,28,126228,23,3,4,RO414
2,126326,CORBU,,28,289,3,3,4,RO414
3,126335,CORBU,237090,28,126326,22,3,4,RO414
3,126344,BURDULEŞTI,237091,28,126326,23,3,4,RO414
3,126353,BUZEŞTI,237092,28,126326,23,3,4,RO414
3,126362,CIUREŞTI,237093,28,126326,23,3,4,RO414
3,126371,MILCOVENI,237094,28,126326,23,3,4,RO414
2,126380,COTEANA,,28,289,3,3,4,RO414
3,126399,COTEANA,237095,28,126380,22,3,4,RO414
2,126406,CRÂMPOIA,,28,289,3,3,4,RO414
3,126415,CRÂMPOIA,237100,28,126406,22,3,4,RO414
3,126424,BUTA,237101,28,126406,23,3,4,RO414
2,126503,CUNGREA,,28,289,3,3,4,RO414
3,126512,CUNGREA,237105,28,126503,22,3,4,RO414
3,126521,CEPEŞTI,237106,28,126503,23,3,4,RO414
3,126530,IBĂNEŞTI,237107,28,126503,23,3,4,RO414
3,126549,MIEŞTI,237108,28,126503,23,3,4,RO414
3,126558,OTEŞTII DE JOS,237109,28,126503,23,3,4,RO414
3,126567,OTEŞTII DE SUS,237111,28,126503,23,3,4,RO414
3,126576,SPĂTARU,237112,28,126503,23,3,4,RO414
2,126433,CURTIŞOARA,,28,289,3,3,4,RO414
3,126442,CURTIŞOARA,237115,28,126433,22,3,4,RO414
3,126451,DOBROTINET,237116,28,126433,23,3,4,RO414
3,126460,LINIA DIN VALE,237117,28,126433,23,3,4,RO414
3,126479,PIETRIŞU,237118,28,126433,23,3,4,RO414
3,126488,PROASPEŢI,237119,28,126433,23,3,4,RO414
3,126497,RAIŢIU,237121,28,126433,23,3,4,RO414
2,126585,DĂNEASA,,28,289,3,3,4,RO414
3,126594,DĂNEASA,237125,28,126585,22,3,4,RO414
3,126601,BERINDEI,237126,28,126585,23,3,4,RO414
3,126610,CIOFLANU,237127,28,126585,23,3,4,RO414
3,126629,PESTRA,237128,28,126585,23,3,4,RO414
3,126638,ZĂNOAGA,237129,28,126585,23,3,4,RO414
2,126647,DEVESELU,,28,289,3,3,4,RO414
3,126656,DEVESELU,237130,28,126647,22,3,4,RO414
3,126665,COMANCA,237131,28,126647,23,3,4,RO414
2,126674,DOBREŢU,,28,289,3,3,4,RO414
3,126683,DOBREŢU,237135,28,126674,22,3,4,RO414
3,126692,CURTIŞOARA,237136,28,126674,23,3,4,RO414
3,126709,HOREZU,237137,28,126674,23,3,4,RO414
2,126718,DOBROSLOVENI,,28,289,3,3,4,RO414
3,126727,DOBROSLOVENI,237140,28,126718,22,3,4,RO414
3,126736,FRĂSINETU,237141,28,126718,23,3,4,RO414
3,126745,POTOPINU,237142,28,126718,23,3,4,RO414
3,126754,REŞCA,237143,28,126718,23,3,4,RO414
3,126763,REŞCUŢA,237144,28,126718,23,3,4,RO414
2,126772,DOBROTEASA,,28,289,3,3,4,RO414
3,126781,DOBROTEASA,237145,28,126772,22,3,4,RO414
3,126790,BATIA,237146,28,126772,23,3,4,RO414
3,126807,CÂMPU MARE,237147,28,126772,23,3,4,RO414
3,126816,VULPEŞTI,237148,28,126772,23,3,4,RO414
2,126825,DOBRUN,,28,289,3,3,4,RO414
3,126861,DOBRUN,237150,28,126825,22,3,4,RO414
3,126852,CHILII,237152,28,126825,23,3,4,RO414
3,126870,ROŞIENII MARI,237154,28,126825,23,3,4,RO414
3,126889,ROŞIENII MICI,237156,28,126825,23,3,4,RO414
3,126898,ULMET,237157,28,126825,23,3,4,RO414
2,125490,DRĂGHICENI,,28,289,3,3,4,RO414
3,125506,DRĂGHICENI,237160,28,125490,22,3,4,RO414
3,125515,GROZĂVEŞTI,237161,28,125490,23,3,4,RO414
3,125524,LIICENI,237162,28,125490,23,3,4,RO414
2,126905,FĂGEŢELU,,28,289,3,3,4,RO414
3,126914,FĂGEŢELU,237165,28,126905,22,3,4,RO414
3,126923,BÂGEŞTI,237166,28,126905,23,3,4,RO414
3,126932,CHILIA,237167,28,126905,23,3,4,RO414
3,126941,GRUIU,237168,28,126905,23,3,4,RO414
3,126950,ISACI,237169,28,126905,23,3,4,RO414
3,126969,PIELCANI,237171,28,126905,23,3,4,RO414
2,126978,FĂLCOIU,,28,289,3,3,4,RO414
3,126987,FĂLCOIU,237175,28,126978,22,3,4,RO414
3,126996,CIOROIAŞU,237176,28,126978,23,3,4,RO414
3,127000,CIOROIU,237177,28,126978,23,3,4,RO414
2,127019,FĂRCAŞELE,,28,289,3,3,4,RO414
3,127028,FĂRCAŞELE,237180,28,127019,22,3,4,RO414
3,127037,FĂRCAŞU DE JOS,237181,28,127019,23,3,4,RO414
3,127046,GHIMPAŢI,237182,28,127019,23,3,4,RO414
3,127055,HOTĂRANI,237183,28,127019,23,3,4,RO414
2,127064,GĂNEASA,,28,289,3,3,4,RO414
3,127073,GĂNEASA,237185,28,127064,22,3,4,RO414
3,127082,DRANOVĂŢU,237186,28,127064,23,3,4,RO414
3,127091,GRĂDIŞTEA,237187,28,127064,23,3,4,RO414
3,127108,IZVORU,237188,28,127064,23,3,4,RO414
3,127117,OLTIŞORU,237189,28,127064,23,3,4,RO414
2,130302,GĂVĂNEŞTI,,28,289,3,3,4,RO414
3,125720,GĂVĂNEŞTI,237009,28,130302,22,3,4,RO414
3,125686,BĂLEASA,237006,28,130302,23,3,4,RO414
3,125702,BROŞTENI,237007,28,130302,23,3,4,RO414
3,125711,DÂMBURILE,237008,28,130302,23,3,4,RO414
2,125588,GÂRCOV,,28,289,3,3,4,RO414
3,125597,GÂRCOV,237190,28,125588,22,3,4,RO414
3,125604,URSA,237191,28,125588,23,3,4,RO414
2,130311,GHIMPEŢENI,,28,289,3,3,4,RO414
3,127732,GHIMPEŢENI,237281,28,130311,22,3,4,RO414
3,127741,GHIMPEŢENII NOI,237282,28,130311,23,3,4,RO414
2,127126,GIUVĂRĂŞTI,,28,289,3,3,4,RO414
3,127135,GIUVĂRĂŞTI,237195,28,127126,22,3,4,RO414
2,127144,GOSTAVĂŢU,,28,289,3,3,4,RO414
3,127153,GOSTAVĂŢU,237200,28,127144,22,3,4,RO414
3,127162,SLĂVENI,237201,28,127144,23,3,4,RO414
2,127171,GRĂDINARI,,28,289,3,3,4,RO414
3,127180,GRĂDINARI,237205,28,127171,22,3,4,RO414
3,127199,PETCULEŞTI,237206,28,127171,23,3,4,RO414
3,127206,RUNCU MARE,237207,28,127171,23,3,4,RO414
3,127215,SATU NOU,237208,28,127171,23,3,4,RO414
2,130320,GRĂDINILE,,28,289,3,3,4,RO414
3,129219,GRĂDINILE,237447,28,130320,22,3,4,RO414
3,129200,ARVĂTEASCA,237446,28,130320,23,3,4,RO414
3,129228,PLĂVICEANCA,237448,28,130320,23,3,4,RO414
2,127224,GROJDIBODU,,28,289,3,3,4,RO414
3,127233,GROJDIBODU,237210,28,127224,22,3,4,RO414
3,127242,HOTARU,237211,28,127224,23,3,4,RO414
2,130339,GURA PADINII,,28,289,3,3,4,RO414
3,127956,GURA PADINII,237306,28,130339,22,3,4,RO414
3,127974,SATU NOU,237308,28,130339,23,3,4,RO414
2,127251,IANCA,,28,289,3,3,4,RO414
3,127260,IANCA,237215,28,127251,22,3,4,RO414
3,127279,POTELU,237216,28,127251,23,3,4,RO414
2,127288,IANCU JIANU,,28,289,3,3,4,RO414
3,127297,IANCU JIANU,237220,28,127288,22,3,4,RO414
3,127304,DOBRICENI,237221,28,127288,23,3,4,RO414
3,127313,PREOTEŞTI,237222,28,127288,23,3,4,RO414
2,127322,ICOANA,,28,289,3,3,4,RO414
3,127331,ICOANA,237225,28,127322,22,3,4,RO414
3,127340,FLORU,237226,28,127322,23,3,4,RO414
3,127359,URSOAIA,237227,28,127322,23,3,4,RO414
2,130348,IPOTEŞTI,,28,289,3,3,4,RO414
3,127581,IPOTEŞTI,237261,28,130348,22,3,4,RO414
2,127368,IZBICENI,,28,289,3,3,4,RO414
3,127377,IZBICENI,237230,28,127368,22,3,4,RO414
2,127386,IZVOARELE,,28,289,3,3,4,RO414
3,127395,IZVOARELE,237235,28,127386,22,3,4,RO414
3,127402,ALIMĂNEŞTI,237236,28,127386,23,3,4,RO414
2,127411,LELEASCA,,28,289,3,3,4,RO414
3,127420,LELEASCA,237240,28,127411,22,3,4,RO414
3,127439,AFUMAŢI,237241,28,127411,23,3,4,RO414
3,127448,GREEREŞTI,237242,28,127411,23,3,4,RO414
3,127457,MIERLICEŞTI,237243,28,127411,23,3,4,RO414
3,127466,TONEŞTI,237244,28,127411,23,3,4,RO414
3,127475,TUFARU,237246,28,127411,23,3,4,RO414
3,127484,URŞI,237247,28,127411,23,3,4,RO414
2,127493,MĂRUNŢEI,,28,289,3,3,4,RO414
3,127509,MĂRUNŢEI,237250,28,127493,22,3,4,RO414
3,127518,BĂLĂNEŞTI,237251,28,127493,23,3,4,RO414
3,127527,MALU ROŞU,237252,28,127493,23,3,4,RO414
2,127536,MIHĂEŞTI,,28,289,3,3,4,RO414
3,127545,MIHĂEŞTI,237255,28,127536,22,3,4,RO414
3,127554,BUŞCA,237256,28,127536,23,3,4,RO414
2,127563,MILCOV,,28,289,3,3,4,RO414
3,127572,ULMI,237266,28,127563,22,3,4,RO414
3,127590,MILCOVU DIN DEAL,237262,28,127563,23,3,4,RO414
3,127607,MILCOVU DIN VALE,237263,28,127563,23,3,4,RO414
3,127616,STEJARU,237264,28,127563,23,3,4,RO414
2,127625,MORUNGLAV,,28,289,3,3,4,RO414
3,127634,MORUNGLAV,237270,28,127625,22,3,4,RO414
3,127643,BĂRĂŞTI,237271,28,127625,23,3,4,RO414
3,127652,GHIOŞANI,237272,28,127625,23,3,4,RO414
3,127661,MORUNEŞTI,237273,28,127625,23,3,4,RO414
3,127670,POIANA MARE,237274,28,127625,23,3,4,RO414
2,127689,MOVILENI,,28,289,3,3,4,RO414
3,127698,MOVILENI,237275,28,127689,22,3,4,RO414
3,127705,BACEA,237276,28,127689,23,3,4,RO414
2,127714,NICOLAE TITULESCU,,28,289,3,3,4,RO414
3,127723,NICOLAE TITULESCU,237280,28,127714,22,3,4,RO414
2,127750,OBÂRŞIA,,28,289,3,3,4,RO414
3,127769,OBÂRŞIA,237285,28,127750,22,3,4,RO414
3,127778,CÂMPU PĂRULUI,237286,28,127750,23,3,4,RO414
3,127787,COTENI,237287,28,127750,23,3,4,RO414
3,127796,OBÂRŞIA NOUĂ,237288,28,127750,23,3,4,RO414
3,127803,TABONU,237289,28,127750,23,3,4,RO414
2,127812,OBOGA,,28,289,3,3,4,RO414
3,127821,OBOGA,237290,28,127812,22,3,4,RO414
2,127858,OPORELU,,28,289,3,3,4,RO414
3,127867,OPORELU,237295,28,127858,22,3,4,RO414
3,127876,BERIA DE JOS,237296,28,127858,23,3,4,RO414
3,127885,BERIA DE SUS,237297,28,127858,23,3,4,RO414
3,127894,RĂDEŞTI,237298,28,127858,23,3,4,RO414
2,127901,OPTAŞI-MĂGURA,,28,289,3,3,4,RO414
3,127910,OPTAŞI,237301,28,127901,22,3,4,RO414
2,127938,ORLEA,,28,289,3,3,4,RO414
3,127947,ORLEA,237305,28,127938,22,3,4,RO414
3,127965,ORLEA NOUĂ,237307,28,127938,23,3,4,RO414
2,130357,OSICA DE JOS,,28,289,3,3,4,RO414
3,126834,OSICA DE JOS,237153,28,130357,22,3,4,RO414
3,126843,BOBU,237151,28,130357,23,3,4,RO414
2,127983,OSICA DE SUS,,28,289,3,3,4,RO414
3,127992,VLĂDULENI,237315,28,127983,22,3,4,RO414
3,128007,GRECI,237311,28,127983,23,3,4,RO414
3,128016,OSICA DE SUS,237310,28,127983,23,3,4,RO414
3,128025,OSTROV,237312,28,127983,23,3,4,RO414
3,128034,PERETU,237313,28,127983,23,3,4,RO414
3,128043,TOMENI,237314,28,127983,23,3,4,RO414
2,128178,PÂRŞCOVENI,,28,289,3,3,4,RO414
3,128187,PÂRŞCOVENI,237325,28,128178,22,3,4,RO414
3,128196,BUTOI,237326,28,128178,23,3,4,RO414
3,128203,OLARI,237327,28,128178,23,3,4,RO414
2,128052,PERIEŢI,,28,289,3,3,4,RO414
3,128061,PERIEŢI,237330,28,128052,22,3,4,RO414
3,128089,MĂGURA,237332,28,128052,23,3,4,RO414
3,128098,MIERLEŞTII DE SUS,237333,28,128052,23,3,4,RO414
2,128221,PLEŞOIU,,28,289,3,3,4,RO414
3,128230,PLEŞOIU,237335,28,128221,22,3,4,RO414
3,128249,ARCEŞTI,237336,28,128221,23,3,4,RO414
3,128258,ARCEŞTI-COT,237337,28,128221,23,3,4,RO414
3,128267,COCORĂŞTI,237338,28,128221,23,3,4,RO414
3,128276,DOBA,237339,28,128221,23,3,4,RO414
3,128285,SCHITU DIN DEAL,237341,28,128221,23,3,4,RO414
3,128294,SCHITU DIN VALE,237342,28,128221,23,3,4,RO414
2,128301,POBORU,,28,289,3,3,4,RO414
3,128310,POBORU,237345,28,128301,22,3,4,RO414
3,128329,ALBEŞTI,237346,28,128301,23,3,4,RO414
3,128338,CORNĂŢELU,237347,28,128301,23,3,4,RO414
3,128347,CREŢI,237348,28,128301,23,3,4,RO414
3,128356,SEACA,237349,28,128301,23,3,4,RO414
3,128365,SURPENI,237351,28,128301,23,3,4,RO414
2,128436,PRISEACA,,28,289,3,3,4,RO414
3,128445,PRISEACA,237360,28,128436,22,3,4,RO414
3,128454,BUICEŞTI,237361,28,128436,23,3,4,RO414
3,128463,SĂLTĂNEŞTI,237362,28,128436,23,3,4,RO414
2,128472,RADOMIREŞTI,,28,289,3,3,4,RO414
3,128481,RADOMIREŞTI,237365,28,128472,22,3,4,RO414
3,128490,CĂLINEŞTI,237366,28,128472,23,3,4,RO414
3,128506,CRĂCIUNEI,237367,28,128472,23,3,4,RO414
3,128515,POIANA,237368,28,128472,23,3,4,RO414
2,128524,REDEA,,28,289,3,3,4,RO414
3,128533,REDEA,237370,28,128524,22,3,4,RO414
3,128542,REDIŞOARA,237371,28,128524,23,3,4,RO414
3,128551,VALEA SOARELUI,237372,28,128524,23,3,4,RO414
2,128560,ROTUNDA,,28,289,3,3,4,RO414
3,128579,ROTUNDA,237375,28,128560,22,3,4,RO414
2,128588,RUSĂNEŞTI,,28,289,3,3,4,RO414
3,128597,RUSĂNEŞTI,237380,28,128588,22,3,4,RO414
3,128604,JIENI,237381,28,128588,23,3,4,RO414
2,128882,SÂMBUREŞTI,,28,289,3,3,4,RO414
3,128891,SÂMBUREŞTI,237385,28,128882,22,3,4,RO414
3,128908,CERBENI,237386,28,128882,23,3,4,RO414
3,128917,IONICEŞTI,237387,28,128882,23,3,4,RO414
3,128926,LĂUNELE,237388,28,128882,23,3,4,RO414
3,128935,MĂNULEŞTI,237389,28,128882,23,3,4,RO414
3,128944,STĂNULEASA,237391,28,128882,23,3,4,RO414
3,128953,TONEŞTI,237392,28,128882,23,3,4,RO414
2,130366,SÂRBII - MĂGURA,,28,289,3,3,4,RO414
3,127929,VITĂNEŞTI,237302,28,130366,22,3,4,RO414
2,128613,SCĂRIŞOARA,,28,289,3,3,4,RO414
3,128622,SCĂRIŞOARA,237395,28,128613,22,3,4,RO414
3,128631,PLĂVICENI,237396,28,128613,23,3,4,RO414
3,128640,RUDARI,237397,28,128613,23,3,4,RO414
2,128659,SCHITU,,28,289,3,3,4,RO414
3,128668,SCHITU,237400,28,128659,22,3,4,RO414
3,128677,CATANELE,237401,28,128659,23,3,4,RO414
3,128686,GRECI,237402,28,128659,23,3,4,RO414
3,128695,LISA,237403,28,128659,23,3,4,RO414
3,128702,MOŞTENI,237404,28,128659,23,3,4,RO414
2,128864,SEACA,,28,289,3,3,4,RO414
3,128873,SEACA,237405,28,128864,22,3,4,RO414
2,125374,SLĂTIOARA,,28,289,3,3,4,RO414
3,125383,SLĂTIOARA,237410,28,125374,22,3,4,RO414
3,125392,SALCIA,237411,28,125374,23,3,4,RO414
2,128962,SPINENI,,28,289,3,3,4,RO414
3,128971,ALUNIŞU,237416,28,128962,22,3,4,RO414
3,128980,CUZA VODĂ,237417,28,128962,23,3,4,RO414
3,128999,DAVIDEŞTI,237418,28,128962,23,3,4,RO414
3,129004,OPTĂŞANI,237419,28,128962,23,3,4,RO414
3,129013,PROFA,237421,28,128962,23,3,4,RO414
3,129022,SPINENI,237415,28,128962,23,3,4,RO414
3,129031,VINEŢI,237422,28,128962,23,3,4,RO414
2,129040,SPRÂNCENATA,,28,289,3,3,4,RO414
3,129059,SPRÂNCENATA,237425,28,129040,22,3,4,RO414
3,129068,BÂRSEŞTII DE SUS,237426,28,129040,23,3,4,RO414
3,129077,FRUNZARU,237427,28,129040,23,3,4,RO414
3,129086,URIA,237428,28,129040,23,3,4,RO414
2,129095,STOENEŞTI,,28,289,3,3,4,RO414
3,129102,STOENEŞTI,237430,28,129095,22,3,4,RO414
2,129111,STOICĂNEŞTI,,28,289,3,3,4,RO414
3,129120,STOICĂNEŞTI,237435,28,129111,22,3,4,RO414
2,129139,STREJEŞTI,,28,289,3,3,4,RO414
3,129148,STREJEŞTI,237440,28,129139,22,3,4,RO414
3,129157,COLIBAŞI,237441,28,129139,23,3,4,RO414
3,129166,MAMURA,237442,28,129139,23,3,4,RO414
3,129175,STREJEŞTII DE SUS,237443,28,129139,23,3,4,RO414
2,129184,STUDINA,,28,289,3,3,4,RO414
3,129193,STUDINA,237445,28,129184,22,3,4,RO414
3,129237,STUDINIŢA,237449,28,129184,23,3,4,RO414
2,129246,ŞERBĂNEŞTI,,28,289,3,3,4,RO414
3,129255,ŞERBĂNEŞTI,237450,28,129246,22,3,4,RO414
3,129264,STRUGURELU,237451,28,129246,23,3,4,RO414
3,129273,ŞERBĂNEŞTII DE SUS,237452,28,129246,23,3,4,RO414
2,130384,ŞOPÂRLIŢA,,28,289,3,3,4,RO414
3,128212,ŞOPÂRLIŢA,237328,28,130384,22,3,4,RO414
2,129282,ŞTEFAN CEL MARE,,28,289,3,3,4,RO414
3,129291,ŞTEFAN CEL MARE,237455,28,129282,22,3,4,RO414
3,129308,IANCA NOUĂ,237456,28,129282,23,3,4,RO414
2,129317,TĂTULEŞTI,,28,289,3,3,4,RO414
3,129326,TĂTULEŞTI,237460,28,129317,22,3,4,RO414
3,129335,BĂRBĂLĂI,237461,28,129317,23,3,4,RO414
3,129344,LUNCA,237462,28,129317,23,3,4,RO414
3,129353,MĂGURA,237463,28,129317,23,3,4,RO414
3,129362,MIRCEŞTI,237464,28,129317,23,3,4,RO414
3,129371,MOMAIU,237466,28,129317,23,3,4,RO414
2,129380,TESLUI,,28,289,3,3,4,RO414
3,129399,TESLUI,237470,28,129380,22,3,4,RO414
3,129406,CHERLEŞTII DIN DEAL,237472,28,129380,23,3,4,RO414
3,129415,CHERLEŞTII MOŞTENI,237471,28,129380,23,3,4,RO414
3,129424,COMĂNIŢA,237473,28,129380,23,3,4,RO414
3,129433,CORBU,237474,28,129380,23,3,4,RO414
3,129442,DELENI,237476,28,129380,23,3,4,RO414
3,129451,SCHITU DELENI,237477,28,129380,23,3,4,RO414
2,129460,TIA MARE,,28,289,3,3,4,RO414
3,129479,TIA MARE,237480,28,129460,22,3,4,RO414
3,129488,DOANCA,237481,28,129460,23,3,4,RO414
3,129497,POTLOGENI,237482,28,129460,23,3,4,RO414
2,129503,TOPANA,,28,289,3,3,4,RO414
3,129512,TOPANA,237485,28,129503,22,3,4,RO414
3,129530,CÂNDELEŞTI,237486,28,129503,23,3,4,RO414
3,129521,CIORÂCA,237487,28,129503,23,3,4,RO414
3,129549,COJGĂREI,237488,28,129503,23,3,4,RO414
3,129558,UNGURENI,237489,28,129503,23,3,4,RO414
2,129567,TRAIAN,,28,289,3,3,4,RO414
3,129576,TRAIAN,237490,28,129567,22,3,4,RO414
2,129585,TUFENI,,28,289,3,3,4,RO414
3,129594,TUFENI,237495,28,129585,22,3,4,RO414
3,129601,BARZA,237496,28,129585,23,3,4,RO414
3,129610,STOBORĂŞTI,237497,28,129585,23,3,4,RO414
2,129629,URZICA,,28,289,3,3,4,RO414
3,129638,URZICA,237500,28,129629,22,3,4,RO414
3,129647,STĂVARU,237501,28,129629,23,3,4,RO414
2,129656,VALEA MARE,,28,289,3,3,4,RO414
3,129665,VALEA MARE,237505,28,129656,22,3,4,RO414
3,129674,BÂRCA,237506,28,129656,23,3,4,RO414
3,129683,RECEA,237507,28,129656,23,3,4,RO414
3,129692,TURIA,237508,28,129656,23,3,4,RO414
3,129709,ZORLEASCA,237509,28,129656,23,3,4,RO414
2,129718,VĂDASTRA,,28,289,3,3,4,RO414
3,129736,VĂDASTRA,237510,28,129718,22,3,4,RO414
2,129745,VĂDĂSTRIŢA,,28,289,3,3,4,RO414
3,129754,VĂDĂSTRIŢA,237515,28,129745,22,3,4,RO414
2,129763,VĂLENI,,28,289,3,3,4,RO414
3,129772,VĂLENI,237520,28,129763,22,3,4,RO414
3,129781,MANDRA,237521,28,129763,23,3,4,RO414
3,129790,POPEŞTI,237522,28,129763,23,3,4,RO414
3,129807,TIRIŞNEAG,237523,28,129763,23,3,4,RO414
2,129987,VÂLCELE,,28,289,3,3,4,RO414
3,129996,VÂLCELE,237525,28,129987,22,3,4,RO414
3,130008,BĂRCĂNEŞTI,237526,28,129987,23,3,4,RO414
3,130017,VÂLCELELE DE SUS,237527,28,129987,23,3,4,RO414
2,129816,VERGULEASA,,28,289,3,3,4,RO414
3,129825,VERGULEASA,237530,28,129816,22,3,4,RO414
3,129834,CĂZĂNEŞTI,237531,28,129816,23,3,4,RO414
3,129843,CUCUEŢI,237532,28,129816,23,3,4,RO414
3,129852,DUMITREŞTI,237533,28,129816,23,3,4,RO414
3,129861,POGANU,237534,28,129816,23,3,4,RO414
3,129870,VALEA FETEI,237536,28,129816,23,3,4,RO414
3,129889,VÂNEŞTI,237537,28,129816,23,3,4,RO414
2,129898,VIŞINA,,28,289,3,3,4,RO414
3,129905,VIŞINA,237540,28,129898,22,3,4,RO414
2,130375,VIŞINA NOUĂ,,28,289,3,3,4,RO414
3,129727,VIŞINA NOUĂ,237511,28,130375,22,3,4,RO414
2,129914,VITOMIREŞTI,,28,289,3,3,4,RO414
3,129923,VITOMIREŞTI,237545,28,129914,22,3,4,RO414
3,129932,BULIMANU,237546,28,129914,23,3,4,RO414
3,129941,DEJEŞTI,237547,28,129914,23,3,4,RO414
3,129950,DONEŞTI,237548,28,129914,23,3,4,RO414
3,129969,STĂNULEASA,237549,28,129914,23,3,4,RO414
3,129978,TREPTENI,237551,28,129914,23,3,4,RO414
2,130026,VLĂDILA,,28,289,3,3,4,RO414
3,130035,VLĂDILA,237555,28,130026,22,3,4,RO414
3,130044,FRĂSINET-GARĂ,237556,28,130026,23,3,4,RO414
3,130053,VLĂDILA NOUĂ,237557,28,130026,23,3,4,RO414
2,130062,VOINEASA,,28,289,3,3,4,RO414
3,130071,VOINEASA,237560,28,130062,22,3,4,RO414
3,130080,BLAJ,237561,28,130062,23,3,4,RO414
3,130099,MĂRGĂRITEŞTI,237562,28,130062,23,3,4,RO414
3,130106,RACOVIŢA,237563,28,130062,23,3,4,RO414
3,130115,RUSĂNEŞTII DE SUS,237564,28,130062,23,3,4,RO414
2,130124,VULPENI,,28,289,3,3,4,RO414
3,130133,VULPENI,237565,28,130124,22,3,4,RO414
3,130142,COTORBEŞTI,237566,28,130124,23,3,4,RO414
3,130151,GROPŞANI,237567,28,130124,23,3,4,RO414
3,130160,MARDALE,237568,28,130124,23,3,4,RO414
3,130179,PESCĂREŞTI,237569,28,130124,23,3,4,RO414
3,130188,PLOPŞORELU,237571,28,130124,23,3,4,RO414
3,130197,PRISACA,237572,28,130124,23,3,4,RO414
3,130204,SIMNICENI,237573,28,130124,23,3,4,RO414
3,130213,TABACI,237574,28,130124,23,3,4,RO414
3,130222,VALEA SATULUI,237576,28,130124,23,3,4,RO414
2,130231,VULTUREŞTI,,28,289,3,3,4,RO414
3,130240,VULTUREŞTI,237580,28,130231,22,3,4,RO414
3,130259,DIENCI,237581,28,130231,23,3,4,RO414
3,130268,VALEA LUI ALB,237582,28,130231,23,3,4,RO414
3,130277,VLĂNGĂREŞTI,237583,28,130231,23,3,4,RO414
1,298,JUDEŢUL PRAHOVA,,29,1,40,0,3,
2,130534,MUNICIPIUL PLOIEŞTI,,29,298,1,1,3,RO316
3,130543,PLOIEŞTI,100001,29,130534,9,1,3,RO316
2,131256,MUNICIPIUL CÂMPINA,,29,298,4,1,3,RO316
3,131265,CÂMPINA,105600,29,131256,9,1,3,RO316
2,130954,ORAŞ AZUGA,,29,298,2,1,3,RO316
3,130963,AZUGA,105100,29,130954,17,1,3,RO316
2,130981,ORAŞ BĂICOI,,29,298,2,1,3,RO316
3,130990,BĂICOI,105200,29,130981,17,1,3,RO316
3,131005,DÂMBU,105201,29,130981,18,1,3,RO316
3,131014,LILIEŞTI,105202,29,130981,18,1,3,RO316
3,131023,SCHELA,105203,29,130981,18,1,3,RO316
3,131032,TUFENI,105204,29,130981,18,1,3,RO316
3,131041,ŢINTEA,105250,29,130981,18,1,3,RO316
2,131069,ORAŞ BOLDEŞTI-SCĂENI,,29,298,2,1,3,RO316
3,131078,BOLDEŞTI-SCĂENI,105300,29,131069,17,1,3,RO316
3,131087,SECIU,105301,29,131069,18,1,3,RO316
2,131103,ORAŞ BREAZA,,29,298,2,1,3,RO316
3,131112,BREAZA DE JOS,105401,29,131103,17,1,3,RO316
3,131121,BREAZA DE SUS,105402,29,131103,18,1,3,RO316
3,131130,FRĂSINET,105403,29,131103,18,1,3,RO316
3,136232,GURA BELIEI,105404,29,131103,18,1,3,RO316
3,131149,IRIMEŞTI,105405,29,131103,18,1,3,RO316
3,131158,NISTOREŞTI,105406,29,131103,18,1,3,RO316
3,131167,PODU CORBULUI,105407,29,131103,18,1,3,RO316
3,131176,PODU VADULUI,105408,29,131103,18,1,3,RO316
3,131185,SURDEŞTI,105409,29,131103,18,1,3,RO316
3,131194,VALEA TÂRSEI,105410,29,131103,18,1,3,RO316
2,131210,ORAŞ BUŞTENI,,29,298,2,1,3,RO316
3,131229,BUŞTENI,105500,29,131210,17,1,3,RO316
3,131238,POIANA ŢAPULUI,105550,29,131210,18,1,3,RO316
2,131336,ORAŞ COMARNIC,,29,298,2,1,3,RO316
3,131345,COMARNIC,105700,29,131336,17,1,3,RO316
3,131354,GHIOŞEŞTI,105701,29,131336,18,1,3,RO316
3,131363,PODU LUNG,105702,29,131336,18,1,3,RO316
3,131372,POIANA,105703,29,131336,18,1,3,RO316
3,131381,POSADA,105704,29,131336,18,1,3,RO316
2,131407,ORAŞ MIZIL,,29,298,2,1,3,RO316
3,131416,MIZIL,105800,29,131407,17,1,3,RO316
3,131425,FEFELEI,105801,29,131407,18,1,3,RO316
2,131443,ORAŞ PLOPENI,,29,298,2,1,3,RO316
3,131452,PLOPENI,105900,29,131443,17,1,3,RO316
2,131540,ORAŞ SINAIA,,29,298,2,1,3,RO316
3,131559,SINAIA,106100,29,131540,17,1,3,RO316
2,131577,ORAŞ SLĂNIC,,29,298,2,1,3,RO316
3,131586,SLĂNIC,106200,29,131577,17,1,3,RO316
3,131595,GROŞANI,106201,29,131577,18,1,3,RO316
3,131602,PRĂJANI,106202,29,131577,18,1,3,RO316
2,131620,ORAŞ URLAŢI,,29,298,2,1,3,RO316
3,131639,URLAŢI,106300,29,131620,17,1,3,RO316
3,131648,ARIONEŞTII NOI,106301,29,131620,18,1,3,RO316
3,131657,ARIONEŞTII VECHI,106302,29,131620,18,1,3,RO316
3,131666,CHERBA,106303,29,131620,18,1,3,RO316
3,131675,JERCĂLĂI,106304,29,131620,18,1,3,RO316
3,131684,MĂRUNŢIŞ,106305,29,131620,18,1,3,RO316
3,131693,ORZOAIA DE JOS,106306,29,131620,18,1,3,RO316
3,131700,ORZOAIA DE SUS,106307,29,131620,18,1,3,RO316
3,131719,SCHIAU,106308,29,131620,18,1,3,RO316
3,131728,ULMI,106309,29,131620,18,1,3,RO316
3,131737,VALEA BOBULUI,106310,29,131620,18,1,3,RO316
3,131746,VALEA CRÂNGULUI,106311,29,131620,18,1,3,RO316
3,131755,VALEA MIEILOR,106312,29,131620,18,1,3,RO316
3,131764,VALEA NUCETULUI,106313,29,131620,18,1,3,RO316
3,131773,VALEA PIETREI,106314,29,131620,18,1,3,RO316
3,131782,VALEA SEMAN,106315,29,131620,18,1,3,RO316
3,131791,VALEA URLOII,106316,29,131620,18,1,3,RO316
2,131817,ORAŞ VĂLENII DE MUNTE,,29,298,2,1,3,RO316
3,131826,VĂLENII DE MUNTE,106400,29,131817,17,1,3,RO316
2,131899,ADUNAŢI,,29,298,3,3,3,RO316
3,131906,ADUNAŢI,107005,29,131899,22,3,3,RO316
3,131915,OCINA DE JOS,107006,29,131899,23,3,3,RO316
3,131924,OCINA DE SUS,107007,29,131899,23,3,3,RO316
2,131933,ALBEŞTI-PALEOLOGU,,29,298,3,3,3,RO316
3,131942,ALBEŞTI-PALEOLOGU,107010,29,131933,22,3,3,RO316
3,131951,ALBEŞTI-MURU,107011,29,131933,23,3,3,RO316
3,131960,CIOCENI,107012,29,131933,23,3,3,RO316
3,131979,VADU PĂRULUI,107013,29,131933,23,3,3,RO316
2,131988,ALUNIŞ,,29,298,3,3,3,RO316
3,131997,ALUNIŞ,107015,29,131988,22,3,3,RO316
3,132002,OSTROVU,107016,29,131988,23,3,3,RO316
2,132011,APOSTOLACHE,,29,298,3,3,3,RO316
3,132020,APOSTOLACHE,107020,29,132011,22,3,3,RO316
3,132039,BUZOTA,107021,29,132011,23,3,3,RO316
3,132048,MÂRLOGEA,107022,29,132011,23,3,3,RO316
3,132057,UDREŞTI,107023,29,132011,23,3,3,RO316
3,132066,VALEA CRICOVULUI,107024,29,132011,23,3,3,RO316
2,132075,ARICEŞTII RAHTIVANI,,29,298,3,3,3,RO316
3,132084,ARICEŞTII RAHTIVANI,107025,29,132075,22,3,3,RO316
3,132093,BUDA,107026,29,132075,23,3,3,RO316
3,132100,NEDELEA,107027,29,132075,23,3,3,RO316
3,132119,STOENEŞTI,107028,29,132075,23,3,3,RO316
3,132128,TÂRGŞORU NOU,107029,29,132075,23,3,3,RO316
2,132137,ARICEŞTII ZELETIN,,29,298,3,3,3,RO316
3,132146,ARICEŞTII ZELETIN,107030,29,132137,22,3,3,RO316
3,132155,ALBINARI,107031,29,132137,23,3,3,RO316
2,132164,BABA ANA,,29,298,3,3,3,RO316
3,132173,BABA ANA,107035,29,132164,22,3,3,RO316
3,132182,CIREŞANU,107036,29,132164,23,3,3,RO316
3,132191,CONDURATU,107037,29,132164,23,3,3,RO316
3,132208,CRÂNGURILE,107038,29,132164,23,3,3,RO316
3,132217,SATU NOU,107039,29,132164,23,3,3,RO316
2,132226,BALTA DOAMNEI,,29,298,3,3,3,RO316
3,132235,BALTA DOAMNEI,107040,29,132226,22,3,3,RO316
3,132244,BÂRA,107041,29,132226,23,3,3,RO316
3,132253,CURCUBEU,107042,29,132226,23,3,3,RO316
3,132262,LACU TURCULUI,107043,29,132226,23,3,3,RO316
2,132271,BĂLŢEŞTI,,29,298,3,3,3,RO316
3,132280,BĂLŢEŞTI,107045,29,132271,22,3,3,RO316
3,132299,IZEŞTI,107046,29,132271,23,3,3,RO316
3,132306,PODENII VECHI,107047,29,132271,23,3,3,RO316
2,132315,BĂNEŞTI,,29,298,3,3,3,RO316
3,132324,BĂNEŞTI,107050,29,132315,22,3,3,RO316
3,132333,URLETA,107051,29,132315,23,3,3,RO316
2,130552,BĂRCĂNEŞTI,,29,298,3,3,3,RO316
3,130561,BĂRCĂNEŞTI,107055,29,130552,22,3,3,RO316
3,130570,GHIGHIU,107056,29,130552,23,3,3,RO316
3,130589,PUŞCAŞI,107057,29,130552,23,3,3,RO316
3,130598,ROMÂNEŞTI,107058,29,130552,23,3,3,RO316
3,130605,TĂTĂRANI,107059,29,130552,23,3,3,RO316
2,136278,BĂTRÂNI,,29,298,3,3,3,RO316
3,135333,BĂTRÂNI,107536,29,136278,22,3,3,RO316
3,135360,POIANA MARE,107539,29,136278,23,3,3,RO316
2,130614,BERCENI,,29,298,3,3,3,RO316
3,130623,BERCENI,107060,29,130614,22,3,3,RO316
3,130632,CARTIERUL DÂMBU,107061,29,130614,23,3,3,RO316
3,130641,CĂTUNU,107062,29,130614,23,3,3,RO316
3,130650,CORLĂTEŞTI,107063,29,130614,23,3,3,RO316
3,130669,MOARA NOUĂ,107064,29,130614,23,3,3,RO316
2,132342,BERTEA,,29,298,3,3,3,RO316
3,132351,BERTEA,107065,29,132342,22,3,3,RO316
3,132360,LUTU ROŞU,107066,29,132342,23,3,3,RO316
2,130678,BLEJOI,,29,298,3,3,3,RO316
3,130687,BLEJOI,107070,29,130678,22,3,3,RO316
3,130696,PLOIEŞTIORI,107071,29,130678,23,3,3,RO316
3,130703,ŢÂNŢĂRENI,107072,29,130678,23,3,3,RO316
2,132379,BOLDEŞTI-GRADIŞTEA,,29,298,3,3,3,RO316
3,132388,BOLDEŞTI,107076,29,132379,22,3,3,RO316
3,132397,GRADIŞTEA,107077,29,132379,23,3,3,RO316
2,130712,BRAZI,,29,298,3,3,3,RO316
3,130721,BRAZII DE SUS,107084,29,130712,22,3,3,RO316
3,130730,BĂTEŞTI,107082,29,130712,23,3,3,RO316
3,130749,BRAZII DE JOS,107083,29,130712,23,3,3,RO316
3,130758,NEGOIEŞTI,107086,29,130712,23,3,3,RO316
3,130767,POPEŞTI,107087,29,130712,23,3,3,RO316
3,130776,STEJARU,107088,29,130712,23,3,3,RO316
2,132404,BREBU,,29,298,3,3,3,RO316
3,132413,BREBU MÂNĂSTIREI,107105,29,132404,22,3,3,RO316
3,132422,BREBU MEGIEŞESC,107101,29,132404,23,3,3,RO316
3,132431,PIETRICEAUA,107102,29,132404,23,3,3,RO316
3,132440,PODU CHEII,107103,29,132404,23,3,3,RO316
2,130785,BUCOV,,29,298,3,3,3,RO316
3,130794,BUCOV,107110,29,130785,22,3,3,RO316
3,130801,BIGHILIN,107111,29,130785,23,3,3,RO316
3,130810,CHIŢORANI,107112,29,130785,23,3,3,RO316
3,130829,PLEAŞA,107113,29,130785,23,3,3,RO316
3,130838,VALEA ORLEI,107114,29,130785,23,3,3,RO316
2,132459,CĂLUGĂRENI,,29,298,3,3,3,RO316
3,132468,CĂLUGĂRENI,107115,29,132459,22,3,3,RO316
3,132477,VALEA SCHEILOR,107116,29,132459,23,3,3,RO316
2,132486,CĂRBUNEŞTI,,29,298,3,3,3,RO316
3,132495,CĂRBUNEŞTI,107120,29,132486,22,3,3,RO316
3,132501,GOGEASCA,107121,29,132486,23,3,3,RO316
2,132510,CEPTURA,,29,298,3,3,3,RO316
3,132529,CEPTURA DE JOS,107126,29,132510,22,3,3,RO316
3,132538,CEPTURA DE SUS,107130,29,132510,23,3,3,RO316
3,132547,MALU ROŞU,107127,29,132510,23,3,3,RO316
3,132556,ROTARI,107128,29,132510,23,3,3,RO316
3,132565,ŞOIMEŞTI,107129,29,132510,23,3,3,RO316
2,132574,CERAŞU,,29,298,3,3,3,RO316
3,132583,CERAŞU,107140,29,132574,22,3,3,RO316
3,132592,SLON,107141,29,132574,23,3,3,RO316
3,132609,VALEA BORULUI,107142,29,132574,23,3,3,RO316
3,132618,VALEA BRĂDETULUI,107143,29,132574,23,3,3,RO316
3,132627,VALEA LESPEZII,107144,29,132574,23,3,3,RO316
3,132636,VALEA TOCII,107146,29,132574,23,3,3,RO316
2,132645,CHIOJDEANCA,,29,298,3,3,3,RO316
3,132654,CHIOJDEANCA,107150,29,132645,22,3,3,RO316
3,132663,NUCET,107151,29,132645,23,3,3,RO316
3,132672,TRENU,107152,29,132645,23,3,3,RO316
2,132681,CIORANI,,29,298,3,3,3,RO316
3,132690,CIORANII DE JOS,107160,29,132681,22,3,3,RO316
3,132707,CIORANII DE SUS,107156,29,132681,23,3,3,RO316
2,136241,COCORĂŞTII COLŢ,,29,298,3,3,3,RO316
3,134247,COCORĂŞTII COLŢ,107379,29,136241,22,3,3,RO316
3,134229,CHEŞNOIU,107377,29,136241,23,3,3,RO316
3,134256,COCORĂŞTII GRIND,107381,29,136241,23,3,3,RO316
3,134265,COLŢU DE JOS,107382,29,136241,23,3,3,RO316
3,134274,GHIOLDUM,107383,29,136241,23,3,3,RO316
3,134292,PERŞUNARI,107386,29,136241,23,3,3,RO316
3,134309,PIATRA,107387,29,136241,23,3,3,RO316
3,134318,SATU DE SUS,107388,29,136241,23,3,3,RO316
2,132716,COCORĂŞTII MISLII,,29,298,3,3,3,RO316
3,132725,COCORĂŞTII MISLII,107165,29,132716,22,3,3,RO316
3,132734,GORUNA,107166,29,132716,23,3,3,RO316
3,132743,ŢIPĂREŞTI,107167,29,132716,23,3,3,RO316
2,132752,COLCEAG,,29,298,3,3,3,RO316
3,132761,COLCEAG,107170,29,132752,22,3,3,RO316
3,132770,INOTEŞTI,107171,29,132752,23,3,3,RO316
3,132789,PAREPA-RUŞANI,107172,29,132752,23,3,3,RO316
3,132798,VÂLCELELE,107173,29,132752,23,3,3,RO316
2,132805,CORNU,,29,298,3,3,3,RO316
3,132814,CORNU DE JOS,107180,29,132805,22,3,3,RO316
3,132823,CORNU DE SUS,107176,29,132805,23,3,3,RO316
3,132832,VALEA OPRII,107177,29,132805,23,3,3,RO316
2,132841,COSMINELE,,29,298,3,3,3,RO316
3,132850,COSMINA DE JOS,107186,29,132841,22,3,3,RO316
3,132869,COSMINA DE SUS,107187,29,132841,23,3,3,RO316
3,132878,DRĂGHICEŞTI,107188,29,132841,23,3,3,RO316
3,132887,POIANA TRESTIEI,107189,29,132841,23,3,3,RO316
2,132896,DRAJNA,,29,298,3,3,3,RO316
3,132903,DRAJNA DE SUS,107194,29,132896,22,3,3,RO316
3,132912,CĂTUNU,107191,29,132896,23,3,3,RO316
3,132921,CIOCRAC,107192,29,132896,23,3,3,RO316
3,132930,DRAJNA DE JOS,107193,29,132896,23,3,3,RO316
3,132949,FĂGET,107196,29,132896,23,3,3,RO316
3,132958,OGRETIN,107197,29,132896,23,3,3,RO316
3,132967,PIATRA,107198,29,132896,23,3,3,RO316
3,132976,PIŢIGOI,107199,29,132896,23,3,3,RO316
3,132985,PLAI,107201,29,132896,23,3,3,RO316
3,132994,PODURILE,107202,29,132896,23,3,3,RO316
3,133009,POIANA MIERLEI,107203,29,132896,23,3,3,RO316
2,133018,DRĂGĂNEŞTI,,29,298,3,3,3,RO316
3,133027,DRĂGĂNEŞTI,107210,29,133018,22,3,3,RO316
3,133036,BĂRĂITARU,107211,29,133018,23,3,3,RO316
3,133045,BELCIUG,107212,29,133018,23,3,3,RO316
3,133054,CORNU DE JOS,107213,29,133018,23,3,3,RO316
3,133063,HĂTCĂRĂU,107214,29,133018,23,3,3,RO316
3,133072,MERI,107216,29,133018,23,3,3,RO316
3,133081,TUFANI,107217,29,133018,23,3,3,RO316
2,133090,DUMBRAVA,,29,298,3,3,3,RO316
3,133107,DUMBRAVA,107220,29,133090,22,3,3,RO316
3,133116,CIUPELNIŢA,107221,29,133090,23,3,3,RO316
3,133125,CORNU DE SUS,107222,29,133090,23,3,3,RO316
3,133134,TRESTIENII DE JOS,107223,29,133090,23,3,3,RO316
3,133143,TRESTIENII DE SUS,107224,29,133090,23,3,3,RO316
3,133152,ZĂNOAGA,107226,29,133090,23,3,3,RO316
2,131461,DUMBRĂVEŞTI,,29,298,3,3,3,RO316
3,131470,DUMBRĂVEŞTI,107230,29,131461,22,3,3,RO316
3,131489,GĂVĂNEL,107231,29,131461,23,3,3,RO316
3,131498,MĂLĂEŞTII DE JOS,107232,29,131461,23,3,3,RO316
3,131504,MĂLĂEŞTII DE SUS,107233,29,131461,23,3,3,RO316
3,131513,PLOPENI,107234,29,131461,23,3,3,RO316
3,131522,SFÂRLEANCA,107236,29,131461,23,3,3,RO316
2,133278,FÂNTÂNELE,,29,298,3,3,3,RO316
3,133287,FÂNTÂNELE,107240,29,133278,22,3,3,RO316
3,133296,BOZIENI,107241,29,133278,23,3,3,RO316
2,133161,FILIPEŞTII DE PĂDURE,,29,298,3,3,3,RO316
3,133170,FILIPEŞTII DE PĂDURE,107245,29,133161,22,3,3,RO316
3,133189,DIŢEŞTI,107246,29,133161,23,3,3,RO316
3,133198,MINIERI,107247,29,133161,23,3,3,RO316
3,133205,SILIŞTEA DEALULUI,107248,29,133161,23,3,3,RO316
2,133214,FILIPEŞTII DE TÂRG,,29,298,3,3,3,RO316
3,133223,FILIPEŞTII DE TÂRG,107250,29,133214,22,3,3,RO316
3,133232,BRĂTĂŞANCA,107251,29,133214,23,3,3,RO316
3,133241,EZENI,107252,29,133214,23,3,3,RO316
3,133250,MĂRGINENII DE JOS,107253,29,133214,23,3,3,RO316
3,133269,UNGURENI,107254,29,133214,23,3,3,RO316
2,133330,FLOREŞTI,,29,298,3,3,3,RO316
3,133349,FLOREŞTI,107255,29,133330,22,3,3,RO316
3,133358,CAP ROŞU,107256,29,133330,23,3,3,RO316
3,133367,CĂLINEŞTI,107257,29,133330,23,3,3,RO316
3,133376,CĂTINA,107258,29,133330,23,3,3,RO316
3,133385,NOVĂCEŞTI,107259,29,133330,23,3,3,RO316
2,133394,FULGA,,29,298,3,3,3,RO316
3,133401,FULGA DE JOS,107261,29,133394,22,3,3,RO316
3,133410,FULGA DE SUS,107262,29,133394,23,3,3,RO316
2,133429,GHERGHIŢA,,29,298,3,3,3,RO316
3,133438,GHERGHIŢA,107265,29,133429,22,3,3,RO316
3,133456,INDEPENDENŢA,107267,29,133429,23,3,3,RO316
3,133465,MALAMUC,107268,29,133429,23,3,3,RO316
3,133492,UNGURENI,107272,29,133429,23,3,3,RO316
2,133508,GORGOTA,,29,298,3,3,3,RO316
3,133517,GORGOTA,107275,29,133508,22,3,3,RO316
3,133526,CRIVINA,107276,29,133508,23,3,3,RO316
3,133535,FÂNARI,107277,29,133508,23,3,3,RO316
3,133544,POIENARII APOSTOLI,107278,29,133508,23,3,3,RO316
3,133553,POTIGRAFU,107280,29,133508,23,3,3,RO316
2,133562,GORNET,,29,298,3,3,3,RO316
3,133571,GORNET,107285,29,133562,22,3,3,RO316
3,133580,BOGDĂNEŞTI,107286,29,133562,23,3,3,RO316
3,133599,CUIB,107287,29,133562,23,3,3,RO316
3,133606,NUCET,107288,29,133562,23,3,3,RO316
2,133615,GORNET-CRICOV,,29,298,3,3,3,RO316
3,133624,GORNET-CRICOV,107290,29,133615,22,3,3,RO316
3,133633,COŞERELE,107291,29,133615,23,3,3,RO316
3,133642,DOBROTA,107292,29,133615,23,3,3,RO316
3,133651,PRISEACA,107293,29,133615,23,3,3,RO316
3,133660,ŢĂRCULEŞTI,107294,29,133615,23,3,3,RO316
3,133679,VALEA SEACĂ,107296,29,133615,23,3,3,RO316
2,133688,GURA VADULUI,,29,298,3,3,3,RO316
3,133697,GURA VADULUI,107300,29,133688,22,3,3,RO316
3,133704,PERŞUNARI,107301,29,133688,23,3,3,RO316
3,133713,TOHANI,107302,29,133688,23,3,3,RO316
2,131835,GURA VITIOAREI,,29,298,3,3,3,RO316
3,131844,GURA VITIOAREI,107305,29,131835,22,3,3,RO316
3,131853,BUGHEA DE JOS,107306,29,131835,23,3,3,RO316
3,131862,FĂGETU,107307,29,131835,23,3,3,RO316
3,131871,FUNDENI,107308,29,131835,23,3,3,RO316
3,131880,POIANA COPĂCENI,107309,29,131835,23,3,3,RO316
2,133722,IORDĂCHEANU,,29,298,3,3,3,RO316
3,133731,IORDĂCHEANU,107310,29,133722,22,3,3,RO316
3,133740,MOCEŞTI,107311,29,133722,23,3,3,RO316
3,133759,PLAVIA,107312,29,133722,23,3,3,RO316
3,133768,STRĂOŞTI,107313,29,133722,23,3,3,RO316
3,133777,VALEA CUCULUI,107314,29,133722,23,3,3,RO316
3,133786,VĂRBILA,107316,29,133722,23,3,3,RO316
2,133795,IZVOARELE,,29,298,3,3,3,RO316
3,133802,IZVOARELE,107320,29,133795,22,3,3,RO316
3,133811,CERNEŞTI,107321,29,133795,23,3,3,RO316
3,133820,CHIRIŢEŞTI,107322,29,133795,23,3,3,RO316
3,133839,HOMORÂCIU,107323,29,133795,23,3,3,RO316
3,133848,MALU VÂNĂT,107324,29,133795,23,3,3,RO316
3,133857,SCHIULEŞTI,107326,29,133795,23,3,3,RO316
2,133866,JUGURENI,,29,298,3,3,3,RO316
3,133875,JUGURENI,107330,29,133866,22,3,3,RO316
3,133884,BOBOCI,107331,29,133866,23,3,3,RO316
3,133893,MARGINEA PĂDURII,107332,29,133866,23,3,3,RO316
3,133900,VALEA UNGHIULUI,107333,29,133866,23,3,3,RO316
2,133919,LAPOŞ,,29,298,3,3,3,RO316
3,133928,LAPOŞ,107335,29,133919,22,3,3,RO316
3,133937,GLOD,107336,29,133919,23,3,3,RO316
3,133946,LĂPOŞEL,107337,29,133919,23,3,3,RO316
3,133955,PIETRICICA,107338,29,133919,23,3,3,RO316
2,133964,LIPĂNEŞTI,,29,298,3,3,3,RO316
3,133973,LIPĂNEŞTI,107340,29,133964,22,3,3,RO316
3,133982,SATU NOU,107341,29,133964,23,3,3,RO316
3,133991,ŞIPOTU,107342,29,133964,23,3,3,RO316
3,134005,ZAMFIRA,107343,29,133964,23,3,3,RO316
2,134014,MĂGURELE,,29,298,3,3,3,RO316
3,134023,MĂGURELE,107345,29,134014,22,3,3,RO316
3,134032,COADA MALULUI,107346,29,134014,23,3,3,RO316
3,134041,IAZU,107347,29,134014,23,3,3,RO316
2,134050,MĂGURENI,,29,298,3,3,3,RO316
3,134069,MĂGURENI,107350,29,134050,22,3,3,RO316
3,134078,COCORĂŞTII CAPLII,107351,29,134050,23,3,3,RO316
3,134087,LUNCA PRAHOVEI,107352,29,134050,23,3,3,RO316
2,134096,MĂNECIU,,29,298,3,3,3,RO316
3,134103,MĂNECIU-UNGURENI,107365,29,134096,22,3,3,RO316
3,134112,CHEIA,107356,29,134096,23,3,3,RO316
3,134121,CHICIURENI,107357,29,134096,23,3,3,RO316
3,134130,COSTENI,107358,29,134096,23,3,3,RO316
3,134149,FĂCĂIENI,107359,29,134096,23,3,3,RO316
3,134158,GHEABA,107361,29,134096,23,3,3,RO316
3,134176,MĂNECIU-PĂMÂNTENI,107362,29,134096,23,3,3,RO316
3,134167,MÂNĂSTIREA SUZANA,107363,29,134096,23,3,3,RO316
3,134185,PLĂIEŢU,107364,29,134096,23,3,3,RO316
2,134194,MĂNEŞTI,,29,298,3,3,3,RO316
3,134201,MĂNEŞTI,107375,29,134194,22,3,3,RO316
3,134210,BĂLTIŢA,107376,29,134194,23,3,3,RO316
3,134238,COADA IZVORULUI,107378,29,134194,23,3,3,RO316
3,134283,GURA CRIVĂŢULUI,107384,29,134194,23,3,3,RO316
3,134327,ZALHANAUA,107389,29,134194,23,3,3,RO316
2,136250,OLARI,,29,298,3,3,3,RO316
3,133474,OLARI,107269,29,136250,22,3,3,RO316
3,133447,FÂNARI,107266,29,136250,23,3,3,RO316
3,133483,OLARII VECHI,107271,29,136250,23,3,3,RO316
2,134336,PĂCUREŢI,,29,298,3,3,3,RO316
3,134345,PĂCUREŢI,107395,29,134336,22,3,3,RO316
3,134354,BĂRZILA,107396,29,134336,23,3,3,RO316
3,134363,CURMĂTURA,107397,29,134336,23,3,3,RO316
3,134372,MATIŢA,107398,29,134336,23,3,3,RO316
3,134381,SLAVU,107399,29,134336,23,3,3,RO316
2,130847,PĂULEŞTI,,29,298,3,3,3,RO316
3,130856,PĂULEŞTI,107400,29,130847,22,3,3,RO316
3,130865,COCOŞEŞTI,107401,29,130847,23,3,3,RO316
3,130874,GĂGENI,107402,29,130847,23,3,3,RO316
3,130883,PĂULEŞTII NOI,107403,29,130847,23,3,3,RO316
2,134390,PLOPU,,29,298,3,3,3,RO316
3,134407,PLOPU,107405,29,134390,22,3,3,RO316
3,134416,GÂLMEIA,107406,29,134390,23,3,3,RO316
3,134425,HÂRSA,107407,29,134390,23,3,3,RO316
3,134434,NISIPOASA,107408,29,134390,23,3,3,RO316
2,134443,PODENII NOI,,29,298,3,3,3,RO316
3,134452,PODENII NOI,107410,29,134443,22,3,3,RO316
3,134461,GHIOCEL,107411,29,134443,23,3,3,RO316
3,134470,MEHEDINŢA,107412,29,134443,23,3,3,RO316
3,134489,NEVESTEASCA,107413,29,134443,23,3,3,RO316
3,134498,PODU LUI GALBEN,107414,29,134443,23,3,3,RO316
3,134504,POPEŞTI,107416,29,134443,23,3,3,RO316
3,134513,RAHOVA,107417,29,134443,23,3,3,RO316
3,134522,SĂLCIOARA,107418,29,134443,23,3,3,RO316
3,134531,SFĂCĂRU,107419,29,134443,23,3,3,RO316
3,134540,VALEA DULCE,107421,29,134443,23,3,3,RO316
2,131274,POIANA CÂMPINA,,29,298,3,3,3,RO316
3,131283,POIANA CÂMPINA,107425,29,131274,22,3,3,RO316
3,131292,BOBOLIA,107426,29,131274,23,3,3,RO316
3,131309,PIETRIŞU,107427,29,131274,23,3,3,RO316
3,131318,RĂGMAN,107428,29,131274,23,3,3,RO316
2,134559,POIENARII BURCHII,,29,298,3,3,3,RO316
3,134568,POIENARII BURCHII,107430,29,134559,22,3,3,RO316
3,134577,CĂRBUNARI,107431,29,134559,23,3,3,RO316
3,134586,OLOGENI,107432,29,134559,23,3,3,RO316
3,134595,PIOREŞTI,107433,29,134559,23,3,3,RO316
3,134602,PODU VĂLENI,107434,29,134559,23,3,3,RO316
3,134611,POIENARII-RALI,107437,29,134559,23,3,3,RO316
3,134620,POIENARII VECHI,107436,29,134559,23,3,3,RO316
3,134639,TĂTĂRĂI,107438,29,134559,23,3,3,RO316
2,134648,POSEŞTI,,29,298,3,3,3,RO316
3,134657,POSEŞTII-PĂMÂNTENI,107446,29,134648,22,3,3,RO316
3,134666,BODEŞTI,107441,29,134648,23,3,3,RO316
3,134675,MERDEALA,107442,29,134648,23,3,3,RO316
3,134693,NUCŞOARA DE JOS,107443,29,134648,23,3,3,RO316
3,134684,NUCŞOARA DE SUS,107444,29,134648,23,3,3,RO316
3,134700,POSEŞTII-UNGURENI,107447,29,134648,23,3,3,RO316
3,134719,TÂRLEŞTI,107448,29,134648,23,3,3,RO316
3,134728,VALEA PLOPULUI,107449,29,134648,23,3,3,RO316
3,134737,VALEA SCREZII,107451,29,134648,23,3,3,RO316
3,134746,VALEA STUPINII,107452,29,134648,23,3,3,RO316
2,134755,PREDEAL-SĂRARI,,29,298,3,3,3,RO316
3,134764,PREDEAL,107463,29,134755,22,3,3,RO316
3,134773,BOBICEŞTI,107461,29,134755,23,3,3,RO316
3,134782,POIENILE,107462,29,134755,23,3,3,RO316
3,134791,SĂRARI,107464,29,134755,23,3,3,RO316
3,134808,SĂRĂŢEL,107466,29,134755,23,3,3,RO316
3,134817,TULBUREA,107467,29,134755,23,3,3,RO316
3,134826,TULBUREA-VĂLENI,107468,29,134755,23,3,3,RO316
3,134835,VITIOARA DE SUS,107469,29,134755,23,3,3,RO316
3,134844,ZÂMBROAIA,107471,29,134755,23,3,3,RO316
2,134853,PROVIŢA DE JOS,,29,298,3,3,3,RO316
3,134862,PROVIŢA DE JOS,107475,29,134853,22,3,3,RO316
3,134871,DRĂGĂNEASA,107476,29,134853,23,3,3,RO316
3,134880,PIATRA,107477,29,134853,23,3,3,RO316
2,134899,PROVIŢA DE SUS,,29,298,3,3,3,RO316
3,134906,PROVIŢA DE SUS,107480,29,134899,22,3,3,RO316
3,134915,IZVORU,107481,29,134899,23,3,3,RO316
3,134924,PLAIU,107482,29,134899,23,3,3,RO316
3,134933,VALEA BRADULUI,107483,29,134899,23,3,3,RO316
2,134942,PUCHENII MARI,,29,298,3,3,3,RO316
3,134951,PUCHENII MARI,107485,29,134942,22,3,3,RO316
3,134960,MIROSLĂVEŞTI,107486,29,134942,23,3,3,RO316
3,134979,MOARA,107487,29,134942,23,3,3,RO316
3,134988,ODĂILE,107488,29,134942,23,3,3,RO316
3,134997,PIETROŞANI,107489,29,134942,23,3,3,RO316
3,135002,PUCHENII MICI,107491,29,134942,23,3,3,RO316
3,135011,PUCHENII-MOŞNENI,107492,29,134942,23,3,3,RO316
2,135020,RÂFOV,,29,298,3,3,3,RO316
3,135039,RÂFOV,107495,29,135020,22,3,3,RO316
3,135048,ANTOFILOAIA,107496,29,135020,23,3,3,RO316
3,135057,BUCHILAŞI,107497,29,135020,23,3,3,RO316
3,135066,BUDA,107498,29,135020,23,3,3,RO316
3,135075,GOGA,107499,29,135020,23,3,3,RO316
3,135084,MĂLĂIEŞTI,107501,29,135020,23,3,3,RO316
3,135093,MOARA DOMNEASCĂ,107502,29,135020,23,3,3,RO316
3,135100,PALANCA,107503,29,135020,23,3,3,RO316
3,135119,SICRITA,107504,29,135020,23,3,3,RO316
2,135128,SALCIA,,29,298,3,3,3,RO316
3,135137,SALCIA,107505,29,135128,22,3,3,RO316
2,135146,SĂLCIILE,,29,298,3,3,3,RO316
3,135155,SĂLCIILE,107510,29,135146,22,3,3,RO316
2,135244,SÂNGERU,,29,298,3,3,3,RO316
3,135253,SÂNGERU,107515,29,135244,22,3,3,RO316
3,135262,BUTUCI,107516,29,135244,23,3,3,RO316
3,135271,MIREŞU MARE,107517,29,135244,23,3,3,RO316
3,135280,MIREŞU MIC,107518,29,135244,23,3,3,RO316
3,135299,PIATRA MICĂ,107519,29,135244,23,3,3,RO316
3,135306,TISA,107521,29,135244,23,3,3,RO316
2,135164,SCORŢENI,,29,298,3,3,3,RO316
3,135173,SCORŢENI,107525,29,135164,22,3,3,RO316
3,135182,BORDENII MARI,107526,29,135164,23,3,3,RO316
3,135191,BORDENII MICI,107527,29,135164,23,3,3,RO316
3,135208,MISLEA,107528,29,135164,23,3,3,RO316
3,135217,SÂRCA,107529,29,135164,23,3,3,RO316
2,135226,SECĂRIA,,29,298,3,3,3,RO316
3,135235,SECĂRIA,107530,29,135226,22,3,3,RO316
2,135315,STARCHIOJD,,29,298,3,3,3,RO316
3,135324,STARCHIOJD,107535,29,135315,22,3,3,RO316
3,135342,BRĂDET,107537,29,135315,23,3,3,RO316
3,135351,GRESIA,107538,29,135315,23,3,3,RO316
3,135379,ROTAREA,107541,29,135315,23,3,3,RO316
3,135388,VALEA ANEI,107542,29,135315,23,3,3,RO316
3,135397,ZMEURET,107543,29,135315,23,3,3,RO316
2,135404,SURANI,,29,298,3,3,3,RO316
3,135413,SURANI,107545,29,135404,22,3,3,RO316
3,135422,PĂCURI,107546,29,135404,23,3,3,RO316
2,135431,ŞIRNA,,29,298,3,3,3,RO316
3,135440,ŞIRNA,107550,29,135431,22,3,3,RO316
3,135459,BRĂTEŞTI,107551,29,135431,23,3,3,RO316
3,135468,COCEANA,107552,29,135431,23,3,3,RO316
3,135477,HĂBUD,107553,29,135431,23,3,3,RO316
3,135486,TĂRICENI,107554,29,135431,23,3,3,RO316
3,135495,VARNIŢA,107556,29,135431,23,3,3,RO316
2,135501,ŞOIMARI,,29,298,3,3,3,RO316
3,135510,ŞOIMARI,107560,29,135501,22,3,3,RO316
3,135529,LOPATNIŢA,107561,29,135501,23,3,3,RO316
3,135538,MĂGURA,107562,29,135501,23,3,3,RO316
2,135547,ŞOTRILE,,29,298,3,3,3,RO316
3,135556,ŞOTRILE,107565,29,135547,22,3,3,RO316
3,135565,LUNCA MARE,107566,29,135547,23,3,3,RO316
3,135574,PLAIU CÂMPINEI,107567,29,135547,23,3,3,RO316
3,135583,PLAIU CORNULUI,107568,29,135547,23,3,3,RO316
3,135592,SECIURI,107569,29,135547,23,3,3,RO316
3,135609,VISTIERU,107571,29,135547,23,3,3,RO316
2,135618,ŞTEFEŞTI,,29,298,3,3,3,RO316
3,135627,ŞTEFEŞTI,107575,29,135618,22,3,3,RO316
3,135636,SCURTEŞTI,107576,29,135618,23,3,3,RO316
3,135645,TÂRŞORENI,107577,29,135618,23,3,3,RO316
2,135654,TALEA,,29,298,3,3,3,RO316
3,135663,TALEA,107580,29,135654,22,3,3,RO316
3,135672,PLAIU,107581,29,135654,23,3,3,RO316
2,135681,TĂTARU,,29,298,3,3,3,RO316
3,135690,TĂTARU,107585,29,135681,22,3,3,RO316
3,135707,PODGORIA,107586,29,135681,23,3,3,RO316
3,135716,SILIŞTEA,107587,29,135681,23,3,3,RO316
2,130892,TÂRGŞORU VECHI,,29,298,3,3,3,RO316
3,130909,STREJNICU,107592,29,130892,22,3,3,RO316
3,130918,STĂNCEŞTI,107591,29,130892,23,3,3,RO316
3,130927,TÂRGŞORU VECHI,107590,29,130892,23,3,3,RO316
3,130936,ZAHANAUA,107593,29,130892,23,3,3,RO316
2,135725,TEIŞANI,,29,298,3,3,3,RO316
3,135734,TEIŞANI,107595,29,135725,22,3,3,RO316
3,135743,BUGHEA DE SUS,107596,29,135725,23,3,3,RO316
3,135752,OLTENI,107597,29,135725,23,3,3,RO316
3,135761,ŞTUBEIU,107598,29,135725,23,3,3,RO316
3,135770,VALEA STÂLPULUI,107599,29,135725,23,3,3,RO316
2,135789,TELEGA,,29,298,3,3,3,RO316
3,135798,TELEGA,107600,29,135789,22,3,3,RO316
3,135805,BOŞILCEŞTI,107601,29,135789,23,3,3,RO316
3,135814,BUŞTENARI,107602,29,135789,23,3,3,RO316
3,135823,DOFTANA,107603,29,135789,23,3,3,RO316
3,135832,MELICEŞTI,107604,29,135789,23,3,3,RO316
3,135841,ŢONŢEŞTI,107606,29,135789,23,3,3,RO316
2,135850,TINOSU,,29,298,3,3,3,RO316
3,135869,TINOSU,107610,29,135850,22,3,3,RO316
3,135887,PISCULEŞTI,107611,29,135850,23,3,3,RO316
3,135878,PREDEŞTI,107612,29,135850,23,3,3,RO316
2,135896,TOMŞANI,,29,298,3,3,3,RO316
3,135903,TOMŞANI,107615,29,135896,22,3,3,RO316
3,135912,LOLOIASCA,107616,29,135896,23,3,3,RO316
3,135921,MAGULA,107617,29,135896,23,3,3,RO316
3,135930,SĂTUCU,107618,29,135896,23,3,3,RO316
2,136269,VADU SĂPAT,,29,298,3,3,3,RO316
3,133321,VADU SĂPAT,107244,29,136269,22,3,3,RO316
3,133303,GHINOAICA,107242,29,136269,23,3,3,RO316
3,133312,UNGURENI,107243,29,136269,23,3,3,RO316
2,135949,VALEA CĂLUGĂREASCĂ,,29,298,3,3,3,RO316
3,135958,VALEA CĂLUGĂREASCĂ,107620,29,135949,22,3,3,RO316
3,135967,ARVA,107621,29,135949,23,3,3,RO316
3,135976,COSLEGI,107622,29,135949,23,3,3,RO316
3,135985,DÂRVARI,107623,29,135949,23,3,3,RO316
3,135994,PANTAZI,107624,29,135949,23,3,3,RO316
3,136009,RACHIERI,107626,29,135949,23,3,3,RO316
3,136018,RADILA,107627,29,135949,23,3,3,RO316
3,136027,SCHIAU,107628,29,135949,23,3,3,RO316
3,136036,VALEA LARGĂ,107629,29,135949,23,3,3,RO316
3,136045,VALEA MANTEI,107631,29,135949,23,3,3,RO316
3,136054,VALEA NICOVANI,107632,29,135949,23,3,3,RO316
3,136063,VALEA POIENII,107633,29,135949,23,3,3,RO316
3,136072,VALEA POPII,107634,29,135949,23,3,3,RO316
3,136081,VALEA URSOII,107636,29,135949,23,3,3,RO316
3,136090,VÂRFURILE,107637,29,135949,23,3,3,RO316
2,136107,VALEA DOFTANEI,,29,298,3,3,3,RO316
3,136116,TEŞILA,107645,29,136107,22,3,3,RO316
3,136125,TRĂISTENI,107641,29,136107,23,3,3,RO316
2,136134,VĂRBILĂU,,29,298,3,3,3,RO316
3,136143,VĂRBILĂU,107650,29,136134,22,3,3,RO316
3,136152,COŢOFENEŞTI,107651,29,136134,23,3,3,RO316
3,136161,LIVADEA,107652,29,136134,23,3,3,RO316
3,136170,PODU URSULUI,107653,29,136134,23,3,3,RO316
3,136189,POIANA VĂRBILĂU,107654,29,136134,23,3,3,RO316
2,136198,VÂLCĂNEŞTI,,29,298,3,3,3,RO316
3,136205,VÂLCĂNEŞTI,107655,29,136198,22,3,3,RO316
3,136214,CÂRJARI,107656,29,136198,23,3,3,RO316
3,136223,TRESTIOARA,107657,29,136198,23,3,3,RO316
1,305,JUDEŢUL SATU MARE,,30,1,40,0,6,RO115
2,136483,MUNICIPIUL SATU MARE,,30,305,1,1,6,RO115
3,136492,SATU MARE,440004,30,136483,9,1,6,RO115
3,136508,SĂTMĂREL,440001,30,136483,10,1,6,RO115
2,136526,MUNICIPIUL CAREI,,30,305,4,1,6,RO115
3,136535,CAREI,445100,30,136526,9,1,6,RO115
3,136544,IANCULEŞTI,445101,30,136526,10,1,6,RO115
2,136848,ORAŞ ARDUD,,30,305,2,1,6,RO115
3,136857,ARDUD,447020,30,136848,17,1,6,RO115
3,136866,ARDUD-VII,447021,30,136848,19,1,6,RO115
3,136875,BABA NOVAC,447022,30,136848,19,1,6,RO115
3,136884,GERĂUŞA,447023,30,136848,19,1,6,RO115
3,136893,MĂDĂRAS,447024,30,136848,18,1,6,RO115
3,136900,SĂRĂTURA,447026,30,136848,19,1,6,RO115
2,138039,ORAŞ LIVADA,,30,305,2,1,6,RO115
3,138048,LIVADA,447180,30,138039,17,1,6,RO115
3,138057,ADRIAN,447181,30,138039,18,1,6,RO115
3,138066,DUMBRAVA,447182,30,138039,18,1,6,RO115
3,138075,LIVADA MICĂ,447183,30,138039,18,1,6,RO115
2,136599,ORAŞ NEGREŞTI-OAŞ,,30,305,2,1,6,RO115
3,136606,NEGREŞTI-OAŞ,445200,30,136599,17,1,6,RO115
3,136615,LUNA,445201,30,136599,18,1,6,RO115
3,136624,TUR,445202,30,136599,18,1,6,RO115
2,136642,ORAŞ TĂŞNAD,,30,305,2,1,6,RO115
3,136651,TĂŞNAD,445300,30,136642,17,1,6,RO115
3,136660,BLAJA,445301,30,136642,19,1,6,RO115
3,136679,CIG,445302,30,136642,19,1,6,RO115
3,136688,RAŢIU,445303,30,136642,19,1,6,RO115
3,136697,SĂRĂUAD,445304,30,136642,19,1,6,RO115
3,136704,VALEA MORII,445305,30,136642,19,1,6,RO115
2,136713,ACÂŞ,,30,305,3,3,6,RO115
3,136722,ACÂŞ,447005,30,136713,22,3,6,RO115
3,136731,GANAŞ,447006,30,136713,23,3,6,RO115
3,136740,MIHĂIENI,447007,30,136713,23,3,6,RO115
3,136759,UNIMĂT,447008,30,136713,23,3,6,RO115
2,179873,AGRIŞ,,30,305,3,3,6,RO115
3,137201,AGRIŞ,447066,30,179873,22,3,6,RO115
3,137210,CIUPERCENI,447067,30,179873,23,3,6,RO115
2,136768,ANDRID,,30,305,3,3,6,RO115
3,136777,ANDRID,447010,30,136768,22,3,6,RO115
3,136786,DINDEŞTI,447011,30,136768,23,3,6,RO115
3,136795,IRINA,447012,30,136768,23,3,6,RO115
2,136802,APA,,30,305,3,3,6,RO115
3,136811,APA,447015,30,136802,22,3,6,RO115
3,136820,LUNCA APEI,447016,30,136802,23,3,6,RO115
3,136839,SOMEŞENI,447017,30,136802,23,3,6,RO115
2,136919,BĂTARCI,,30,305,3,3,6,RO115
3,136928,BĂTARCI,447030,30,136919,22,3,6,RO115
3,136937,COMLĂUŞA,447031,30,136919,23,3,6,RO115
3,136946,ŞIRLĂU,447032,30,136919,23,3,6,RO115
3,136955,TĂMĂŞENI,447033,30,136919,23,3,6,RO115
2,137103,BÂRSĂU,,30,305,3,3,6,RO115
3,137112,BÂRSĂU DE SUS,447037,30,137103,22,3,6,RO115
3,137121,BÂRSĂU DE JOS,447036,30,137103,23,3,6,RO115
2,136964,BELTIUG,,30,305,3,3,6,RO115
3,136973,BELTIUG,447040,30,136964,22,3,6,RO115
3,136982,BOLDA,447041,30,136964,23,3,6,RO115
3,136991,GHIRIŞA,447042,30,136964,23,3,6,RO115
3,137005,GIUNGI,447043,30,136964,23,3,6,RO115
3,137014,RĂTEŞTI,447044,30,136964,23,3,6,RO115
3,137023,ŞANDRA,447046,30,136964,23,3,6,RO115
2,137032,BERVENI,,30,305,3,3,6,RO115
3,137041,BERVENI,447050,30,137032,22,3,6,RO115
3,137050,LUCĂCENI,447051,30,137032,23,3,6,RO115
2,137069,BIXAD,,30,305,3,3,6,RO115
3,137078,BIXAD,447055,30,137069,22,3,6,RO115
3,137087,BOINEŞTI,447056,30,137069,23,3,6,RO115
3,137096,TRIP,447057,30,137069,23,3,6,RO115
2,137130,BOGDAND,,30,305,3,3,6,RO115
3,137149,BOGDAND,447060,30,137130,22,3,6,RO115
3,137158,BABŢA,447061,30,137130,23,3,6,RO115
3,137167,CORUND,447062,30,137130,23,3,6,RO115
3,137176,SER,447063,30,137130,23,3,6,RO115
2,137185,BOTIZ,,30,305,3,3,6,RO115
3,137194,BOTIZ,447065,30,137185,22,3,6,RO115
2,137229,CĂLINEŞTI-OAŞ,,30,305,3,3,6,RO115
3,137238,CĂLINEŞTI-OAŞ,447070,30,137229,22,3,6,RO115
3,137247,COCA,447071,30,137229,23,3,6,RO115
3,137256,LECHINŢA,447072,30,137229,23,3,6,RO115
3,137265,PĂŞUNEA MARE,447073,30,137229,23,3,6,RO115
2,137274,CĂMĂRZANA,,30,305,3,3,6,RO115
3,137283,CĂMĂRZANA,447075,30,137274,22,3,6,RO115
2,179677,CĂMIN,,30,305,3,3,6,RO115
3,136571,CĂMIN,447081,30,179677,22,3,6,RO115
2,136553,CĂPLENI,,30,305,3,3,6,RO115
3,136562,CĂPLENI,447080,30,136553,22,3,6,RO115
2,137292,CĂUAŞ,,30,305,3,3,6,RO115
3,137309,CĂUAŞ,447085,30,137292,22,3,6,RO115
3,137318,ADY ENDRE,447086,30,137292,23,3,6,RO115
3,137327,GHENCI,447087,30,137292,23,3,6,RO115
3,137336,GHILEŞTI,447088,30,137292,23,3,6,RO115
3,137345,HOTOAN,447089,30,137292,23,3,6,RO115
3,137354,RĂDULEŞTI,447091,30,137292,23,3,6,RO115
2,137363,CEHAL,,30,305,3,3,6,RO115
3,137372,CEHĂLUŢ,447096,30,137363,22,3,6,RO115
3,137381,CEHAL,447095,30,137363,23,3,6,RO115
3,137390,ORBĂU,447097,30,137363,23,3,6,RO115
2,137407,CERTEZE,,30,305,3,3,6,RO115
3,137416,CERTEZE,447100,30,137407,22,3,6,RO115
3,137425,HUTA-CERTEZE,447101,30,137407,23,3,6,RO115
3,137434,MOIŞENI,447102,30,137407,23,3,6,RO115
2,179882,CIUMEŞTI,,30,305,3,3,6,RO115
3,138690,CIUMEŞTI,447262,30,179882,22,3,6,RO115
3,138681,BEREA,447261,30,179882,23,3,6,RO115
3,138725,VIIŞOARA,447266,30,179882,23,3,6,RO115
2,137443,CRAIDOROLŢ,,30,305,3,3,6,RO115
3,137452,CRAIDOROLŢ,447105,30,137443,22,3,6,RO115
3,137461,CRIŞENI,447106,30,137443,23,3,6,RO115
3,137470,ERIU-SÂNCRAI,447107,30,137443,23,3,6,RO115
3,137489,SATU MIC,447108,30,137443,23,3,6,RO115
3,137498,ŢEGHEA,447109,30,137443,23,3,6,RO115
2,137504,CRUCIŞOR,,30,305,3,3,6,RO115
3,137513,CRUCIŞOR,447110,30,137504,22,3,6,RO115
3,137522,IEGHERIŞTE,447111,30,137504,23,3,6,RO115
3,137531,POIANA CODRULUI,447112,30,137504,23,3,6,RO115
2,137540,CULCIU,,30,305,3,3,6,RO115
3,137559,CULCIU MARE,447119,30,137540,22,3,6,RO115
3,137568,APATEU,447116,30,137540,23,3,6,RO115
3,137577,CĂRĂŞEU,447117,30,137540,23,3,6,RO115
3,137586,COROD,447118,30,137540,23,3,6,RO115
3,137595,CULCIU MIC,447121,30,137540,23,3,6,RO115
3,137602,LIPĂU,447122,30,137540,23,3,6,RO115
2,137611,DOBA,,30,305,3,3,6,RO115
3,137620,DOBA,447125,30,137611,22,3,6,RO115
3,137639,BOGHIŞ,447126,30,137611,23,3,6,RO115
3,137648,DACIA,447127,30,137611,23,3,6,RO115
3,137657,PAULIAN,447128,30,137611,23,3,6,RO115
3,137666,TRAIAN,447129,30,137611,23,3,6,RO115
2,137675,DOROLŢ,,30,305,3,3,6,RO115
3,137684,DOROLŢ,447130,30,137675,22,3,6,RO115
3,137693,ATEA,447131,30,137675,23,3,6,RO115
3,137700,DARA,447132,30,137675,23,3,6,RO115
3,137719,PETEA,447133,30,137675,23,3,6,RO115
2,137728,FOIENI,,30,305,3,3,6,RO115
3,137737,FOIENI,447135,30,137728,22,3,6,RO115
2,137746,GHERŢA MICĂ,,30,305,3,3,6,RO115
3,137755,GHERŢA MICĂ,447140,30,137746,22,3,6,RO115
2,137764,HALMEU,,30,305,3,3,6,RO115
3,137773,HALMEU,447145,30,137764,22,3,6,RO115
3,137782,BĂBEŞTI,447146,30,137764,23,3,6,RO115
3,137808,DOBOLŢ,447148,30,137764,23,3,6,RO115
3,137817,HALMEU-VII,447149,30,137764,23,3,6,RO115
3,137826,MESTEACĂN,447151,30,137764,23,3,6,RO115
2,137844,HODOD,,30,305,3,3,6,RO115
3,137853,HODOD,447155,30,137844,22,3,6,RO115
3,137862,GIURTELECU HODODULUI,447156,30,137844,23,3,6,RO115
3,137871,LELEI,447157,30,137844,23,3,6,RO115
3,137880,NADIŞU HODODULUI,447158,30,137844,23,3,6,RO115
2,137899,HOMOROADE,,30,305,3,3,6,RO115
3,137906,HOMORODU DE MIJLOC,447163,30,137899,22,3,6,RO115
3,137915,CHILIA,447161,30,137899,23,3,6,RO115
3,137924,HOMORODU DE JOS,447162,30,137899,23,3,6,RO115
3,137933,HOMORODU DE SUS,447164,30,137899,23,3,6,RO115
3,137942,NECOPOI,447166,30,137899,23,3,6,RO115
3,137951,SOLDUBA,447167,30,137899,23,3,6,RO115
2,137960,LAZURI,,30,305,3,3,6,RO115
3,137979,LAZURI,447170,30,137960,22,3,6,RO115
3,137988,BERCU,447171,30,137960,23,3,6,RO115
3,137997,NISIPENI,447172,30,137960,23,3,6,RO115
3,138002,NOROIENI,447173,30,137960,23,3,6,RO115
3,138011,PELEŞ,447174,30,137960,23,3,6,RO115
3,138020,PELIŞOR,447176,30,137960,23,3,6,RO115
2,138084,MEDIEŞU AURIT,,30,305,3,3,6,RO115
3,138093,MEDIEŞU AURIT,447185,30,138084,22,3,6,RO115
3,138100,BĂBĂŞEŞTI,447186,30,138084,23,3,6,RO115
3,138119,IOJIB,447187,30,138084,23,3,6,RO115
3,138128,MEDIEŞ-RÂTURI,447188,30,138084,23,3,6,RO115
3,138137,MEDIEŞ-VII,447189,30,138084,23,3,6,RO115
3,138146,POTĂU,447191,30,138084,23,3,6,RO115
3,138155,ROMÂNEŞTI,447192,30,138084,23,3,6,RO115
2,138164,MICULA,,30,305,3,3,6,RO115
3,138173,MICULA,447195,30,138164,22,3,6,RO115
3,138182,BERCU NOU,447196,30,138164,23,3,6,RO115
3,138191,MICULA NOUĂ,447197,30,138164,23,3,6,RO115
2,138208,MOFTIN,,30,305,3,3,6,RO115
3,138217,MOFTINU MIC,447207,30,138208,22,3,6,RO115
3,138226,DOMĂNEŞTI,447201,30,138208,23,3,6,RO115
3,138235,GHILVACI,447202,30,138208,23,3,6,RO115
3,138244,GHIROLT,447203,30,138208,23,3,6,RO115
3,138253,ISTRĂU,447204,30,138208,23,3,6,RO115
3,138262,MOFTINU MARE,447206,30,138208,23,3,6,RO115
3,138271,SÂNMICLĂUŞ,447208,30,138208,23,3,6,RO115
2,138280,ODOREU,,30,305,3,3,6,RO115
3,138299,ODOREU,447210,30,138280,22,3,6,RO115
3,138306,BERINDAN,447211,30,138280,23,3,6,RO115
3,138315,CUCU,447212,30,138280,23,3,6,RO115
3,138324,ETENI,447213,30,138280,23,3,6,RO115
3,138333,MĂRTINEŞTI,447214,30,138280,23,3,6,RO115
3,138342,VÂNĂTOREŞTI,447216,30,138280,23,3,6,RO115
2,138351,ORAŞU NOU,,30,305,3,3,6,RO115
3,138360,ORAŞU NOU,447220,30,138351,22,3,6,RO115
3,138379,ORAŞU NOU-VII,447221,30,138351,23,3,6,RO115
3,138388,PRILOG,447222,30,138351,23,3,6,RO115
3,138397,PRILOG-VII,447223,30,138351,23,3,6,RO115
3,138422,REMETEA OAŞULUI,447227,30,138351,23,3,6,RO115
2,138431,PĂULEŞTI,,30,305,3,3,6,RO115
3,138440,PĂULEŞTI,447230,30,138431,22,3,6,RO115
3,138459,AMAŢI,447231,30,138431,23,3,6,RO115
3,138468,AMBUD,447232,30,138431,23,3,6,RO115
3,138477,HRIP,447233,30,138431,23,3,6,RO115
3,138486,PETIN,447234,30,138431,23,3,6,RO115
3,138495,RUŞENI,447236,30,138431,23,3,6,RO115
2,138501,PETREŞTI,,30,305,3,3,6,RO115
3,138510,PETREŞTI,447240,30,138501,22,3,6,RO115
3,138529,DINDEŞTIU MIC,447241,30,138501,23,3,6,RO115
2,138538,PIR,,30,305,3,3,6,RO115
3,138547,PIR,447245,30,138538,22,3,6,RO115
3,138556,PIRU NOU,447246,30,138538,23,3,6,RO115
3,138565,SĂRVĂZEL,447247,30,138538,23,3,6,RO115
2,138574,PIŞCOLT,,30,305,3,3,6,RO115
3,138583,PIŞCOLT,447250,30,138574,22,3,6,RO115
3,138592,RESIGHEA,447251,30,138574,23,3,6,RO115
3,138609,SCĂRIŞOARA NOUĂ,447252,30,138574,23,3,6,RO115
2,138618,POMI,,30,305,3,3,6,RO115
3,138627,POMI,447255,30,138618,22,3,6,RO115
3,138636,ACIUA,447256,30,138618,23,3,6,RO115
3,138645,BICĂU,447257,30,138618,23,3,6,RO115
3,138654,BORLEŞTI,447258,30,138618,23,3,6,RO115
2,180028,PORUMBEŞTI,,30,305,3,3,6,RO115
3,137835,PORUMBEŞTI,447152,30,180028,22,3,6,RO115
3,137791,CIDREAG,447147,30,180028,23,3,6,RO115
2,180091,RACŞA,,30,305,3,3,6,RO115
3,138404,RACŞA,447224,30,180091,22,3,6,RO115
3,138413,RACŞA-VII,447226,30,180091,23,3,6,RO115
2,138663,SANISLĂU,,30,305,3,3,6,RO115
3,138672,SANISLĂU,447260,30,138663,22,3,6,RO115
3,138707,HOREA,447263,30,138663,23,3,6,RO115
3,138716,MARNA NOUĂ,447264,30,138663,23,3,6,RO115
2,138734,SANTĂU,,30,305,3,3,6,RO115
3,138743,SANTĂU,447270,30,138734,22,3,6,RO115
3,138752,CHEREUŞA,447271,30,138734,23,3,6,RO115
3,138761,SUDURĂU,447272,30,138734,23,3,6,RO115
2,138770,SĂCĂŞENI,,30,305,3,3,6,RO115
3,138789,SĂCĂŞENI,447275,30,138770,22,3,6,RO115
3,138798,CHEGEA,447276,30,138770,23,3,6,RO115
2,138805,SĂUCA,,30,305,3,3,6,RO115
3,138814,SĂUCA,447280,30,138805,22,3,6,RO115
3,138823,BECHENI,447281,30,138805,23,3,6,RO115
3,138832,CEAN,447282,30,138805,23,3,6,RO115
3,138841,CHISĂU,447283,30,138805,23,3,6,RO115
3,138850,SILVAŞ,447284,30,138805,23,3,6,RO115
2,138869,SOCOND,,30,305,3,3,6,RO115
3,138878,SOCOND,447285,30,138869,22,3,6,RO115
3,138887,CUŢA,447286,30,138869,23,3,6,RO115
3,138896,HODIŞA,447287,30,138869,23,3,6,RO115
3,138903,SOCONZEL,447288,30,138869,23,3,6,RO115
3,138912,STÂNA,447289,30,138869,23,3,6,RO115
2,138921,SUPUR,,30,305,3,3,6,RO115
3,138930,SUPURU DE JOS,447300,30,138921,22,3,6,RO115
3,138949,DOBRA,447291,30,138921,23,3,6,RO115
3,138958,GIOROCUTA,447292,30,138921,23,3,6,RO115
3,138967,HUREZU MARE,447293,30,138921,23,3,6,RO115
3,138976,RACOVA,447294,30,138921,23,3,6,RO115
3,138985,SECHEREŞA,447296,30,138921,23,3,6,RO115
3,138994,SUPURU DE SUS,447297,30,138921,23,3,6,RO115
2,139009,TARNA MARE,,30,305,3,3,6,RO115
3,139018,TARNA MARE,447310,30,139009,22,3,6,RO115
3,139027,BOCICĂU,447311,30,139009,23,3,6,RO115
3,139036,VALEA SEACĂ,447312,30,139009,23,3,6,RO115
3,139045,VĂGAŞ,447313,30,139009,23,3,6,RO115
2,139143,TÂRŞOLŢ,,30,305,3,3,6,RO115
3,139152,TÂRŞOLŢ,447315,30,139143,22,3,6,RO115
3,139161,ALICENI,447316,30,139143,23,3,6,RO115
2,139054,TEREBEŞTI,,30,305,3,3,6,RO115
3,139063,TEREBEŞTI,447320,30,139054,22,3,6,RO115
3,139072,ALIZA,447321,30,139054,23,3,6,RO115
3,139081,GELU,447322,30,139054,23,3,6,RO115
3,139090,PIŞCARI,447323,30,139054,23,3,6,RO115
2,139107,TIREAM,,30,305,3,3,6,RO115
3,139116,TIREAM,447325,30,139107,22,3,6,RO115
3,139125,PORTIŢA,447326,30,139107,23,3,6,RO115
3,139134,VEZENDIU,447327,30,139107,23,3,6,RO115
2,139170,TURŢ,,30,305,3,3,6,RO115
3,139189,TURŢ,447330,30,139170,22,3,6,RO115
3,139198,GHERŢA MARE,447331,30,139170,23,3,6,RO115
3,139205,TURŢ-BĂI,447332,30,139170,23,3,6,RO115
2,139214,TURULUNG,,30,305,3,3,6,RO115
3,139223,TURULUNG,447335,30,139214,22,3,6,RO115
3,139232,DRĂGUŞENI,447336,30,139214,23,3,6,RO115
3,139241,TURULUNG-VII,447337,30,139214,23,3,6,RO115
2,139250,URZICENI,,30,305,3,3,6,RO115
3,139269,URZICENI,447340,30,139250,22,3,6,RO115
3,139278,URZICENI-PĂDURE,447341,30,139250,23,3,6,RO115
2,139287,VALEA VINULUI,,30,305,3,3,6,RO115
3,139296,VALEA VINULUI,447345,30,139287,22,3,6,RO115
3,139303,MĂRIUŞ,447346,30,139287,23,3,6,RO115
3,139312,ROŞIORI,447347,30,139287,23,3,6,RO115
3,139321,SÂI,447348,30,139287,23,3,6,RO115
2,139330,VAMA,,30,305,3,3,6,RO115
3,139349,VAMA,447350,30,139330,22,3,6,RO115
2,139358,VETIŞ,,30,305,3,3,6,RO115
3,139367,VETIŞ,447355,30,139358,22,3,6,RO115
3,139376,DECEBAL,447356,30,139358,23,3,6,RO115
3,139385,OAR,447357,30,139358,23,3,6,RO115
2,139394,VIILE SATU MARE,,30,305,3,3,6,RO115
3,139401,VIILE SATU MARE,447360,30,139394,22,3,6,RO115
3,139410,CIONCHEŞTI,447361,30,139394,23,3,6,RO115
3,139429,MEDIŞA,447362,30,139394,23,3,6,RO115
3,139438,TĂTĂREŞTI,447363,30,139394,23,3,6,RO115
3,139447,TIREAC,447364,30,139394,23,3,6,RO115
1,314,JUDEŢUL SĂLAJ,,31,1,40,0,6,RO116
2,139704,MUNICIPIUL ZALĂU,,31,314,1,1,6,RO116
3,139713,ZALĂU,450006,31,139704,9,1,6,RO116
3,139722,STÂNA,450002,31,139704,10,1,6,RO116
2,139740,ORAŞ CEHU SILVANIEI,,31,314,2,1,6,RO116
3,139759,CEHU SILVANIEI,455100,31,139740,17,1,6,RO116
3,139768,HOROATU CEHULUI,455101,31,139740,19,1,6,RO116
3,139777,MOTIŞ,455102,31,139740,19,1,6,RO116
3,139786,NADIŞ,455103,31,139740,19,1,6,RO116
3,139795,ULCIUG,455104,31,139740,19,1,6,RO116
2,139811,ORAŞ JIBOU,,31,314,2,1,6,RO116
3,139820,JIBOU,455200,31,139811,17,1,6,RO116
3,139839,CUCEU,455201,31,139811,19,1,6,RO116
3,139848,HUSIA,455202,31,139811,19,1,6,RO116
3,139857,RONA,455203,31,139811,19,1,6,RO116
3,139866,VAR,455204,31,139811,19,1,6,RO116
2,139884,ORAŞ ŞIMLEU SILVANIEI,,31,314,2,1,6,RO116
3,139893,ŞIMLEU SILVANIEI,455300,31,139884,17,1,6,RO116
3,139900,BIC,455301,31,139884,18,1,6,RO116
3,139919,CEHEI,455302,31,139884,18,1,6,RO116
3,139928,PUSTA,455303,31,139884,18,1,6,RO116
2,139937,AGRIJ,,31,314,3,3,6,RO116
3,139946,AGRIJ,457005,31,139937,22,3,6,RO116
3,139964,RĂSTOLŢU-DEŞERT,457006,31,139937,23,3,6,RO116
2,139982,ALMAŞU,,31,314,3,3,6,RO116
3,139991,ALMAŞU,457010,31,139982,22,3,6,RO116
3,140002,BĂBIU,457011,31,139982,23,3,6,RO116
3,140011,CUTIŞ,457012,31,139982,23,3,6,RO116
3,140020,JEBUCU,457013,31,139982,23,3,6,RO116
3,140039,MESTEACĂNU,457014,31,139982,23,3,6,RO116
3,140048,PETRINZEL,457016,31,139982,23,3,6,RO116
3,140057,SFĂRAŞ,457017,31,139982,23,3,6,RO116
3,140066,STANA,457018,31,139982,23,3,6,RO116
3,140075,ŢĂUDU,457019,31,139982,23,3,6,RO116
2,140084,BĂBENI,,31,314,3,3,6,RO116
3,140093,BĂBENI,457020,31,140084,22,3,6,RO116
3,140100,CIOCMANI,457021,31,140084,23,3,6,RO116
3,140119,CLIŢ,457022,31,140084,23,3,6,RO116
3,140128,PIROŞA,457023,31,140084,23,3,6,RO116
3,140137,POIENIŢA,457024,31,140084,23,3,6,RO116
2,140146,BĂLAN,,31,314,3,3,6,RO116
3,140155,BĂLAN,457025,31,140146,22,3,6,RO116
3,140164,CHECHIŞ,457026,31,140146,23,3,6,RO116
3,140173,CHENDREA,457027,31,140146,23,3,6,RO116
3,140182,GĂLPÂIA,457028,31,140146,23,3,6,RO116
3,140191,GÂLGĂU ALMAŞULUI,457029,31,140146,23,3,6,RO116
2,140208,BĂNIŞOR,,31,314,3,3,6,RO116
3,140217,BĂNIŞOR,457030,31,140208,22,3,6,RO116
3,140226,BAN,457031,31,140208,23,3,6,RO116
3,140235,PECEIU,457032,31,140208,23,3,6,RO116
2,140244,BENESAT,,31,314,3,3,6,RO116
3,140253,BENESAT,457035,31,140244,22,3,6,RO116
3,140262,ALUNIŞ,457036,31,140244,23,3,6,RO116
3,140271,BIUŞA,457037,31,140244,23,3,6,RO116
2,140280,BOBOTA,,31,314,3,3,6,RO116
3,140299,BOBOTA,457040,31,140280,22,3,6,RO116
3,140306,DERŞIDA,457041,31,140280,23,3,6,RO116
3,140315,ZALNOC,457042,31,140280,23,3,6,RO116
2,140324,BOCŞA,,31,314,3,3,6,RO116
3,140333,BOCŞA,457045,31,140324,22,3,6,RO116
3,140342,BORLA,457046,31,140324,23,3,6,RO116
3,140351,CÂMPIA,457047,31,140324,23,3,6,RO116
3,140360,SĂLĂJENI,457048,31,140324,23,3,6,RO116
2,180037,BOGHIŞ,,31,314,3,3,6,RO116
3,142266,BOGHIŞ,457262,31,180037,22,3,6,RO116
3,142275,BOZIEŞ,457263,31,180037,23,3,6,RO116
2,140379,BUCIUMI,,31,314,3,3,6,RO116
3,140388,BUCIUMI,457050,31,140379,22,3,6,RO116
3,140397,BODIA,457051,31,140379,23,3,6,RO116
3,140404,BOGDANA,457052,31,140379,23,3,6,RO116
3,140413,HUTA,457053,31,140379,23,3,6,RO116
3,140422,RĂSTOLŢ,457054,31,140379,23,3,6,RO116
3,140431,SÂNGEORGIU DE MESEŞ,457056,31,140379,23,3,6,RO116
2,140440,CAMĂR,,31,314,3,3,6,RO116
3,140459,CAMĂR,457060,31,140440,22,3,6,RO116
3,140468,PĂDURENI,457061,31,140440,23,3,6,RO116
2,140477,CARASTELEC,,31,314,3,3,6,RO116
3,140486,CARASTELEC,457065,31,140477,22,3,6,RO116
3,140495,DUMUSLĂU,457066,31,140477,23,3,6,RO116
2,140501,CHIEŞD,,31,314,3,3,6,RO116
3,140510,CHIEŞD,457070,31,140501,22,3,6,RO116
3,140529,COLONIA SIGHETU SILVANIEI,457071,31,140501,23,3,6,RO116
3,140538,SIGHETU SILVANIEI,457072,31,140501,23,3,6,RO116
2,140547,CIZER,,31,314,3,3,6,RO116
3,140556,CIZER,457075,31,140547,22,3,6,RO116
3,140565,PLESCA,457076,31,140547,23,3,6,RO116
3,140574,PRIA,457077,31,140547,23,3,6,RO116
2,140583,COŞEIU,,31,314,3,3,6,RO116
3,140592,COŞEIU,457080,31,140583,22,3,6,RO116
3,140609,ARCHID,457081,31,140583,23,3,6,RO116
3,140618,CHILIOARA,457082,31,140583,23,3,6,RO116
2,140627,CRASNA,,31,314,3,3,6,RO116
3,140636,CRASNA,457085,31,140627,22,3,6,RO116
3,140645,HUSENI,457086,31,140627,23,3,6,RO116
3,140654,MARIN,457087,31,140627,23,3,6,RO116
3,140663,RATIN,457088,31,140627,23,3,6,RO116
2,140672,CREACA,,31,314,3,3,6,RO116
3,140681,CREACA,457090,31,140672,22,3,6,RO116
3,140690,BORZA,457091,31,140672,23,3,6,RO116
3,140707,BREBI,457092,31,140672,23,3,6,RO116
3,140716,BRUSTURI,457093,31,140672,23,3,6,RO116
3,140725,CIGLEAN,457094,31,140672,23,3,6,RO116
3,140734,JAC,457096,31,140672,23,3,6,RO116
3,140743,LUPOAIA,457097,31,140672,23,3,6,RO116
3,140752,PRODĂNEŞTI,457098,31,140672,23,3,6,RO116
3,140761,VIILE JACULUI,457099,31,140672,23,3,6,RO116
2,140770,CRISTOLŢ,,31,314,3,3,6,RO116
3,140789,CRISTOLŢ,457100,31,140770,22,3,6,RO116
3,140798,MUNCEL,457101,31,140770,23,3,6,RO116
3,140805,POIANA ONŢII,457102,31,140770,23,3,6,RO116
3,140814,VĂLENI,457103,31,140770,23,3,6,RO116
2,140823,CRIŞENI,,31,314,3,3,6,RO116
3,140832,CRIŞENI,457105,31,140823,22,3,6,RO116
3,140841,CRISTUR-CRIŞENI,457106,31,140823,23,3,6,RO116
3,140850,GÂRCEIU,457107,31,140823,23,3,6,RO116
2,140869,CUZĂPLAC,,31,314,3,3,6,RO116
3,140878,CUZĂPLAC,457110,31,140869,22,3,6,RO116
3,140887,CUBLEŞU,457111,31,140869,23,3,6,RO116
3,140896,GĂLĂŞENI,457112,31,140869,23,3,6,RO116
3,140903,MIERŢA,457113,31,140869,23,3,6,RO116
3,140912,PETRINDU,457114,31,140869,23,3,6,RO116
3,140921,RUGINOASA,457116,31,140869,23,3,6,RO116
3,140930,STOBORU,457117,31,140869,23,3,6,RO116
3,140949,TĂMASA,457118,31,140869,23,3,6,RO116
2,140958,DOBRIN,,31,314,3,3,6,RO116
3,140967,DOBRIN,457120,31,140958,22,3,6,RO116
3,140976,DELENI,457121,31,140958,23,3,6,RO116
3,140985,DOBA,457122,31,140958,23,3,6,RO116
3,140994,NAIMON,457123,31,140958,23,3,6,RO116
3,141009,SÂNCRAIU SILVANIEI,457124,31,140958,23,3,6,RO116
3,141018,VERVEGHIU,457126,31,140958,23,3,6,RO116
2,141027,DRAGU,,31,314,3,3,6,RO116
3,141036,DRAGU,457130,31,141027,22,3,6,RO116
3,141045,ADALIN,457131,31,141027,23,3,6,RO116
3,141054,FÂNTÂNELE,457132,31,141027,23,3,6,RO116
3,141063,UGRUŢIU,457133,31,141027,23,3,6,RO116
3,141072,VOIVODENI,457134,31,141027,23,3,6,RO116
2,141081,FILDU DE JOS,,31,314,3,3,6,RO116
3,141090,FILDU DE JOS,457135,31,141081,22,3,6,RO116
3,141107,FILDU DE MIJLOC,457136,31,141081,23,3,6,RO116
3,141116,FILDU DE SUS,457137,31,141081,23,3,6,RO116
3,141125,TETIŞU,457138,31,141081,23,3,6,RO116
2,141134,GÂLGĂU,,31,314,3,3,6,RO116
3,141143,GÂLGĂU,457140,31,141134,22,3,6,RO116
3,141152,BÂRSĂU MARE,457141,31,141134,23,3,6,RO116
3,141161,CĂPÂLNA,457142,31,141134,23,3,6,RO116
3,141170,CHIZENI,457143,31,141134,23,3,6,RO116
3,141189,DOBROCINA,457144,31,141134,23,3,6,RO116
3,141198,FODORA,457146,31,141134,23,3,6,RO116
3,141205,FRÂNCENII DE PIATRĂ,457147,31,141134,23,3,6,RO116
3,141214,GLOD,457148,31,141134,23,3,6,RO116
3,141223,GURA VLĂDESEI,457149,31,141134,23,3,6,RO116
2,141232,GÂRBOU,,31,314,3,3,6,RO116
3,141241,GÂRBOU,457150,31,141232,22,3,6,RO116
3,141250,BEZDED,457151,31,141232,23,3,6,RO116
3,141269,CĂLACEA,457152,31,141232,23,3,6,RO116
3,141278,CERNUC,457153,31,141232,23,3,6,RO116
3,141287,FABRICA,457154,31,141232,23,3,6,RO116
3,141296,POPTELEAC,457156,31,141232,23,3,6,RO116
3,141303,SOLOMON,457157,31,141232,23,3,6,RO116
2,141312,HALMĂŞD,,31,314,3,3,6,RO116
3,141321,HALMĂŞD,457160,31,141312,22,3,6,RO116
3,141330,ALEUŞ,457161,31,141312,23,3,6,RO116
3,141349,CERIŞA,457162,31,141312,23,3,6,RO116
3,141358,DRIGHIU,457163,31,141312,23,3,6,RO116
3,141367,FUFEZ,457164,31,141312,23,3,6,RO116
2,141376,HERECLEAN,,31,314,3,3,6,RO116
3,141385,HERECLEAN,457165,31,141376,22,3,6,RO116
3,141394,BADON,457166,31,141376,23,3,6,RO116
3,141401,BOCŞIŢA,457167,31,141376,23,3,6,RO116
3,141410,DIOŞOD,457168,31,141376,23,3,6,RO116
3,141429,GURUSLĂU,457169,31,141376,23,3,6,RO116
3,141438,PANIC,457171,31,141376,23,3,6,RO116
2,141447,HIDA,,31,314,3,3,6,RO116
3,141456,HIDA,457175,31,141447,22,3,6,RO116
3,141465,BAICA,457176,31,141447,23,3,6,RO116
3,141474,MILUANI,457177,31,141447,23,3,6,RO116
3,141483,PĂDURIŞ,457178,31,141447,23,3,6,RO116
3,141492,RACÂŞ,457179,31,141447,23,3,6,RO116
3,141508,SÂNPETRU ALMAŞULUI,457181,31,141447,23,3,6,RO116
3,141517,STUPINI,457182,31,141447,23,3,6,RO116
3,141526,TRESTIA,457183,31,141447,23,3,6,RO116
2,141535,HOROATU CRASNEI,,31,314,3,3,6,RO116
3,141544,HOROATU CRASNEI,457185,31,141535,22,3,6,RO116
3,141553,HUREZ,457186,31,141535,23,3,6,RO116
3,141562,STÂRCIU,457187,31,141535,23,3,6,RO116
3,141571,ŞEREDEIU,457188,31,141535,23,3,6,RO116
2,141580,ILEANDA,,31,314,3,3,6,RO116
3,141599,ILEANDA,457190,31,141580,22,3,6,RO116
3,141615,BÂRSĂUŢA,457191,31,141580,23,3,6,RO116
3,141606,BIZUŞA-BĂI,457192,31,141580,23,3,6,RO116
3,141624,DĂBÂCENI,457193,31,141580,23,3,6,RO116
3,141633,DOLHENI,457194,31,141580,23,3,6,RO116
3,141642,LUMINIŞU,457196,31,141580,23,3,6,RO116
3,141651,MĂLENI,457197,31,141580,23,3,6,RO116
3,141660,NEGRENI,457198,31,141580,23,3,6,RO116
3,141679,PERII VADULUI,457199,31,141580,23,3,6,RO116
3,141688,PODIŞU,457201,31,141580,23,3,6,RO116
3,141697,RĂSTOCI,457202,31,141580,23,3,6,RO116
3,141704,ROGNA,457203,31,141580,23,3,6,RO116
3,141713,ŞASA,457204,31,141580,23,3,6,RO116
2,141722,IP,,31,314,3,3,6,RO116
3,141731,IP,457210,31,141722,22,3,6,RO116
3,141740,COSNICIU DE JOS,457211,31,141722,23,3,6,RO116
3,141759,COSNICIU DE SUS,457212,31,141722,23,3,6,RO116
3,141768,ZĂUAN,457213,31,141722,23,3,6,RO116
3,141777,ZĂUAN-BĂI,457214,31,141722,23,3,6,RO116
2,141786,LETCA,,31,314,3,3,6,RO116
3,141795,LETCA,457215,31,141786,22,3,6,RO116
3,141802,CIULA,457216,31,141786,23,3,6,RO116
3,141811,COZLA,457217,31,141786,23,3,6,RO116
3,141820,CUCIULAT,457218,31,141786,23,3,6,RO116
3,141839,LEMNIU,457219,31,141786,23,3,6,RO116
3,141848,PURCĂREŢ,457221,31,141786,23,3,6,RO116
3,141857,ŞOIMUŞENI,457222,31,141786,23,3,6,RO116
3,141866,TOPLIŢA,457223,31,141786,23,3,6,RO116
3,141875,VĂLIŞOARA,457224,31,141786,23,3,6,RO116
2,141884,LOZNA,,31,314,3,3,6,RO116
3,141893,LOZNA,457225,31,141884,22,3,6,RO116
3,141900,CORMENIŞ,457226,31,141884,23,3,6,RO116
3,141919,PRELUCI,457227,31,141884,23,3,6,RO116
3,141928,VALEA LEŞULUI,457228,31,141884,23,3,6,RO116
3,141937,VALEA LOZNEI,457229,31,141884,23,3,6,RO116
2,141946,MARCA,,31,314,3,3,6,RO116
3,141955,MARCA,457230,31,141946,22,3,6,RO116
3,141964,LEŞMIR,457231,31,141946,23,3,6,RO116
3,141973,MARCA-HUTA,457232,31,141946,23,3,6,RO116
3,141982,PORŢ,457233,31,141946,23,3,6,RO116
3,141991,ŞUMAL,457234,31,141946,23,3,6,RO116
2,142006,MĂERIŞTE,,31,314,3,3,6,RO116
3,142015,MĂERIŞTE,457235,31,142006,22,3,6,RO116
3,142024,CRIŞTELEC,457236,31,142006,23,3,6,RO116
3,142033,DOH,457237,31,142006,23,3,6,RO116
3,142042,GIURTELECU ŞIMLEULUI,457238,31,142006,23,3,6,RO116
3,142051,MĂLĂDIA,457239,31,142006,23,3,6,RO116
3,142060,UILEACU ŞIMLEULUI,457241,31,142006,23,3,6,RO116
2,142079,MESEŞENII DE JOS,,31,314,3,3,6,RO116
3,142088,MESEŞENII DE JOS,457245,31,142079,22,3,6,RO116
3,142097,AGHIREŞ,457246,31,142079,23,3,6,RO116
3,142104,FETINDIA,457247,31,142079,23,3,6,RO116
3,142113,MESEŞENII DE SUS,457248,31,142079,23,3,6,RO116
2,142122,MIRŞID,,31,314,3,3,6,RO116
3,142131,MIRŞID,457250,31,142122,22,3,6,RO116
3,142140,FIRMINIŞ,457251,31,142122,23,3,6,RO116
3,142159,MOIGRAD-POROLISSUM,457252,31,142122,23,3,6,RO116
3,142168,POPENI,457253,31,142122,23,3,6,RO116
2,142177,NĂPRADEA,,31,314,3,3,6,RO116
3,142186,NĂPRADEA,457255,31,142177,22,3,6,RO116
3,142195,CHEUD,457256,31,142177,23,3,6,RO116
3,142202,SOMEŞ-GURUSLĂU,457257,31,142177,23,3,6,RO116
3,142211,TRANIŞ,457258,31,142177,23,3,6,RO116
3,142220,VĂDURELE,457259,31,142177,23,3,6,RO116
2,142239,NUŞFALĂU,,31,314,3,3,6,RO116
3,142248,NUŞFALĂU,457260,31,142239,22,3,6,RO116
3,142257,BILGHEZ,457261,31,142239,23,3,6,RO116
2,142284,PERICEI,,31,314,3,3,6,RO116
3,142293,PERICEI,457265,31,142284,22,3,6,RO116
3,142300,BĂDĂCIN,457266,31,142284,23,3,6,RO116
3,142319,PERICEIU MIC,457267,31,142284,23,3,6,RO116
3,142328,SICI,457268,31,142284,23,3,6,RO116
2,142337,PLOPIŞ,,31,314,3,3,6,RO116
3,142346,PLOPIŞ,457270,31,142337,22,3,6,RO116
3,142355,FĂGETU,457271,31,142337,23,3,6,RO116
3,142364,IAZ,457272,31,142337,23,3,6,RO116
2,142373,POIANA BLENCHII,,31,314,3,3,6,RO116
3,142382,POIANA BLENCHII,457275,31,142373,22,3,6,RO116
3,142391,FĂLCUŞA,457276,31,142373,23,3,6,RO116
3,142408,GOSTILA,457277,31,142373,23,3,6,RO116
3,142417,MĂGURA,457278,31,142373,23,3,6,RO116
2,142426,ROMÂNAŞI,,31,314,3,3,6,RO116
3,142435,ROMÂNAŞI,457280,31,142426,22,3,6,RO116
3,142444,CHICHIŞA,457281,31,142426,23,3,6,RO116
3,142453,CIUMĂRNA,457282,31,142426,23,3,6,RO116
3,142462,PĂUŞA,457283,31,142426,23,3,6,RO116
3,142471,POARTA SĂLAJULUI,457284,31,142426,23,3,6,RO116
3,142480,ROMITA,457286,31,142426,23,3,6,RO116
2,142499,RUS,,31,314,3,3,6,RO116
3,142505,RUS,457290,31,142499,22,3,6,RO116
3,142514,BUZAŞ,457291,31,142499,23,3,6,RO116
3,142523,FÂNTÂNELE-RUS,457292,31,142499,23,3,6,RO116
2,142550,SĂLĂŢIG,,31,314,3,3,6,RO116
3,142569,SĂLĂŢIG,457295,31,142550,22,3,6,RO116
3,142578,BULGARI,457296,31,142550,23,3,6,RO116
3,142587,DEJA,457297,31,142550,23,3,6,RO116
3,142596,MINEU,457298,31,142550,23,3,6,RO116
3,142603,NOŢIG,457299,31,142550,23,3,6,RO116
2,142612,SÂG,,31,314,3,3,6,RO116
3,142621,SÂG,457300,31,142612,22,3,6,RO116
3,142630,FIZEŞ,457301,31,142612,23,3,6,RO116
3,142649,MAL,457302,31,142612,23,3,6,RO116
3,142658,SÂRBI,457303,31,142612,23,3,6,RO116
3,142667,TUSA,457304,31,142612,23,3,6,RO116
2,142676,SÂNMIHAIU ALMAŞULUI,,31,314,3,3,6,RO116
3,142685,SÂNMIHAIU ALMAŞULUI,457305,31,142676,22,3,6,RO116
3,142694,BERCEA,457306,31,142676,23,3,6,RO116
3,142701,SÂNTĂ MĂRIA,457307,31,142676,23,3,6,RO116
2,142710,SOMEŞ-ODORHEI,,31,314,3,3,6,RO116
3,142729,SOMEŞ-ODORHEI,457310,31,142710,22,3,6,RO116
3,142738,BÂRSA,457311,31,142710,23,3,6,RO116
3,142747,DOMNIN,457312,31,142710,23,3,6,RO116
3,142756,INĂU,457313,31,142710,23,3,6,RO116
3,142765,ŞOIMUŞ,457314,31,142710,23,3,6,RO116
2,142774,SURDUC,,31,314,3,3,6,RO116
3,142783,SURDUC,457315,31,142774,22,3,6,RO116
3,142792,BRÂGLEZ,457316,31,142774,23,3,6,RO116
3,142809,CRISTOLŢEL,457317,31,142774,23,3,6,RO116
3,142818,SOLONA,457318,31,142774,23,3,6,RO116
3,142827,TEŞTIOARA,457319,31,142774,23,3,6,RO116
3,142836,TIHĂU,457321,31,142774,23,3,6,RO116
3,142845,TURBUŢA,457322,31,142774,23,3,6,RO116
2,142854,ŞAMŞUD,,31,314,3,3,6,RO116
3,142863,ŞAMŞUD,457325,31,142854,22,3,6,RO116
3,142872,VALEA POMILOR,457326,31,142854,23,3,6,RO116
2,142881,ŞĂRMĂŞAG,,31,314,3,3,6,RO116
3,142890,ŞĂRMĂŞAG,457330,31,142881,22,3,6,RO116
3,142907,ILIŞUA,457331,31,142881,23,3,6,RO116
3,142916,LOMPIRT,457332,31,142881,23,3,6,RO116
3,142925,MOIAD,457333,31,142881,23,3,6,RO116
3,142934,POIANA MĂGURA,457334,31,142881,23,3,6,RO116
3,142943,ŢĂRMURE,457336,31,142881,23,3,6,RO116
2,179695,ŞIMIŞNA,,31,314,3,3,6,RO116
3,142541,ŞIMIŞNA,457294,31,179695,22,3,6,RO116
3,142532,HĂŞMAŞ,457293,31,179695,23,3,6,RO116
2,179631,TREZNEA,,31,314,3,3,6,RO116
3,139973,TREZNEA,457340,31,179631,22,3,6,RO116
3,139955,BOZNA,457341,31,179631,23,3,6,RO116
2,142952,VALCĂU DE JOS,,31,314,3,3,6,RO116
3,142961,VALCĂU DE JOS,457345,31,142952,22,3,6,RO116
3,142970,LAZURI,457346,31,142952,23,3,6,RO116
3,142989,PREOTEASA,457347,31,142952,23,3,6,RO116
3,142998,RATOVEI,457348,31,142952,23,3,6,RO116
3,143003,SUB CETATE,457349,31,142952,23,3,6,RO116
3,143012,VALCĂU DE SUS,457351,31,142952,23,3,6,RO116
2,143021,VÂRŞOLŢ,,31,314,3,3,6,RO116
3,143030,VÂRŞOLŢ,457355,31,143021,22,3,6,RO116
3,143049,RECEA,457356,31,143021,23,3,6,RO116
3,143058,RECEA MICĂ,457357,31,143021,23,3,6,RO116
2,143067,ZALHA,,31,314,3,3,6,RO116
3,143076,ZALHA,457360,31,143067,22,3,6,RO116
3,143085,CEACA,457361,31,143067,23,3,6,RO116
3,143094,CIURENI,457362,31,143067,23,3,6,RO116
3,143101,VALEA CIURENILOR,457363,31,143067,23,3,6,RO116
3,143110,VALEA HRANEI,457364,31,143067,23,3,6,RO116
3,143129,VALEA LUNGĂ,457366,31,143067,23,3,6,RO116
3,143138,VÂRTEŞCA,457367,31,143067,23,3,6,RO116
2,143147,ZIMBOR,,31,314,3,3,6,RO116
3,143156,ZIMBOR,457370,31,143147,22,3,6,RO116
3,143165,CHENDREMAL,457371,31,143147,23,3,6,RO116
3,143174,DOLU,457372,31,143147,23,3,6,RO116
3,143192,SÂNCRAIU ALMAŞULUI,457373,31,143147,23,3,6,RO116
3,143183,SUTORU,457374,31,143147,23,3,6,RO116
1,323,JUDEŢUL SIBIU,,32,1,40,0,7,RO126
2,143450,MUNICIPIUL SIBIU,,32,323,1,1,7,RO126
3,143469,SIBIU,550200,32,143450,9,1,7,RO126
3,143478,PĂLTINIŞ,550001,32,143450,10,1,7,RO126
2,143619,MUNICIPIUL MEDIAŞ,,32,323,4,1,7,RO126
3,143628,MEDIAŞ,551002,32,143619,9,1,7,RO126
3,143637,IGHIŞU NOU,551001,32,143619,11,1,7,RO126
2,143682,ORAŞ AGNITA,,32,323,2,1,7,RO126
3,143691,AGNITA,555100,32,143682,17,1,7,RO126
3,143708,COVEŞ,555101,32,143682,18,1,7,RO126
3,143717,RUJA,555102,32,143682,18,1,7,RO126
2,144054,ORAŞ AVRIG,,32,323,2,1,7,RO126
3,144063,AVRIG,555200,32,144054,17,1,7,RO126
3,144072,BRADU,555201,32,144054,19,1,7,RO126
3,144081,GLÂMBOACA,555202,32,144054,19,1,7,RO126
3,144090,MÂRŞA,555250,32,144054,19,1,7,RO126
3,144107,SĂCĂDATE,555203,32,144054,19,1,7,RO126
2,143735,ORAŞ CISNĂDIE,,32,323,2,1,7,RO126
3,143744,CISNĂDIE,555300,32,143735,17,1,7,RO126
3,143753,CISNĂDIOARA,555301,32,143735,18,1,7,RO126
2,143771,ORAŞ COPŞA MICĂ,,32,323,2,1,7,RO126
3,143780,COPŞA MICĂ,555400,32,143771,17,1,7,RO126
2,143806,ORAŞ DUMBRĂVENI,,32,323,2,1,7,RO126
3,143815,DUMBRĂVENI,555500,32,143806,17,1,7,RO126
3,143824,ERNEA,555501,32,143806,18,1,7,RO126
3,143833,ŞAROŞ PE TÂRNAVE,555502,32,143806,18,1,7,RO126
2,144928,ORAŞ MIERCUREA SIBIULUI,,32,323,2,1,7,RO126
3,144937,MIERCUREA SIBIULUI,557150,32,144928,17,1,7,RO126
3,144946,APOLDU DE SUS,557151,32,144928,19,1,7,RO126
3,144955,DOBÂRCA,557152,32,144928,19,1,7,RO126
2,143851,ORAŞ OCNA SIBIULUI,,32,323,2,1,7,RO126
3,143860,OCNA SIBIULUI,555600,32,143851,17,1,7,RO126
3,143879,TOPÂRCEA,555601,32,143851,19,1,7,RO126
2,145499,ORAŞ SĂLIŞTE,,32,323,2,1,7,RO126
3,145505,SĂLIŞTE,557225,32,145499,17,1,7,RO126
3,145514,ACILIU,557226,32,145499,18,1,7,RO126
3,145523,AMNAŞ,557227,32,145499,18,1,7,RO126
3,145532,CRINŢ,557228,32,145499,18,1,7,RO126
3,145550,FÂNTÂNELE,557229,32,145499,18,1,7,RO126
3,145541,GALEŞ,557231,32,145499,18,1,7,RO126
3,145569,MAG,557232,32,145499,18,1,7,RO126
3,145578,SĂCEL,557233,32,145499,18,1,7,RO126
3,145587,SIBIEL,557234,32,145499,18,1,7,RO126
3,145596,VALE,557236,32,145499,18,1,7,RO126
2,145827,ORAŞ TĂLMACIU,,32,323,2,1,7,RO126
3,145836,TĂLMACIU,555700,32,145827,17,1,7,RO126
3,145854,COLONIA TĂLMACIU,555702,32,145827,19,1,7,RO126
3,145890,TĂLMĂCEL,555706,32,145827,19,1,7,RO126
2,146012,ALMA,,32,323,3,3,7,RO126
3,144018,ALMA,557021,32,146012,22,3,7,RO126
3,144036,GIACĂŞ,557023,32,146012,23,3,7,RO126
3,144045,ŞMIG,557024,32,146012,23,3,7,RO126
2,143888,ALŢINA,,32,323,3,3,7,RO126
3,143897,ALŢINA,557005,32,143888,22,3,7,RO126
3,143904,BENEŞTI,557006,32,143888,23,3,7,RO126
3,143913,GHIJASA DE SUS,557007,32,143888,23,3,7,RO126
2,143922,APOLDU DE JOS,,32,323,3,3,7,RO126
3,143931,APOLDU DE JOS,557010,32,143922,22,3,7,RO126
3,143940,SÂNGĂTIN,557011,32,143922,23,3,7,RO126
2,143959,ARPAŞU DE JOS,,32,323,3,3,7,RO126
3,143968,ARPAŞU DE JOS,557015,32,143959,22,3,7,RO126
3,143977,ARPAŞU DE SUS,557016,32,143959,23,3,7,RO126
3,143986,NOUL ROMÂN,557017,32,143959,23,3,7,RO126
2,143995,AŢEL,,32,323,3,3,7,RO126
3,144009,AŢEL,557020,32,143995,22,3,7,RO126
3,144027,DUPUŞ,557022,32,143995,23,3,7,RO126
2,144116,AXENTE SEVER,,32,323,3,3,7,RO126
3,144125,AXENTE SEVER,557025,32,144116,22,3,7,RO126
3,144134,AGÂRBICIU,557026,32,144116,23,3,7,RO126
3,144143,ŞOALA,557027,32,144116,23,3,7,RO126
2,144152,BAZNA,,32,323,3,3,7,RO126
3,144161,BAZNA,557030,32,144152,22,3,7,RO126
3,144170,BOIAN,557031,32,144152,23,3,7,RO126
3,144189,VELŢ,557032,32,144152,23,3,7,RO126
2,144232,BÂRGHIŞ,,32,323,3,3,7,RO126
3,144241,BÂRGHIŞ,557035,32,144232,22,3,7,RO126
3,144250,APOŞ,557036,32,144232,23,3,7,RO126
3,144269,IGHIŞU VECHI,557037,32,144232,23,3,7,RO126
3,144278,PELIŞOR,557038,32,144232,23,3,7,RO126
3,144287,VECERD,557039,32,144232,23,3,7,RO126
3,144296,ZLAGNA,557041,32,144232,23,3,7,RO126
2,144198,BIERTAN,,32,323,3,3,7,RO126
3,144205,BIERTAN,557045,32,144198,22,3,7,RO126
3,144214,COPŞA MARE,557046,32,144198,23,3,7,RO126
3,144223,RICHIŞ,557047,32,144198,23,3,7,RO126
2,144303,BLĂJEL,,32,323,3,3,7,RO126
3,144312,BLĂJEL,557050,32,144303,22,3,7,RO126
3,144321,PĂUCEA,557051,32,144303,23,3,7,RO126
3,144330,ROMANEŞTI,557052,32,144303,23,3,7,RO126
2,146021,BOIŢA,,32,323,3,3,7,RO126
3,145845,BOIŢA,555701,32,146021,22,3,7,RO126
3,145863,LAZARET,555703,32,146021,23,3,7,RO126
3,145872,LOTRIOARA,555704,32,146021,23,3,7,RO126
3,145881,PALTIN,555705,32,146021,23,3,7,RO126
2,144349,BRATEIU,,32,323,3,3,7,RO126
3,144358,BRATEIU,557055,32,144349,22,3,7,RO126
3,144367,BUZD,557056,32,144349,23,3,7,RO126
2,144376,BRĂDENI,,32,323,3,3,7,RO126
3,144385,BRĂDENI,557060,32,144376,22,3,7,RO126
3,144394,RETIŞ,557061,32,144376,23,3,7,RO126
3,144401,ŢELINE,557062,32,144376,23,3,7,RO126
2,144410,BRUIU,,32,323,3,3,7,RO126
3,144429,BRUIU,557065,32,144410,22,3,7,RO126
3,144438,GHERDEAL,557066,32,144410,23,3,7,RO126
3,144447,ŞOMARTIN,557067,32,144410,23,3,7,RO126
2,144508,CÂRŢA,,32,323,3,3,7,RO126
3,144517,CÂRŢA,557070,32,144508,22,3,7,RO126
3,144526,POIENIŢA,557071,32,144508,23,3,7,RO126
2,144535,CÂRŢIŞOARA,,32,323,3,3,7,RO126
3,144544,CÂRŢIŞOARA,557075,32,144535,22,3,7,RO126
2,144456,CHIRPĂR,,32,323,3,3,7,RO126
3,144465,CHIRPĂR,557080,32,144456,22,3,7,RO126
3,144474,SĂSĂUŞ,557081,32,144456,23,3,7,RO126
3,144483,VĂRD,557082,32,144456,23,3,7,RO126
3,144492,VESEUD,557083,32,144456,23,3,7,RO126
2,143487,CRISTIAN,,32,323,3,3,7,RO126
3,143496,CRISTIAN,557085,32,143487,22,3,7,RO126
2,144553,DÂRLOS,,32,323,3,3,7,RO126
3,144562,DÂRLOS,557090,32,144553,22,3,7,RO126
3,144571,CURCIU,557091,32,144553,23,3,7,RO126
3,144580,VALEA LUNGĂ,557092,32,144553,23,3,7,RO126
2,144599,GURA RÂULUI,,32,323,3,3,7,RO126
3,144606,GURA RÂULUI,557095,32,144599,22,3,7,RO126
2,144615,HOGHILAG,,32,323,3,3,7,RO126
3,144624,HOGHILAG,557100,32,144615,22,3,7,RO126
3,144633,PROD,557101,32,144615,23,3,7,RO126
3,144642,VALCHID,557102,32,144615,23,3,7,RO126
2,144651,IACOBENI,,32,323,3,3,7,RO126
3,144660,IACOBENI,557105,32,144651,22,3,7,RO126
3,144679,MOVILE,557106,32,144651,23,3,7,RO126
3,144688,NETUŞ,557107,32,144651,23,3,7,RO126
3,144697,NOIŞTAT,557108,32,144651,23,3,7,RO126
3,144704,STEJĂRIŞU,557109,32,144651,23,3,7,RO126
2,144713,JINA,,32,323,3,3,7,RO126
3,144722,JINA,557110,32,144713,22,3,7,RO126
2,144731,LASLEA,,32,323,3,3,7,RO126
3,144740,LASLEA,557115,32,144731,22,3,7,RO126
3,144759,FLOREŞTI,557116,32,144731,23,3,7,RO126
3,144768,MĂLÂNCRAV,557117,32,144731,23,3,7,RO126
3,144777,NOU SĂSESC,557118,32,144731,23,3,7,RO126
3,144786,ROANDOLA,557119,32,144731,23,3,7,RO126
2,144795,LOAMNEŞ,,32,323,3,3,7,RO126
3,144802,LOAMNEŞ,557120,32,144795,22,3,7,RO126
3,144811,ALĂMOR,557121,32,144795,23,3,7,RO126
3,144820,ARMENI,557122,32,144795,23,3,7,RO126
3,144839,HAŞAG,557123,32,144795,23,3,7,RO126
3,144848,MÂNDRA,557124,32,144795,23,3,7,RO126
3,144857,SĂDINCA,557126,32,144795,23,3,7,RO126
2,144866,LUDOŞ,,32,323,3,3,7,RO126
3,144875,LUDOŞ,557130,32,144866,22,3,7,RO126
3,144884,GUSU,557131,32,144866,23,3,7,RO126
2,144893,MARPOD,,32,323,3,3,7,RO126
3,144900,MARPOD,557135,32,144893,22,3,7,RO126
3,144919,ILIMBAV,557136,32,144893,23,3,7,RO126
2,144964,MERGHINDEAL,,32,323,3,3,7,RO126
3,144973,MERGHINDEAL,557140,32,144964,22,3,7,RO126
3,144982,DEALU FRUMOS,557141,32,144964,23,3,7,RO126
2,144991,MICĂSASA,,32,323,3,3,7,RO126
3,145006,MICĂSASA,557145,32,144991,22,3,7,RO126
3,145015,CHESLER,557146,32,144991,23,3,7,RO126
3,145024,ŢAPU,557147,32,144991,23,3,7,RO126
3,145033,VĂLENI,557148,32,144991,23,3,7,RO126
2,145042,MIHĂILENI,,32,323,3,3,7,RO126
3,145051,MIHĂILENI,557155,32,145042,22,3,7,RO126
3,145060,METIŞ,557156,32,145042,23,3,7,RO126
3,145079,MOARDĂŞ,557157,32,145042,23,3,7,RO126
3,145088,RĂVĂŞEL,557158,32,145042,23,3,7,RO126
3,145097,ŞALCĂU,557159,32,145042,23,3,7,RO126
2,145104,MOŞNA,,32,323,3,3,7,RO126
3,145113,MOŞNA,557160,32,145104,22,3,7,RO126
3,145122,ALMA VII,557161,32,145104,23,3,7,RO126
3,145131,NEMŞA,557162,32,145104,23,3,7,RO126
2,145140,NOCRICH,,32,323,3,3,7,RO126
3,145159,NOCRICH,557165,32,145140,22,3,7,RO126
3,145168,FOFELDEA,557166,32,145140,23,3,7,RO126
3,145177,GHIJASA DE JOS,557167,32,145140,23,3,7,RO126
3,145186,HOSMAN,557168,32,145140,23,3,7,RO126
3,145195,ŢICHINDEAL,557169,32,145140,23,3,7,RO126
2,145202,ORLAT,,32,323,3,3,7,RO126
3,145211,ORLAT,557170,32,145202,22,3,7,RO126
2,145220,PĂUCA,,32,323,3,3,7,RO126
3,145239,PĂUCA,557175,32,145220,22,3,7,RO126
3,145248,BOGATU ROMÂN,557176,32,145220,23,3,7,RO126
3,145257,BROŞTENI,557177,32,145220,23,3,7,RO126
3,145266,PRESACA,557178,32,145220,23,3,7,RO126
2,145275,POIANA SIBIULUI,,32,323,3,3,7,RO126
3,145284,POIANA SIBIULUI,557180,32,145275,22,3,7,RO126
2,143502,POPLACA,,32,323,3,3,7,RO126
3,143511,POPLACA,557185,32,143502,22,3,7,RO126
2,145293,PORUMBACU DE JOS,,32,323,3,3,7,RO126
3,145300,PORUMBACU DE JOS,557190,32,145293,22,3,7,RO126
3,145319,COLUN,557191,32,145293,23,3,7,RO126
3,145328,PORUMBACU DE SUS,557192,32,145293,23,3,7,RO126
3,145337,SĂRATA,557193,32,145293,23,3,7,RO126
3,145346,SCOREIU,557194,32,145293,23,3,7,RO126
2,145355,RACOVIŢA,,32,323,3,3,7,RO126
3,145364,RACOVIŢA,557195,32,145355,22,3,7,RO126
3,145373,SEBEŞU DE SUS,557196,32,145355,23,3,7,RO126
2,143520,RĂŞINARI,,32,323,3,3,7,RO126
3,143539,RĂŞINARI,557200,32,143520,22,3,7,RO126
3,143548,PRISLOP,557201,32,143520,23,3,7,RO126
2,145382,RÂU SADULUI,,32,323,3,3,7,RO126
3,145391,RÂU SADULUI,557205,32,145382,22,3,7,RO126
2,145408,ROŞIA,,32,323,3,3,7,RO126
3,145417,ROŞIA,557210,32,145408,22,3,7,RO126
3,145426,CAŞOLŢ,557211,32,145408,23,3,7,RO126
3,145435,CORNĂŢEL,557212,32,145408,23,3,7,RO126
3,145444,DAIA,557213,32,145408,23,3,7,RO126
3,145453,NOU,557214,32,145408,23,3,7,RO126
3,145462,NUCET,557216,32,145408,23,3,7,RO126
2,145471,SADU,,32,323,3,3,7,RO126
3,145480,SADU,557220,32,145471,22,3,7,RO126
2,145603,SLIMNIC,,32,323,3,3,7,RO126
3,145612,SLIMNIC,557240,32,145603,22,3,7,RO126
3,145621,ALBI,557241,32,145603,23,3,7,RO126
3,145630,PĂDURENI,557242,32,145603,23,3,7,RO126
3,145649,RUŞI,557243,32,145603,23,3,7,RO126
3,145658,VESEUD,557244,32,145603,23,3,7,RO126
2,145667,ŞEICA MARE,,32,323,3,3,7,RO126
3,145676,ŞEICA MARE,557245,32,145667,22,3,7,RO126
3,145685,BOARTA,557246,32,145667,23,3,7,RO126
3,145694,BUIA,557247,32,145667,23,3,7,RO126
3,145701,MIGHINDOALA,557248,32,145667,23,3,7,RO126
3,145710,PETIŞ,557249,32,145667,23,3,7,RO126
3,145729,ŞTENEA,557251,32,145667,23,3,7,RO126
2,145738,ŞEICA MICĂ,,32,323,3,3,7,RO126
3,145747,ŞEICA MICĂ,557255,32,145738,22,3,7,RO126
3,145756,SOROŞTIN,557256,32,145738,23,3,7,RO126
2,143557,ŞELIMBĂR,,32,323,3,3,7,RO126
3,143566,ŞELIMBĂR,557260,32,143557,22,3,7,RO126
3,143575,BUNGARD,557261,32,143557,23,3,7,RO126
3,143584,MOHU,557262,32,143557,23,3,7,RO126
3,143593,VEŞTEM,557263,32,143557,23,3,7,RO126
2,145765,ŞURA MARE,,32,323,3,3,7,RO126
3,145774,ŞURA MARE,557265,32,145765,22,3,7,RO126
3,145783,HAMBA,557266,32,145765,23,3,7,RO126
2,145792,ŞURA MICĂ,,32,323,3,3,7,RO126
3,145809,ŞURA MICĂ,557270,32,145792,22,3,7,RO126
3,145818,RUSCIORI,557271,32,145792,23,3,7,RO126
2,143646,TÂRNAVA,,32,323,3,3,7,RO126
3,143655,TÂRNAVA,557275,32,143646,22,3,7,RO126
3,143664,COLONIA TÂRNAVA,557276,32,143646,23,3,7,RO126
2,145907,TILIŞCA,,32,323,3,3,7,RO126
3,145916,TILIŞCA,557280,32,145907,22,3,7,RO126
3,145925,ROD,557281,32,145907,23,3,7,RO126
2,145934,TURNU ROŞU,,32,323,3,3,7,RO126
3,145943,TURNU ROŞU,557285,32,145934,22,3,7,RO126
3,145952,SEBEŞU DE JOS,557286,32,145934,23,3,7,RO126
2,145961,VALEA VIILOR,,32,323,3,3,7,RO126
3,145970,VALEA VIILOR,557290,32,145961,22,3,7,RO126
3,145989,MOTIŞ,557291,32,145961,23,3,7,RO126
2,145998,VURPĂR,,32,323,3,3,7,RO126
3,146003,VURPĂR,557295,32,145998,22,3,7,RO126
1,332,JUDEŢUL SUCEAVA,,33,1,40,0,1,
2,146263,MUNICIPIUL SUCEAVA,,33,332,1,1,1,
3,146272,SUCEAVA,720001,33,146263,9,1,1,
2,146502,MUNICIPIUL CÂMPULUNG MOLDOVENESC,,33,332,4,1,1,
3,146511,CÂMPULUNG MOLDOVENESC,725100,33,146502,9,1,1,
2,146539,MUNICIPIUL FĂLTICENI,,33,332,4,1,1,
3,146548,FĂLTICENI,725200,33,146539,9,1,1,
3,146557,ŞOLDĂNEŞTI,725201,33,146539,10,1,1,
3,146566,ŢARNA MARE,725202,33,146539,10,1,1,
2,146628,MUNICIPIUL RĂDĂUŢI,,33,332,4,1,1,
3,146637,RĂDĂUŢI,725400,33,146628,9,1,1,
2,146744,MUNICIPIUL VATRA DORNEI,,33,332,4,1,1,
3,146753,VATRA DORNEI,725700,33,146744,9,1,1,
3,146762,ARGESTRU,725701,33,146744,10,1,1,
3,146771,ROŞU,725702,33,146744,10,1,1,
3,146780,TODIRENI,725703,33,146744,10,1,1,
2,147358,ORAŞ BROŞTENI,,33,332,2,1,1,
3,147367,BROŞTENI,727075,33,147358,17,1,1,
3,147376,COTÂRGAŞI,727076,33,147358,19,1,1,
3,147385,DÂRMOXA,727077,33,147358,19,1,1,
3,147394,FRASIN,727078,33,147358,19,1,1,
3,147401,HĂLEASA,727079,33,147358,18,1,1,
3,147410,HOLDA,727081,33,147358,19,1,1,
3,147429,HOLDIŢA,727082,33,147358,19,1,1,
3,147438,LUNGENI,727083,33,147358,18,1,1,
3,147447,NEAGRA,727084,33,147358,18,1,1,
3,147456,PIETROASA,727086,33,147358,19,1,1,
2,147633,ORAŞ CAJVANA,,33,332,2,1,1,
3,147642,CAJVANA,727100,33,147633,17,1,1,
3,147651,CODRU,727101,33,147633,19,1,1,
2,148006,ORAŞ DOLHASCA,,33,332,2,1,1,
3,148015,DOLHASCA,727170,33,148006,17,1,1,
3,148024,BUDENI,727171,33,148006,19,1,1,
3,148033,GULIA,727172,33,148006,19,1,1,
3,148042,POIANA,727173,33,148006,19,1,1,
3,148051,POIENARI,727174,33,148006,19,1,1,
3,148060,PROBOTA,727176,33,148006,19,1,1,
3,148079,SILIŞTEA NOUĂ,727177,33,148006,19,1,1,
3,148088,VALEA POIENEI,727178,33,148006,19,1,1,
2,148612,ORAŞ FRASIN,,33,332,2,1,1,
3,148621,FRASIN,727245,33,148612,17,1,1,
3,148630,BUCŞOAIA,727246,33,148612,18,1,1,
3,148649,DOROTEIA,727247,33,148612,19,1,1,
3,148658,PLUTONIŢA,727248,33,148612,19,1,1,
2,146584,ORAŞ GURA HUMORULUI,,33,332,2,1,1,
3,146593,GURA HUMORULUI,725300,33,146584,17,1,1,
3,146600,VORONEŢ,725301,33,146584,18,1,1,
2,149227,ORAŞ LITENI,,33,332,2,1,1,
3,149236,LITENI,727335,33,149227,17,1,1,
3,149245,CORNI,727336,33,149227,19,1,1,
3,149254,ROŞCANI,727337,33,149227,19,1,1,
3,149263,ROTUNDA,727338,33,149227,19,1,1,
3,149272,SILIŞTEA,727339,33,149227,19,1,1,
3,149281,VERCICANI,727341,33,149227,19,1,1,
2,146931,ORAŞ MILIŞĂUŢI,,33,332,2,1,1,
3,146986,MILIŞĂUŢI,727360,33,146931,17,1,1,
3,146940,BĂDEUŢI,727361,33,146931,18,1,1,
3,146959,GARA,727362,33,146931,19,1,1,
3,146977,LUNCA,727363,33,146931,19,1,1,
2,146370,ORAŞ SALCEA,,33,332,2,1,1,
3,146389,SALCEA,727475,33,146370,17,1,1,
3,146398,MERENI,727476,33,146370,18,1,1,
3,146405,PLOPENI,727477,33,146370,18,1,1,
3,146414,PRELIPCA,727478,33,146370,19,1,1,
3,146423,VĂRATEC,727479,33,146370,18,1,1,
2,146655,ORAŞ SIRET,,33,332,2,1,1,
3,146664,SIRET,725500,33,146655,17,1,1,
3,146673,MĂNĂSTIOARA,725501,33,146655,18,1,1,
3,146682,PĂDURENI,725502,33,146655,18,1,1,
2,146708,ORAŞ SOLCA,,33,332,2,1,1,
3,146717,SOLCA,725600,33,146708,17,1,1,RO215
2,151095,ORAŞ VICOVU DE SUS,,33,332,2,1,1,RO215
3,151102,VICOVU DE SUS,727610,33,151095,17,1,1,RO215
3,151111,BIVOLĂRIA,727611,33,151095,18,1,1,RO215
2,146799,ADÂNCATA,,33,332,3,3,1,RO215
3,146806,ADÂNCATA,727005,33,146799,22,3,1,RO215
3,146833,CĂLUGĂRENI,727008,33,146799,23,3,1,RO215
3,146842,FETEŞTI,727009,33,146799,23,3,1,RO215
2,146860,ARBORE,,33,332,3,3,1,RO215
3,146879,ARBORE,727015,33,146860,22,3,1,RO215
3,146888,BODNĂRENI,727016,33,146860,23,3,1,RO215
3,146897,CLIT,727017,33,146860,23,3,1,RO215
2,146904,BAIA,,33,332,3,3,1,RO215
3,146913,BAIA,727020,33,146904,22,3,1,RO215
3,146922,BOGATA,727021,33,146904,23,3,1,RO215
2,151530,BĂLĂCEANA,,33,332,3,3,1,RO215
3,147688,BĂLĂCEANA,727126,33,151530,22,3,1,RO215
2,146995,BĂLCĂUŢI,,33,332,3,3,1,RO215
3,147009,BĂLCĂUŢI,727025,33,146995,22,3,1,RO215
3,147018,GROPENI,727026,33,146995,23,3,1,RO215
3,147027,NEGOSTINA,727027,33,146995,23,3,1,RO215
2,151576,BERCHIŞEŞTI,,33,332,3,3,1,RO215
3,148346,BERCHIŞEŞTI,727216,33,151576,22,3,1,RO215
3,148355,CORLATA,727217,33,151576,23,3,1,RO215
2,147036,BILCA,,33,332,3,3,1,RO215
3,147045,BILCA,727030,33,147036,22,3,1,RO215
2,147054,BOGDĂNEŞTI,,33,332,3,3,1,RO215
3,147063,BOGDĂNEŞTI,727035,33,147054,22,3,1,RO215
2,147072,BOROAIA,,33,332,3,3,1,RO215
3,147081,BOROAIA,727040,33,147072,22,3,1,RO215
3,147090,BĂRĂŞTI,727041,33,147072,23,3,1,RO215
3,147107,GIULEŞTI,727042,33,147072,23,3,1,RO215
3,147116,MOIŞA,727043,33,147072,23,3,1,RO215
3,147125,SĂCUŢA,727044,33,147072,23,3,1,RO215
2,147134,BOSANCI,,33,332,3,3,1,RO215
3,147143,BOSANCI,727045,33,147134,22,3,1,RO215
3,147152,CUMPĂRĂTURA,727046,33,147134,23,3,1,RO215
2,147161,BOTOŞANA,,33,332,3,3,1,RO215
3,147170,BOTOŞANA,727050,33,147161,22,3,1,RO215
2,147205,BREAZA,,33,332,3,3,1,RO215
3,147214,BREAZA,727055,33,147205,22,3,1,RO215
3,147223,BREAZA DE SUS,727056,33,147205,23,3,1,RO215
3,147232,PÂRÂU NEGREI,727057,33,147205,23,3,1,RO215
2,147241,BRODINA,,33,332,3,3,1,RO215
3,147250,BRODINA,727060,33,147241,22,3,1,RO215
3,147269,BRODINA DE JOS,727061,33,147241,23,3,1,RO215
3,147278,CUNUNSCHI,727062,33,147241,23,3,1,RO215
3,147287,DUBIUŞCA,727063,33,147241,23,3,1,RO215
3,147296,EHREŞTE,727064,33,147241,23,3,1,RO215
3,147303,FALCĂU,727066,33,147241,23,3,1,RO215
3,147312,NOROCU,727067,33,147241,23,3,1,RO215
3,147321,PALTIN,727068,33,147241,23,3,1,RO215
3,147330,SADĂU,727069,33,147241,23,3,1,RO215
3,147349,ZALOMESTRA,727071,33,147241,23,3,1,RO215
2,147465,BUNEŞTI,,33,332,3,3,1,RO215
3,147474,BUNEŞTI,727090,33,147465,22,3,1,RO215
3,147483,PETIA,727091,33,147465,23,3,1,RO215
3,147492,PODENI,727092,33,147465,23,3,1,RO215
3,147508,ŞES,727093,33,147465,23,3,1,RO215
3,147517,UNCEŞTI,727094,33,147465,23,3,1,RO215
2,151521,BURLA,,33,332,3,3,1,RO215
3,151148,BURLA,727616,33,151521,22,3,1,RO215
2,147526,CACICA,,33,332,3,3,1,RO215
3,147535,PÂRTEŞTII DE SUS,727097,33,147526,22,3,1,RO215
3,147544,CACICA,727095,33,147526,23,3,1,RO215
3,147553,MAIDAN,727096,33,147526,23,3,1,RO215
3,147562,RUNCU,727098,33,147526,23,3,1,RO215
3,147571,SOLONEŢU NOU,727099,33,147526,23,3,1,RO215
2,147580,CALAFINDEŞTI,,33,332,3,3,1,RO215
3,147599,CALAFINDEŞTI,727105,33,147580,22,3,1,RO215
3,147606,BOTOŞANIŢA MARE,727106,33,147580,23,3,1,RO215
2,151503,CAPU CÂMPULUI,,33,332,3,3,1,RO215
3,150917,CAPU CÂMPULUI,727585,33,151503,22,3,1,RO215
2,147713,CÂRLIBABA,,33,332,3,3,1,RO215
3,147722,CÂRLIBABA,727110,33,147713,22,3,1,RO215
3,147731,CÂRLIBABA NOUĂ,727111,33,147713,23,3,1,RO215
3,147740,IEDU,727112,33,147713,23,3,1,RO215
3,147759,ŞESURI,727113,33,147713,23,3,1,RO215
3,147768,ŢIBĂU,727114,33,147713,23,3,1,RO215
3,147777,VALEA STÂNEI,727116,33,147713,23,3,1,RO215
2,151451,CIOCĂNEŞTI,,33,332,3,3,1,RO215
3,149165,CIOCĂNEŞTI,727120,33,151451,22,3,1,RO215
3,149156,BOTOŞ,727121,33,151451,23,3,1,RO215
2,151567,CIPRIAN PORUMBESCU,,33,332,3,3,1,RO215
3,147704,CIPRIAN PORUMBESCU,727125,33,151567,22,3,1,RO215
2,151433,COMĂNEŞTI,,33,332,3,3,1,RO215
3,147189,COMĂNEŞTI,727135,33,151433,22,3,1,RO215
3,147198,HUMORENI,727136,33,151433,23,3,1,RO215
2,147786,CORNU LUNCII,,33,332,3,3,1,RO215
3,147795,CORNU LUNCII,727140,33,147786,22,3,1,RO215
3,147802,BĂIŞEŞTI,727141,33,147786,23,3,1,RO215
3,147811,BRĂIEŞTI,727142,33,147786,23,3,1,RO215
3,147820,DUMBRAVA,727143,33,147786,23,3,1,RO215
3,147839,PĂISENI,727144,33,147786,23,3,1,RO215
3,147848,SASCA MARE,727146,33,147786,23,3,1,RO215
3,147857,SASCA MICĂ,727147,33,147786,23,3,1,RO215
3,147866,SASCA NOUĂ,727148,33,147786,23,3,1,RO215
3,147875,ŞINCA,727149,33,147786,23,3,1,RO215
2,151497,COŞNA,,33,332,3,3,1,RO215
3,148220,COŞNA,727191,33,151497,22,3,1,RO215
3,148257,PODU COŞNEI,727193,33,151497,23,3,1,RO215
3,148266,ROMÂNEŞTI,727196,33,151497,23,3,1,RO215
3,148275,TEŞNA,727197,33,151497,23,3,1,RO215
3,148284,VALEA BANCULUI,727198,33,151497,23,3,1,RO215
2,147884,CRUCEA,,33,332,3,3,1,RO215
3,147893,CRUCEA,727150,33,147884,22,3,1,RO215
3,147900,CHIRIL,727151,33,147884,23,3,1,RO215
3,147919,COJOCI,727152,33,147884,23,3,1,RO215
3,147928,SATU MARE,727153,33,147884,23,3,1,RO215
2,147937,DĂRMĂNEŞTI,,33,332,3,3,1,RO215
3,147946,MĂRIŢEI,727160,33,147937,22,3,1,RO215
3,147973,CĂLINEŞTI,727156,33,147937,23,3,1,RO215
3,147982,CĂLINEŞTI-VASILACHE,727157,33,147937,23,3,1,RO215
3,147955,DĂNILA,727158,33,147937,23,3,1,RO215
3,147964,DĂRMĂNEŞTI,727155,33,147937,23,3,1,RO215
3,147991,MĂRIŢEIA MICĂ,727159,33,147937,23,3,1,RO215
2,148097,DOLHEŞTI,,33,332,3,3,1,RO215
3,148104,DOLHEŞTII-MARI,727185,33,148097,22,3,1,RO215
3,148113,DOLHEŞTII MICI,727181,33,148097,23,3,1,RO215
3,148122,VALEA BOUREI,727182,33,148097,23,3,1,RO215
2,148202,DORNA CANDRENILOR,,33,332,3,3,1,RO215
3,148211,DORNA CANDRENILOR,727190,33,148202,22,3,1,RO215
3,148239,DEALU FLORENI,727192,33,148202,23,3,1,RO215
3,148248,POIANA NEGRII,727194,33,148202,23,3,1,RO215
2,148131,DORNA-ARINI,,33,332,3,3,1,RO215
3,148140,COZĂNEŞTI,727201,33,148131,22,3,1,RO215
3,148159,DORNA-ARINI,727200,33,148131,23,3,1,RO215
3,148168,GHEORGHIŢENI,727202,33,148131,23,3,1,RO215
3,148177,ORTOAIA,727203,33,148131,23,3,1,RO215
3,148186,RUSCA,727204,33,148131,23,3,1,RO215
3,148195,SUNĂTORI,727206,33,148131,23,3,1,RO215
2,148293,DORNEŞTI,,33,332,3,3,1,RO215
3,148300,DORNEŞTI,727210,33,148293,22,3,1,RO215
3,148319,IAZ,727211,33,148293,23,3,1,RO215
2,148328,DRĂGOIEŞTI,,33,332,3,3,1,RO215
3,148337,MĂZĂNĂEŞTI,727219,33,148328,22,3,1,RO215
3,148364,DRĂGOIEŞTI,727215,33,148328,23,3,1,RO215
3,148373,LUCĂCEŞTI,727218,33,148328,23,3,1,RO215
2,148382,DRĂGUŞENI,,33,332,3,3,1,RO215
3,148391,DRĂGUŞENI,727220,33,148382,22,3,1,RO215
3,148408,BROŞTENI,727221,33,148382,23,3,1,RO215
3,148417,GARA LEU,727222,33,148382,23,3,1,RO215
2,148426,DUMBRĂVENI,,33,332,3,3,1,RO215
3,148435,DUMBRĂVENI,727225,33,148426,22,3,1,RO215
3,148444,SĂLĂGENI,727226,33,148426,23,3,1,RO215
2,151488,FÂNTÂNA MARE,,33,332,3,3,1,RO215
3,150828,FÂNTÂNA MARE,727566,33,151488,22,3,1,RO215
3,150800,COTU BĂII,727563,33,151488,23,3,1,RO215
3,150873,PRAXIA,727572,33,151488,23,3,1,RO215
3,150882,SPĂTĂREŞTI,727573,33,151488,23,3,1,RO215
2,148453,FÂNTÂNELE,,33,332,3,3,1,RO215
3,148462,FÂNTÂNELE,727230,33,148453,22,3,1,RO215
3,148471,BĂNEŞTI,727231,33,148453,23,3,1,RO215
3,148480,COTU DOBEI,727232,33,148453,23,3,1,RO215
3,148499,SLOBOZIA,727233,33,148453,23,3,1,RO215
3,148505,STAMATE,727234,33,148453,23,3,1,RO215
2,148514,FORĂŞTI,,33,332,3,3,1,RO215
3,148523,FORĂŞTI,727235,33,148514,22,3,1,RO215
3,148532,ANTOCENI,727236,33,148514,23,3,1,RO215
3,148541,BOURA,727237,33,148514,23,3,1,RO215
3,148550,MANOLEA,727238,33,148514,23,3,1,RO215
3,148569,ONICENI,727239,33,148514,23,3,1,RO215
3,148578,ROŞIORI,727241,33,148514,23,3,1,RO215
3,148587,RUŞI,727242,33,148514,23,3,1,RO215
3,148596,ŢOLEŞTI,727243,33,148514,23,3,1,RO215
3,148603,UIDEŞTI,727244,33,148514,23,3,1,RO215
2,148667,FRĂTĂUŢII NOI,,33,332,3,3,1,RO215
3,148676,FRĂTĂUŢII NOI,727250,33,148667,22,3,1,RO215
3,148685,COSTIŞA,727251,33,148667,23,3,1,RO215
2,148694,FRĂTĂUŢII VECHI,,33,332,3,3,1,RO215
3,148701,FRĂTĂUŢII VECHI,727255,33,148694,22,3,1,RO215
3,148710,MĂNEUŢI,727256,33,148694,23,3,1,RO215
2,148729,FRUMOSU,,33,332,3,3,1,RO215
3,148738,FRUMOSU,727260,33,148729,22,3,1,RO215
3,148747,DEIA,727261,33,148729,23,3,1,RO215
3,148756,DRAGOŞA,727262,33,148729,23,3,1,RO215
2,148765,FUNDU MOLDOVEI,,33,332,3,3,1,RO215
3,148774,FUNDU MOLDOVEI,727265,33,148765,22,3,1,RO215
3,148792,BOTUŞ,727266,33,148765,23,3,1,RO215
3,148783,BOTUŞEL,727267,33,148765,23,3,1,RO215
3,148809,BRANIŞTEA,727268,33,148765,23,3,1,RO215
3,148818,COLACU,727269,33,148765,23,3,1,RO215
3,148827,DELNIŢA,727271,33,148765,23,3,1,RO215
3,148836,DELUŢ,727272,33,148765,23,3,1,RO215
3,148845,OBCINA,727273,33,148765,23,3,1,RO215
3,148854,PLAI,727274,33,148765,23,3,1,RO215
3,148863,SMIDA UNGURENILOR,727276,33,148765,23,3,1,RO215
2,148872,GĂLĂNEŞTI,,33,332,3,3,1,RO215
3,148881,GĂLĂNEŞTI,727280,33,148872,22,3,1,RO215
3,148890,HURJUIENI,727281,33,148872,23,3,1,RO215
2,148916,GRĂMEŞTI,,33,332,3,3,1,RO215
3,148925,GRĂMEŞTI,727285,33,148916,22,3,1,RO215
3,148934,BĂLINEŞTI,727286,33,148916,23,3,1,RO215
3,148943,BOTOŞANIŢA MICĂ,727287,33,148916,23,3,1,RO215
3,148952,RUDEŞTI,727288,33,148916,23,3,1,RO215
3,148961,VERBIA,727289,33,148916,23,3,1,RO215
2,148970,GRĂNICEŞTI,,33,332,3,3,1,RO215
3,148989,GRĂNICEŞTI,727290,33,148970,22,3,1,RO215
3,148998,DUMBRAVA,727291,33,148970,23,3,1,RO215
3,149003,GURA SOLCII,727292,33,148970,23,3,1,RO215
3,149012,IACOBEŞTI,727293,33,148970,23,3,1,RO215
3,149021,ROMÂNEŞTI,727294,33,148970,23,3,1,RO215
3,149030,SLOBOZIA SUCEVEI,727296,33,148970,23,3,1,RO215
2,151512,HĂNŢEŞTI,,33,332,3,3,1,RO215
3,146851,HĂNŢEŞTI,727011,33,151512,22,3,1,RO215
3,146815,ARŢARI,727006,33,151512,23,3,1,RO215
3,146824,BEREŞTI,727007,33,151512,23,3,1,RO215
2,151549,HÂRTOP,,33,332,3,3,1,RO215
3,150016,HÂRTOP,727449,33,151549,22,3,1,RO215
2,149101,HORODNIC DE JOS,,33,332,3,3,1,RO215
3,149110,HORODNIC DE JOS,727301,33,149101,22,3,1,RO215
2,151479,HORODNIC DE SUS,,33,332,3,3,1,RO215
3,149129,HORODNIC DE SUS,727305,33,151479,22,3,1,RO215
2,149049,HORODNICENI,,33,332,3,3,1,RO215
3,149058,HORODNICENI,727310,33,149049,22,3,1,RO215
3,149067,BOTEŞTI,727311,33,149049,23,3,1,RO215
3,149076,BRĂDĂŢEL,727312,33,149049,23,3,1,RO215
3,149085,MIHĂIEŞTI,727313,33,149049,23,3,1,RO215
3,149094,ROTOPĂNEŞTI,727314,33,149049,23,3,1,RO215
2,149138,IACOBENI,,33,332,3,3,1,RO215
3,149147,IACOBENI,727315,33,149138,22,3,1,RO215
3,149174,MESTECĂNIŞ,727316,33,149138,23,3,1,RO215
2,151442,IASLOVĂŢ,,33,332,3,3,1,RO215
3,146968,IASLOVĂŢ,727320,33,151442,22,3,1,RO215
2,147660,ILIŞEŞTI,,33,332,3,3,1,RO215
3,147679,ILIŞEŞTI,727130,33,147660,22,3,1,RO215
3,147697,BRAŞCA,727127,33,147660,23,3,1,RO215
2,146281,IPOTEŞTI,,33,332,3,3,1,RO215
3,146290,IPOTEŞTI,727325,33,146281,22,3,1,RO215
3,146307,LISAURA,727326,33,146281,23,3,1,RO215
3,146316,TIŞĂUŢI,727327,33,146281,23,3,1,RO215
2,149183,IZVOARELE SUCEVEI,,33,332,3,3,1,RO215
3,149192,IZVOARELE SUCEVEI,727330,33,149183,22,3,1,RO215
3,149209,BOBEICA,727331,33,149183,23,3,1,RO215
3,149218,BRODINA,727332,33,149183,23,3,1,RO215
2,149290,MARGINEA,,33,332,3,3,1,RO215
3,149307,MARGINEA,727345,33,149290,22,3,1,RO215
2,149316,MĂLINI,,33,332,3,3,1,RO215
3,149325,MĂLINI,727350,33,149316,22,3,1,RO215
3,149334,IESLE,727351,33,149316,23,3,1,RO215
3,149343,PÂRAIE,727352,33,149316,23,3,1,RO215
3,149352,POIANA MĂRULUI,727353,33,149316,23,3,1,RO215
3,149361,VĂLENI-STÂNIŞOARA,727354,33,149316,23,3,1,RO215
2,149370,MĂNĂSTIREA HUMORULUI,,33,332,3,3,1,RO215
3,149389,MĂNĂSTIREA HUMORULUI,727355,33,149370,22,3,1,RO215
3,149398,PLEŞA,727356,33,149370,23,3,1,RO215
3,149405,POIANA MICULUI,727357,33,149370,23,3,1,RO215
2,146325,MITOCU DRAGOMIRNEI,,33,332,3,3,1,RO215
3,146334,MITOCU DRAGOMIRNEI,727365,33,146325,22,3,1,RO215
3,146343,DRAGOMIRNA,727366,33,146325,23,3,1,RO215
3,146352,LIPOVENI,727367,33,146325,23,3,1,RO215
3,146361,MITOCAŞI,727368,33,146325,23,3,1,RO215
2,149414,MOARA,,33,332,3,3,1,RO215
3,149423,MOARA NICA,727377,33,149414,22,3,1,RO215
3,149432,BULAI,727371,33,149414,23,3,1,RO215
3,149441,FRUMOASA,727372,33,149414,23,3,1,RO215
3,149450,GROAPA VLĂDICHII,727373,33,149414,23,3,1,RO215
3,149469,LITENI,727374,33,149414,23,3,1,RO215
3,149478,MOARA CARP,727376,33,149414,23,3,1,RO215
3,149487,VORNICENII MARI,727378,33,149414,23,3,1,RO215
3,149496,VORNICENII MICI,727379,33,149414,23,3,1,RO215
2,149502,MOLDOVA-SULIŢA,,33,332,3,3,1,RO215
3,149511,MOLDOVA-SULIŢA,727380,33,149502,22,3,1,RO215
3,149520,BENIA,727381,33,149502,23,3,1,RO215
2,149539,MOLDOVIŢA,,33,332,3,3,1,RO215
3,149548,MOLDOVIŢA,727385,33,149539,22,3,1,RO215
3,149557,ARGEL,727386,33,149539,23,3,1,RO215
3,149566,DEMACUŞA,727387,33,149539,23,3,1,RO215
3,149575,RAŞCA,727388,33,149539,23,3,1,RO215
2,149584,MUŞENIŢA,,33,332,3,3,1,RO215
3,149593,BAINEŢ,727391,33,149584,22,3,1,RO215
3,149600,BĂNCEŞTI,727392,33,149584,23,3,1,RO215
3,149619,CLIMĂUŢI,727393,33,149584,23,3,1,RO215
3,149628,MUŞENIŢA,727390,33,149584,23,3,1,RO215
3,149637,VĂŞCĂUŢI,727394,33,149584,23,3,1,RO215
3,149646,VICŞANI,727396,33,149584,23,3,1,RO215
2,149655,OSTRA,,33,332,3,3,1,RO215
3,149664,OSTRA,727400,33,149655,22,3,1,RO215
3,149673,TĂRNICIOARA,727401,33,149655,23,3,1,RO215
2,149682,PANACI,,33,332,3,3,1,RO215
3,149691,PANACI,727405,33,149682,22,3,1,RO215
3,149708,CATRINARI,727406,33,149682,23,3,1,RO215
3,149717,COVERCA,727407,33,149682,23,3,1,RO215
3,149726,DRĂGOIASA,727408,33,149682,23,3,1,RO215
3,149735,GLODU,727409,33,149682,23,3,1,RO215
3,149744,PĂLTINIŞ,727411,33,149682,23,3,1,RO215
2,149753,PĂLTINOASA,,33,332,3,3,1,RO215
3,149762,PĂLTINOASA,727415,33,149753,22,3,1,RO215
3,149771,CAPU CODRULUI,727416,33,149753,23,3,1,RO215
2,149833,PĂTRĂUŢI,,33,332,3,3,1,RO215
3,149842,PĂTRĂUŢI,727420,33,149833,22,3,1,RO215
2,149780,PÂRTEŞTII DE JOS,,33,332,3,3,1,RO215
3,149799,PÂRTEŞTII DE JOS,727425,33,149780,22,3,1,RO215
3,149806,DELENI,727426,33,149780,23,3,1,RO215
3,149815,VARVATA,727427,33,149780,23,3,1,RO215
3,149824,VÂRFU DEALULUI,727428,33,149780,23,3,1,RO215
2,149851,POIANA STAMPEI,,33,332,3,3,1,RO215
3,149860,POIANA STAMPEI,727430,33,149851,22,3,1,RO215
3,149879,CĂSOI,727431,33,149851,23,3,1,RO215
3,149888,DORNIŞOARA,727432,33,149851,23,3,1,RO215
3,149897,PILUGANI,727433,33,149851,23,3,1,RO215
3,149904,PRĂLENI,727434,33,149851,23,3,1,RO215
3,149913,TĂTARU,727436,33,149851,23,3,1,RO215
3,149922,TEŞNA,727437,33,149851,23,3,1,RO215
2,151585,POIENI-SOLCA,,33,332,3,3,1,RO215
3,146726,POIENI-SOLCA,725601,33,151585,22,3,1,RO215
2,149931,POJORÂTA,,33,332,3,3,1,RO215
3,149940,POJORÂTA,727440,33,149931,22,3,1,RO215
3,149959,VALEA PUTNEI,727441,33,149931,23,3,1,RO215
2,149968,PREUTEŞTI,,33,332,3,3,1,RO215
3,149977,PREUTEŞTI,727445,33,149968,22,3,1,RO215
3,149986,ARGHIRA,727446,33,149968,23,3,1,RO215
3,150007,BAHNA ARIN,727447,33,149968,23,3,1,RO215
3,149995,BASARABI,727448,33,149968,23,3,1,RO215
3,150025,HUŞI,727451,33,149968,23,3,1,RO215
3,150034,LEUCUŞEŞTI,727452,33,149968,23,3,1,RO215
2,150043,PUTNA,,33,332,3,3,1,RO215
3,150052,PUTNA,727455,33,150043,22,3,1,RO215
3,150061,GURA PUTNEI,727456,33,150043,23,3,1,RO215
2,150070,RĂDĂŞENI,,33,332,3,3,1,RO215
3,150089,RĂDĂŞENI,727460,33,150070,22,3,1,RO215
3,150098,LĂMĂŞENI,727461,33,150070,23,3,1,RO215
3,150105,POCOLENI,727462,33,150070,23,3,1,RO215
2,150114,RÂŞCA,,33,332,3,3,1,RO215
3,150123,RÂŞCA,727465,33,150114,22,3,1,RO215
3,150132,BUDA,727466,33,150114,23,3,1,RO215
3,150141,DUMBRĂVENI,727467,33,150114,23,3,1,RO215
3,150150,JAHALIA,727468,33,150114,23,3,1,RO215
3,150169,SLĂTIOARA,727469,33,150114,23,3,1,RO215
2,150178,SADOVA,,33,332,3,3,1,RO215
3,150187,SADOVA,727470,33,150178,22,3,1,RO215
2,150196,SATU MARE,,33,332,3,3,1,RO215
3,150203,SATU MARE,727480,33,150196,22,3,1,RO215
3,150212,ŢIBENI,727481,33,150196,23,3,1,RO215
2,150221,SIMINICEA,,33,332,3,3,1,RO215
3,150230,SIMINICEA,727485,33,150221,22,3,1,RO215
3,150249,GRIGOREŞTI,727486,33,150221,23,3,1,RO215
2,150258,SLATINA,,33,332,3,3,1,RO215
3,150267,SLATINA,727490,33,150258,22,3,1,RO215
3,150276,GĂINEŞTI,727491,33,150258,23,3,1,RO215
3,150285,HERLA,727492,33,150258,23,3,1,RO215
2,150294,STRAJA,,33,332,3,3,1,RO215
3,150301,STRAJA,727495,33,150294,22,3,1,RO215
2,150310,STROIEŞTI,,33,332,3,3,1,RO215
3,150329,STROIEŞTI,727500,33,150310,22,3,1,RO215
3,150338,VÂLCELELE,727501,33,150310,23,3,1,RO215
3,150347,ZAHAREŞTI,727502,33,150310,23,3,1,RO215
2,150356,STULPICANI,,33,332,3,3,1,RO215
3,150365,STULPICANI,727505,33,150356,22,3,1,RO215
3,150374,GEMENEA,727506,33,150356,23,3,1,RO215
3,150383,NEGRILEASA,727507,33,150356,23,3,1,RO215
3,150392,SLĂTIOARA,727508,33,150356,23,3,1,RO215
3,150409,VADU NEGRILESEI,727509,33,150356,23,3,1,RO215
2,150418,SUCEVIŢA,,33,332,3,3,1,RO215
3,150427,SUCEVIŢA,727510,33,150418,22,3,1,RO215
3,150436,VOIEVODEASA,727511,33,150418,23,3,1,RO215
2,150445,ŞARU DORNEI,,33,332,3,3,1,RO215
3,150454,NEAGRA ŞARULUI,727517,33,150445,22,3,1,RO215
3,150463,GURA HAITII,727516,33,150445,23,3,1,RO215
3,150472,PLAIU ŞARULUI,727518,33,150445,23,3,1,RO215
3,150481,SĂRIŞOR,727519,33,150445,23,3,1,RO215
3,150490,SĂRIŞORU MARE,727521,33,150445,23,3,1,RO215
3,150506,ŞARU BUCOVINEI,727522,33,150445,23,3,1,RO215
3,150515,ŞARU DORNEI,727515,33,150445,23,3,1,RO215
2,146432,ŞCHEIA,,33,332,3,3,1,RO215
3,146441,ŞCHEIA,727525,33,146432,22,3,1,RO215
3,146450,FLORINTA,727526,33,146432,23,3,1,RO215
3,146469,MIHOVENI,727527,33,146432,23,3,1,RO215
3,146478,SFÂNTU ILIE,727528,33,146432,23,3,1,RO215
3,146487,TREI MOVILE,727529,33,146432,23,3,1,RO215
2,151460,ŞERBĂUŢI,,33,332,3,3,1,RO215
3,147624,ŞERBĂUŢI,727108,33,151460,22,3,1,RO215
3,147615,CĂLINEŞTI,727107,33,151460,23,3,1,RO215
2,150524,TODIREŞTI,,33,332,3,3,1,RO215
3,150533,TODIREŞTI,727530,33,150524,22,3,1,RO215
3,150542,COSTÂNA,727531,33,150524,23,3,1,RO215
3,150551,PĂRHĂUŢI,727532,33,150524,23,3,1,RO215
3,150560,SÂRGHIEŞTI,727533,33,150524,23,3,1,RO215
3,150579,SOLONEŢ,727534,33,150524,23,3,1,RO215
2,150588,UDEŞTI,,33,332,3,3,1,RO215
3,150597,UDEŞTI,727535,33,150588,22,3,1,RO215
3,150604,CHILIŞENI,727536,33,150588,23,3,1,RO215
3,150613,LUNCUŞOARA,727537,33,150588,23,3,1,RO215
3,150622,MĂNĂSTIOARA,727538,33,150588,23,3,1,RO215
3,150631,PLĂVĂLARI,727539,33,150588,23,3,1,RO215
3,150640,POIENI-SUCEAVA,727541,33,150588,23,3,1,RO215
3,150659,RACOVA,727542,33,150588,23,3,1,RO215
3,150668,REUSENI,727543,33,150588,23,3,1,RO215
3,150677,RUŞII-MĂNĂSTIOARA,727544,33,150588,23,3,1,RO215
3,150686,SECURICENI,727546,33,150588,23,3,1,RO215
3,150695,ŞTIRBĂŢ,727547,33,150588,23,3,1,RO215
2,150702,ULMA,,33,332,3,3,1,RO215
3,150711,ULMA,727555,33,150702,22,3,1,RO215
3,150720,COSTILEVA,727556,33,150702,23,3,1,RO215
3,150739,LUPCINA,727557,33,150702,23,3,1,RO215
3,150748,MĂGURA,727558,33,150702,23,3,1,RO215
3,150757,NISIPITU,727559,33,150702,23,3,1,RO215
2,150766,VADU MOLDOVEI,,33,332,3,3,1,RO215
3,150775,VADU MOLDOVEI,727560,33,150766,22,3,1,RO215
3,150784,CĂMÂRZANI,727561,33,150766,23,3,1,RO215
3,150793,CIUMULEŞTI,727562,33,150766,23,3,1,RO215
3,150819,DUMBRĂVIŢA,727564,33,150766,23,3,1,RO215
3,150837,IONEASA,727567,33,150766,23,3,1,RO215
3,150846,MESTECENI,727568,33,150766,23,3,1,RO215
3,150855,MOVILENI,727569,33,150766,23,3,1,RO215
3,150864,NIGOTEŞTI,727571,33,150766,23,3,1,RO215
2,150891,VALEA MOLDOVEI,,33,332,3,3,1,RO215
3,150908,VALEA MOLDOVEI,727580,33,150891,22,3,1,RO215
3,150926,MIRONU,727581,33,150891,23,3,1,RO215
2,150935,VAMA,,33,332,3,3,1,RO215
3,150944,VAMA,727590,33,150935,22,3,1,RO215
3,150953,MOLID,727591,33,150935,23,3,1,RO215
3,150962,PRISACA DORNEI,727592,33,150935,23,3,1,RO215
3,150971,STRÂMTURA,727593,33,150935,23,3,1,RO215
2,150980,VATRA MOLDOVIŢEI,,33,332,3,3,1,RO215
3,150999,VATRA MOLDOVIŢEI,727595,33,150980,22,3,1,RO215
3,151004,CIUMÂRNA,727596,33,150980,23,3,1,RO215
3,151013,PALTINU,727597,33,150980,23,3,1,RO215
2,151022,VEREŞTI,,33,332,3,3,1,RO215
3,151031,VEREŞTI,727600,33,151022,22,3,1,RO215
3,151040,BURSUCENI,727601,33,151022,23,3,1,RO215
3,151059,COROCĂIEŞTI,727602,33,151022,23,3,1,RO215
3,151068,HANCEA,727603,33,151022,23,3,1,RO215
2,151077,VICOVU DE JOS,,33,332,3,3,1,RO215
3,151086,VICOVU DE JOS,727605,33,151077,22,3,1,RO215
2,151558,VOITINEL,,33,332,3,3,1,RO215
3,148907,VOITINEL,727282,33,151558,22,3,1,RO215
2,151120,VOLOVĂŢ,,33,332,3,3,1,RO215
3,151139,VOLOVĂŢ,727615,33,151120,22,3,1,RO215
2,151157,VULTUREŞTI,,33,332,3,3,1,RO215
3,151166,PLEŞEŞTI,727627,33,151157,22,3,1,RO215
3,151175,GIURGEŞTI,727621,33,151157,23,3,1,RO215
3,151184,HREAŢCA,727622,33,151157,23,3,1,RO215
3,151193,JACOTA,727623,33,151157,23,3,1,RO215
3,151200,MEREŞTI,727624,33,151157,23,3,1,RO215
3,151219,OSOI,727626,33,151157,23,3,1,RO215
3,151228,VALEA GLODULUI,727628,33,151157,23,3,1,RO215
3,151237,VULTUREŞTI,727620,33,151157,23,3,1,RO215
2,151246,ZAMOSTEA,,33,332,3,3,1,RO215
3,151255,ZAMOSTEA,727630,33,151246,22,3,1,RO215
3,151264,BADRAGI,727631,33,151246,23,3,1,RO215
3,151273,CIOMÂRTAN,727632,33,151246,23,3,1,RO215
3,151282,COJOCĂRENI,727633,33,151246,23,3,1,RO215
3,151291,CORPACI,727634,33,151246,23,3,1,RO215
3,151308,LUNCA,727636,33,151246,23,3,1,RO215
3,151317,NICANI,727637,33,151246,23,3,1,RO215
3,151326,RĂUŢENI,727638,33,151246,23,3,1,RO215
3,151335,TĂUTEŞTI,727639,33,151246,23,3,1,RO215
2,151344,ZVORIŞTEA,,33,332,3,3,1,RO215
3,151353,ZVORIŞTEA,727640,33,151344,22,3,1,RO215
3,151362,BUDA,727641,33,151344,23,3,1,RO215
3,151371,DEALU,727642,33,151344,23,3,1,RO215
3,151380,POIANA,727643,33,151344,23,3,1,RO215
3,151406,SLOBOZIA,727644,33,151344,23,3,1,RO215
3,151415,STÂNCA,727646,33,151344,23,3,1,RO215
3,151424,STÂNCUŢA,727647,33,151344,23,3,1,RO215
3,151399,ŞERBĂNEŞTI,727648,33,151344,23,3,1,RO215
1,341,JUDEŢUL TELEORMAN,,34,1,40,0,3,RO317
2,151790,MUNICIPIUL ALEXANDRIA,,34,341,1,1,3,RO317
3,151807,ALEXANDRIA,140002,34,151790,9,1,3,RO317
2,151870,MUNICIPIUL ROŞIORI DE VEDE,,34,341,4,1,3,RO317
3,151889,ROSIORI DE VEDE,145100,34,151870,9,1,3,RO317
2,151683,MUNICIPIUL TURNU MĂGURELE,,34,341,4,1,3,RO317
3,151692,TURNU MĂGURELE,145200,34,151683,9,1,3,RO317
2,151905,ORAŞ VIDELE,,34,341,2,1,3,RO317
3,151914,VIDELE,145300,34,151905,17,1,3,RO317
3,151923,COŞOAIA,145301,34,151905,19,1,3,RO317
2,151978,ORAŞ ZIMNICEA,,34,341,2,1,3,RO317
3,151987,ZIMNICEA,145400,34,151978,17,1,3,RO317
2,151996,BALACI,,34,341,3,3,3,RO317
3,152001,BALACI,147005,34,151996,22,3,3,RO317
3,152010,BURDENI,147006,34,151996,23,3,3,RO317
3,152029,TECUCI,147007,34,151996,23,3,3,RO317
2,152038,BĂBĂIŢA,,34,341,3,3,3,RO317
3,152047,BĂBĂIŢA,147010,34,152038,22,3,3,RO317
3,152074,MERIŞANI,147013,34,152038,23,3,3,RO317
2,155083,BECIU,,34,341,3,3,3,RO317
3,153641,BECIU,147257,34,155083,22,3,3,RO317
3,153650,BÂRSEŞTII DE JOS,147256,34,155083,23,3,3,RO317
3,153687,SMÂRDAN,147261,34,155083,23,3,3,RO317
2,155092,BEUCA,,34,341,3,3,3,RO317
3,152813,BEUCA,147121,34,155092,22,3,3,RO317
3,152840,PLOPI,147124,34,155092,23,3,3,RO317
2,152083,BLEJEŞTI,,34,341,3,3,3,RO317
3,152092,BLEJEŞTI,147015,34,152083,22,3,3,RO317
3,152109,BACIU,147016,34,152083,23,3,3,RO317
3,152118,SERICU,147017,34,152083,23,3,3,RO317
2,152127,BOGDANA,,34,341,3,3,3,RO317
3,152136,BOGDANA,147020,34,152127,22,3,3,RO317
3,152145,BROŞTEANCA,147021,34,152127,23,3,3,RO317
3,152154,ULMENI,147022,34,152127,23,3,3,RO317
3,152163,URLUIU,147023,34,152127,23,3,3,RO317
2,152172,BOTOROAGA,,34,341,3,3,3,RO317
3,152181,BOTOROAGA,147025,34,152172,22,3,3,RO317
3,152190,CĂLUGARU,147026,34,152172,23,3,3,RO317
3,152207,TÂRNAVA,147027,34,152172,23,3,3,RO317
3,152216,TUNARI,147028,34,152172,23,3,3,RO317
3,152225,VALEA CIREŞULUI,147029,34,152172,23,3,3,RO317
2,152234,BRAGADIRU,,34,341,3,3,3,RO317
3,152243,BRAGADIRU,147030,34,152234,22,3,3,RO317
2,152252,BRÂNCENI,,34,341,3,3,3,RO317
3,152261,BRÂNCENI,147035,34,152252,22,3,3,RO317
2,152270,BUJORENI,,34,341,3,3,3,RO317
3,152289,BUJORENI,147040,34,152270,22,3,3,RO317
3,152298,DĂRVAŞ,147041,34,152270,23,3,3,RO317
3,152305,PRUNARU,147042,34,152270,23,3,3,RO317
2,152314,BUJORU,,34,341,3,3,3,RO317
3,152323,BUJORU,147045,34,152314,22,3,3,RO317
2,152332,BUZESCU,,34,341,3,3,3,RO317
3,152341,BUZESCU,147050,34,152332,22,3,3,RO317
2,152350,CĂLINEŞTI,,34,341,3,3,3,RO317
3,152369,CĂLINEŞTI,147055,34,152350,22,3,3,RO317
3,152378,ANTONEŞTI,147056,34,152350,23,3,3,RO317
3,152387,COPĂCEANCA,147057,34,152350,23,3,3,RO317
3,152396,LICURICIU,147058,34,152350,23,3,3,RO317
3,152403,MARIŢA,147059,34,152350,23,3,3,RO317
2,152412,CĂLMĂŢUIU,,34,341,3,3,3,RO317
3,152421,CĂLMĂŢUIU,147060,34,152412,22,3,3,RO317
3,152430,BUJORU,147061,34,152412,23,3,3,RO317
3,152449,CARAVANEŢI,147062,34,152412,23,3,3,RO317
3,152458,NICOLAE BĂLCESCU,147063,34,152412,23,3,3,RO317
2,152467,CĂLMĂŢUIU DE SUS,,34,341,3,3,3,RO317
3,152476,CĂLMĂŢUIU DE SUS,147065,34,152467,22,3,3,RO317
3,152485,BĂCĂLEŞTI,147066,34,152467,23,3,3,RO317
3,152494,IONAŞCU,147067,34,152467,23,3,3,RO317
2,152500,CERVENIA,,34,341,3,3,3,RO317
3,152519,CERVENIA,147070,34,152500,22,3,3,RO317
2,152528,CIOLĂNEŞTI,,34,341,3,3,3,RO317
3,152537,CIOLĂNEŞTII DIN DEAL,147077,34,152528,22,3,3,RO317
3,152546,BALDOVINEŞTI,147076,34,152528,23,3,3,RO317
3,152555,CIOLĂNEŞTII DIN VALE,147078,34,152528,23,3,3,RO317
2,151709,CIUPERCENI,,34,341,3,3,3,RO317
3,151718,CIUPERCENI,147080,34,151709,22,3,3,RO317
3,151727,POIANA,147081,34,151709,23,3,3,RO317
2,152564,CONŢEŞTI,,34,341,3,3,3,RO317
3,152573,CONŢEŞTI,147085,34,152564,22,3,3,RO317
2,152582,COSMEŞTI,,34,341,3,3,3,RO317
3,152591,COSMEŞTI,147090,34,152582,22,3,3,RO317
3,152608,CIUPERCENI,147091,34,152582,23,3,3,RO317
2,152617,CRÂNGENI,,34,341,3,3,3,RO317
3,152626,CRÂNGENI,147095,34,152617,22,3,3,RO317
3,152635,BALTA SĂRATĂ,147096,34,152617,23,3,3,RO317
3,152644,DOROBANŢU,147097,34,152617,23,3,3,RO317
3,152653,STEJARU,147098,34,152617,23,3,3,RO317
2,152662,CRÂNGU,,34,341,3,3,3,RO317
3,152671,CRÂNGU,147100,34,152662,22,3,3,RO317
3,152706,SECARA,147103,34,152662,23,3,3,RO317
2,151932,CREVENICU,,34,341,3,3,3,RO317
3,151941,CREVENICU,147105,34,151932,22,3,3,RO317
3,151950,RĂDULEŞTI,147106,34,151932,23,3,3,RO317
2,152724,DIDEŞTI,,34,341,3,3,3,RO317
3,152733,DIDEŞTI,147110,34,152724,22,3,3,RO317
3,152742,ÎNSURĂŢEI,147111,34,152724,23,3,3,RO317
3,152751,SATU NOU,147112,34,152724,23,3,3,RO317
2,152760,DOBROTEŞTI,,34,341,3,3,3,RO317
3,152779,DOBROTEŞTI,147115,34,152760,22,3,3,RO317
3,152788,MERIŞANI,147116,34,152760,23,3,3,RO317
2,155109,DRACEA,,34,341,3,3,3,RO317
3,152680,DRACEA,147101,34,155109,22,3,3,RO317
3,152699,FLORICA,147102,34,155109,23,3,3,RO317
3,152715,ZLATA,147104,34,155109,23,3,3,RO317
2,152797,DRĂCŞENEI,,34,341,3,3,3,RO317
3,152804,DRĂCŞENEI,147120,34,152797,22,3,3,RO317
3,152822,DRĂCŞANI,147122,34,152797,23,3,3,RO317
3,152831,ODOBEASCA,147123,34,152797,23,3,3,RO317
3,152859,SATUL VECHI,147126,34,152797,23,3,3,RO317
2,152868,DRĂGĂNEŞTI DE VEDE,,34,341,3,3,3,RO317
3,152877,DRĂGĂNEŞTI DE VEDE,147130,34,152868,22,3,3,RO317
3,152886,MĂGURA CU LILIAC,147131,34,152868,23,3,3,RO317
3,152895,VĂCĂREŞTI,147132,34,152868,23,3,3,RO317
2,152902,DRĂGĂNEŞTI-VLAŞCA,,34,341,3,3,3,RO317
3,152911,DRĂGĂNEŞTI-VLAŞCA,147135,34,152902,22,3,3,RO317
3,152920,COMOARA,147136,34,152902,23,3,3,RO317
3,152939,VĂCENI,147137,34,152902,23,3,3,RO317
2,155118,FÂNTÂNELE,,34,341,3,3,3,RO317
3,154488,FÂNTÂNELE,147371,34,155118,22,3,3,RO317
2,155127,FRĂSINET,,34,341,3,3,3,RO317
3,152065,FRĂSINET,147012,34,155127,22,3,3,RO317
3,152056,CLĂNIŢA,147011,34,155127,23,3,3,RO317
2,152993,FRUMOASA,,34,341,3,3,3,RO317
3,153008,FRUMOASA,147140,34,152993,22,3,3,RO317
3,153017,PĂULEASCA,147141,34,152993,23,3,3,RO317
2,152948,FURCULEŞTI,,34,341,3,3,3,RO317
3,152957,FURCULEŞTI,147145,34,152948,22,3,3,RO317
3,152966,MOŞTENI,147146,34,152948,23,3,3,RO317
3,152975,SPĂTĂREI,147147,34,152948,23,3,3,RO317
3,152984,VOIEVODA,147148,34,152948,23,3,3,RO317
2,153026,GĂLĂTENI,,34,341,3,3,3,RO317
3,153035,GĂLĂTENI,147150,34,153026,22,3,3,RO317
3,153044,BÂSCOVENI,147151,34,153026,23,3,3,RO317
3,153053,GRĂDIŞTEANCA,147152,34,153026,23,3,3,RO317
2,153062,GRATIA,,34,341,3,3,3,RO317
3,153071,GRATIA,147155,34,153062,22,3,3,RO317
3,153080,CIURARI-DEAL,147156,34,153062,23,3,3,RO317
3,153099,DRĂGHINEŞTI,147157,34,153062,23,3,3,RO317
2,151736,ISLAZ,,34,341,3,3,3,RO317
3,151745,ISLAZ,147160,34,151736,22,3,3,RO317
3,151754,MOLDOVENI,147161,34,151736,23,3,3,RO317
2,153106,IZVOARELE,,34,341,3,3,3,RO317
3,153115,IZVOARELE,147165,34,153106,22,3,3,RO317
2,153124,LISA,,34,341,3,3,3,RO317
3,153133,LISA,147170,34,153124,22,3,3,RO317
3,153142,VÂNĂTORI,147171,34,153124,23,3,3,RO317
2,151763,LIŢA,,34,341,3,3,3,RO317
3,151772,LIŢA,147175,34,151763,22,3,3,RO317
2,153151,LUNCA,,34,341,3,3,3,RO317
3,153160,LUNCA,147180,34,153151,22,3,3,RO317
3,153188,PRUNDU,147182,34,153151,23,3,3,RO317
2,153204,MAVRODIN,,34,341,3,3,3,RO317
3,153213,MAVRODIN,147185,34,153204,22,3,3,RO317
2,153240,MĂGURA,,34,341,3,3,3,RO317
3,153259,MĂGURA,147190,34,153240,22,3,3,RO317
3,153268,GURUIENI,147191,34,153240,23,3,3,RO317
2,153277,MĂLDĂENI,,34,341,3,3,3,RO317
3,153286,MĂLDĂENI,147195,34,153277,22,3,3,RO317
2,153339,MÂRZĂNEŞTI,,34,341,3,3,3,RO317
3,153348,MÂRZĂNEŞTI,147200,34,153339,22,3,3,RO317
3,153357,CERNETU,147201,34,153339,23,3,3,RO317
3,153366,TELEORMANU,147202,34,153339,23,3,3,RO317
3,153375,VALEA PĂRULUI,147203,34,153339,23,3,3,RO317
2,153295,MERENI,,34,341,3,3,3,RO317
3,153302,MERENII DE JOS,147206,34,153295,22,3,3,RO317
3,153311,MERENII DE SUS,147207,34,153295,23,3,3,RO317
3,153320,ŞTEFENI,147208,34,153295,23,3,3,RO317
2,153384,MOŞTENI,,34,341,3,3,3,RO317
3,153393,MOŞTENI,147210,34,153384,22,3,3,RO317
2,151816,NANOV,,34,341,3,3,3,RO317
3,151825,NANOV,147215,34,151816,22,3,3,RO317
2,153400,NĂSTURELU,,34,341,3,3,3,RO317
3,153419,NĂSTURELU,147220,34,153400,22,3,3,RO317
3,153428,ZIMNICELE,147221,34,153400,23,3,3,RO317
2,153437,NECŞEŞTI,,34,341,3,3,3,RO317
3,153446,NECŞEŞTI,147225,34,153437,22,3,3,RO317
3,153455,BELCIUG,147226,34,153437,23,3,3,RO317
3,153464,GÂRDEŞTI,147227,34,153437,23,3,3,RO317
2,154996,NENCIULEŞTI,,34,341,3,3,3,RO317
3,153222,NENCIULEŞTI,147186,34,154996,22,3,3,RO317
3,153231,PĂRU ROTUND,147187,34,154996,23,3,3,RO317
2,153473,OLTENI,,34,341,3,3,3,RO317
3,153482,OLTENI,147230,34,153473,22,3,3,RO317
3,153491,PERII BROŞTENI,147231,34,153473,23,3,3,RO317
2,153507,ORBEASCA,,34,341,3,3,3,RO317
3,153516,ORBEASCA DE JOS,147237,34,153507,22,3,3,RO317
3,153525,LĂCENI,147236,34,153507,23,3,3,RO317
3,153534,ORBEASCA DE SUS,147238,34,153507,23,3,3,RO317
2,153543,PERETU,,34,341,3,3,3,RO317
3,153552,PERETU,147240,34,153543,22,3,3,RO317
2,153561,PIATRA,,34,341,3,3,3,RO317
3,153570,PIATRA,147245,34,153561,22,3,3,RO317
2,153589,PIETROŞANI,,34,341,3,3,3,RO317
3,153598,PIETROŞANI,147250,34,153589,22,3,3,RO317
2,153623,PLOPII-SLĂVITEŞTI,,34,341,3,3,3,RO317
3,153632,PLOPII-SLĂVITEŞTI,147255,34,153623,22,3,3,RO317
3,153669,BRÂNCOVEANCA,147258,34,153623,23,3,3,RO317
3,153678,DUDU,147259,34,153623,23,3,3,RO317
2,153605,PLOSCA,,34,341,3,3,3,RO317
3,153614,PLOSCA,147265,34,153605,22,3,3,RO317
2,153696,POENI,,34,341,3,3,3,RO317
3,153703,POENI,147270,34,153696,22,3,3,RO317
3,153712,BANOV,147271,34,153696,23,3,3,RO317
3,153721,BRĂTEŞTI,147272,34,153696,23,3,3,RO317
3,153730,CĂTUNU,147273,34,153696,23,3,3,RO317
3,153749,PREAJBA,147274,34,153696,23,3,3,RO317
3,153758,ŢĂVÂRLĂU,147276,34,153696,23,3,3,RO317
3,153767,VĂTAŞI,147277,34,153696,23,3,3,RO317
2,151834,POROSCHIA,,34,341,3,3,3,RO317
3,151843,POROSCHIA,147280,34,151834,22,3,3,RO317
3,151852,CALOMFIREŞTI,147281,34,151834,23,3,3,RO317
2,155136,PURANI,,34,341,3,3,3,RO317
3,154264,PURANII DE SUS,147348,34,155136,22,3,3,RO317
3,154255,PURANI,147347,34,155136,23,3,3,RO317
2,153829,PUTINEIU,,34,341,3,3,3,RO317
3,153838,PUTINEIU,147285,34,153829,22,3,3,RO317
3,153847,BĂDULEASA,147286,34,153829,23,3,3,RO317
3,153856,CÂRLOMANU,147287,34,153829,23,3,3,RO317
2,153865,RĂDOIEŞTI,,34,341,3,3,3,RO317
3,153874,RĂDOIEŞTI-VALE,147293,34,153865,22,3,3,RO317
3,153883,CETATEA,147291,34,153865,23,3,3,RO317
3,153892,RĂDOIEŞTI-DEAL,147292,34,153865,23,3,3,RO317
2,153909,RĂSMIREŞTI,,34,341,3,3,3,RO317
3,153918,RĂSMIREŞTI,147295,34,153909,22,3,3,RO317
3,153927,LUDĂNEASCA,147296,34,153909,23,3,3,RO317
2,155145,SAELELE,,34,341,3,3,3,RO317
3,153197,SAELELE,147183,34,155145,22,3,3,RO317
3,153179,PLEAŞOV,147181,34,155145,23,3,3,RO317
2,153936,SALCIA,,34,341,3,3,3,RO317
3,153945,SALCIA,147300,34,153936,22,3,3,RO317
3,153954,BĂNEASA,147301,34,153936,23,3,3,RO317
3,153963,TUDOR VLADIMIRESCU,147302,34,153936,23,3,3,RO317
2,153972,SĂCENI,,34,341,3,3,3,RO317
3,153981,SĂCENI,147305,34,153972,22,3,3,RO317
3,153990,BUTCULEŞTI,147306,34,153972,23,3,3,RO317
3,154004,CIURARI,147307,34,153972,23,3,3,RO317
2,154308,SÂRBENI,,34,341,3,3,3,RO317
3,154317,SÂRBENII DE JOS,147311,34,154308,22,3,3,RO317
3,154326,SÂRBENI,147310,34,154308,23,3,3,RO317
3,154335,UDENI,147312,34,154308,23,3,3,RO317
2,154013,SCRIOAŞTEA,,34,341,3,3,3,RO317
3,154022,SCRIOAŞTEA,147315,34,154013,22,3,3,RO317
3,154031,BREBINA,147316,34,154013,23,3,3,RO317
3,154040,CUCUEŢI,147317,34,154013,23,3,3,RO317
3,154059,VIILE,147318,34,154013,23,3,3,RO317
2,154068,SCURTU MARE,,34,341,3,3,3,RO317
3,154077,SCURTU MARE,147320,34,154068,22,3,3,RO317
3,154086,ALBENI,147321,34,154068,23,3,3,RO317
3,154095,DRĂCEŞTI,147322,34,154068,23,3,3,RO317
3,154102,NEGRILEŞTI,147323,34,154068,23,3,3,RO317
3,154111,SCURTU-SLĂVEŞTI,147324,34,154068,23,3,3,RO317
3,154120,VALEA POŞTEI,147326,34,154068,23,3,3,RO317
2,154139,SEACA,,34,341,3,3,3,RO317
3,154148,SEACA,147330,34,154139,22,3,3,RO317
3,154157,NĂVODARI,147331,34,154139,23,3,3,RO317
2,154184,SEGARCEA-VALE,,34,341,3,3,3,RO317
3,154193,SEGARCEA-VALE,147335,34,154184,22,3,3,RO317
3,154200,OLTEANCA,147336,34,154184,23,3,3,RO317
3,154219,SEGARCEA-DEAL,147337,34,154184,23,3,3,RO317
2,154166,SFINŢEŞTI,,34,341,3,3,3,RO317
3,154175,SFINŢEŞTI,147340,34,154166,22,3,3,RO317
2,154228,SILIŞTEA,,34,341,3,3,3,RO317
3,154237,SILIŞTEA,147345,34,154228,22,3,3,RO317
3,154246,BUTEŞTI,147346,34,154228,23,3,3,RO317
3,154273,SILIŞTEA MICĂ,147349,34,154228,23,3,3,RO317
2,154282,SILIŞTEA-GUMEŞTI,,34,341,3,3,3,RO317
3,154291,SILIŞTEA-GUMEŞTI,147350,34,154282,22,3,3,RO317
2,154344,SLOBOZIA MÂNDRA,,34,341,3,3,3,RO317
3,154353,SLOBOZIA MÂNDRA,147355,34,154344,22,3,3,RO317
2,154380,SMÂRDIOASA,,34,341,3,3,3,RO317
3,154399,SMÂRDIOASA,147360,34,154380,22,3,3,RO317
3,154406,ŞOIMU,147361,34,154380,23,3,3,RO317
2,154415,STEJARU,,34,341,3,3,3,RO317
3,154424,STEJARU,147365,34,154415,22,3,3,RO317
3,154433,BRATCOVU,147366,34,154415,23,3,3,RO317
3,154442,GRESIA,147367,34,154415,23,3,3,RO317
3,154451,SOCETU,147368,34,154415,23,3,3,RO317
2,154460,SUHAIA,,34,341,3,3,3,RO317
3,154479,SUHAIA,147370,34,154460,22,3,3,RO317
2,154497,ŞTOROBĂNEASA,,34,341,3,3,3,RO317
3,154503,ŞTOROBĂNEASA,147375,34,154497,22,3,3,RO317
3,154512,BEIU,147376,34,154497,23,3,3,RO317
2,154521,TALPA,,34,341,3,3,3,RO317
3,154530,TALPA-OGRĂZILE,147386,34,154521,22,3,3,RO317
3,154549,LINIA COSTII,147381,34,154521,23,3,3,RO317
3,154558,ROTĂREŞTI,147382,34,154521,23,3,3,RO317
3,154576,TALPA POŞTEI,147383,34,154521,23,3,3,RO317
3,154567,TALPA-BÂSCOVENI,147384,34,154521,23,3,3,RO317
2,154585,TĂTĂRĂŞTII DE JOS,,34,341,3,3,3,RO317
3,154594,TĂTĂRĂŞTII DE JOS,147390,34,154585,22,3,3,RO317
3,154601,LADA,147391,34,154585,23,3,3,RO317
3,154610,NEGRENI,147392,34,154585,23,3,3,RO317
3,154629,NEGRENII DE SUS,147393,34,154585,23,3,3,RO317
3,154638,NEGRENII-OSEBIŢI,147394,34,154585,23,3,3,RO317
3,154647,OBÂRTU,147396,34,154585,23,3,3,RO317
3,154656,SLĂVEŞTI,147397,34,154585,23,3,3,RO317
2,154665,TĂTĂRĂŞTII DE SUS,,34,341,3,3,3,RO317
3,154674,TĂTĂRĂŞTII DE SUS,147400,34,154665,22,3,3,RO317
3,154683,DOBRENI,147401,34,154665,23,3,3,RO317
3,154692,UDUPU,147402,34,154665,23,3,3,RO317
2,154736,TRAIAN,,34,341,3,3,3,RO317
3,154745,TRAIAN,147405,34,154736,22,3,3,RO317
2,154754,TRIVALEA-MOŞTENI,,34,341,3,3,3,RO317
3,154763,TRIVALEA-MOŞTENI,147410,34,154754,22,3,3,RO317
3,154772,BRĂTĂŞANI,147411,34,154754,23,3,3,RO317
3,154781,DEPARAŢI,147412,34,154754,23,3,3,RO317
2,154790,TROIANUL,,34,341,3,3,3,RO317
3,154807,TROIANUL,147415,34,154790,22,3,3,RO317
3,154816,DULCENI,147416,34,154790,23,3,3,RO317
3,154825,VATRA,147417,34,154790,23,3,3,RO317
2,154834,ŢIGĂNEŞTI,,34,341,3,3,3,RO317
3,154843,ŢIGĂNEŞTI,147420,34,154834,22,3,3,RO317
2,155154,UDA-CLOCOCIOV,,34,341,3,3,3,RO317
3,154362,UDA-CLOCOCIOV,147356,34,155154,22,3,3,RO317
3,154371,UDA-PACIUREA,147357,34,155154,23,3,3,RO317
2,154932,VÂRTOAPE,,34,341,3,3,3,RO317
3,154941,VÂRTOAPELE DE SUS,147428,34,154932,22,3,3,RO317
3,154950,GĂRĂGĂU,147426,34,154932,23,3,3,RO317
3,154969,VÂRTOAPELE DE JOS,147427,34,154932,23,3,3,RO317
2,154852,VEDEA,,34,341,3,3,3,RO317
3,154861,VEDEA,147430,34,154852,22,3,3,RO317
3,154870,ALBEŞTI,147431,34,154852,23,3,3,RO317
3,154889,COŞOTENI,147432,34,154852,23,3,3,RO317
3,154898,DULCEANCA,147433,34,154852,23,3,3,RO317
3,154905,MERI,147434,34,154852,23,3,3,RO317
2,154914,VIIŞOARA,,34,341,3,3,3,RO317
3,154923,VIIŞOARA,147435,34,154914,22,3,3,RO317
2,153776,VITĂNEŞTI,,34,341,3,3,3,RO317
3,153785,VITANESTI,147440,34,153776,22,3,3,RO317
3,153810,PURANI,147441,34,153776,23,3,3,RO317
3,153794,SCHITU POIENARI,147442,34,153776,23,3,3,RO317
3,153801,SILIŞTEA,147443,34,153776,23,3,3,RO317
2,154978,ZÂMBREASCA,,34,341,3,3,3,RO317
3,154987,ZÂMBREASCA,147445,34,154978,22,3,3,RO317
1,350,JUDEŢUL TIMIŞ,,35,1,40,0,5,RO424
2,155243,MUNICIPIUL TIMIŞOARA,,35,350,1,1,5,RO424
3,155252,TIMIŞOARA,300789,35,155243,9,1,5,RO424
2,155350,MUNICIPIUL LUGOJ,,35,350,4,1,5,RO424
3,155369,LUGOJ,305500,35,155350,9,1,5,RO424
3,155378,MĂGURI,305501,35,155350,11,1,5,RO424
3,155387,TAPIA,305502,35,155350,11,1,5,RO424
2,155403,ORAŞ BUZIAŞ,,35,350,2,1,5,RO424
3,155412,BUZIAŞ,305100,35,155403,17,1,5,RO424
3,155430,BACOVA,305101,35,155403,19,1,5,RO424
3,155421,SILAGIU,305102,35,155403,18,1,5,RO424
2,156357,ORAŞ CIACOVA,,35,350,2,1,5,RO424
3,156366,CIACOVA,307110,35,156357,17,1,5,RO424
3,156375,CEBZA,307111,35,156357,19,1,5,RO424
3,156400,MACEDONIA,307114,35,156357,19,1,5,RO424
3,156419,OBAD,307116,35,156357,19,1,5,RO424
3,156428,PETROMAN,307117,35,156357,19,1,5,RO424
2,155458,ORAŞ DETA,,35,350,2,1,5,RO424
3,155467,DETA,305200,35,155458,17,1,5,RO424
3,155476,OPATIŢA,305201,35,155458,19,1,5,RO424
2,156801,ORAŞ FĂGET,,35,350,2,1,5,RO424
3,156810,FĂGET,305300,35,156801,17,1,5,RO424
3,156829,BĂTEŞTI,305301,35,156801,19,1,5,RO424
3,156838,BEGHEIU MIC,305302,35,156801,19,1,5,RO424
3,156847,BICHIGI,305303,35,156801,19,1,5,RO424
3,156856,BRĂNEŞTI,305304,35,156801,19,1,5,RO424
3,156865,BUNEA MARE,305305,35,156801,19,1,5,RO424
3,156874,BUNEA MICĂ,305306,35,156801,19,1,5,RO424
3,156883,COLONIA MICĂ,305307,35,156801,19,1,5,RO424
3,156892,JUPÂNEŞTI,305308,35,156801,19,1,5,RO424
3,156909,POVÂRGINA,305309,35,156801,19,1,5,RO424
3,156918,TEMEREŞTI,305310,35,156801,19,1,5,RO424
2,157086,ORAŞ GĂTAIA,,35,350,2,1,5,RO424
3,157095,GĂTAIA,307185,35,157086,17,1,5,RO424
3,157120,BUTIN,307188,35,157086,19,1,5,RO424
3,157148,PERCOSOVA,307191,35,157086,19,1,5,RO424
3,157157,SCULIA,307193,35,157086,18,1,5,RO424
3,157175,ŞEMLACU MARE,307194,35,157086,19,1,5,RO424
3,157184,ŞEMLACU MIC,307196,35,157086,19,1,5,RO424
2,155494,ORAŞ JIMBOLIA,,35,350,2,1,5,RO424
3,155500,JIMBOLIA,305400,35,155494,17,1,5,RO424
2,158314,ORAŞ RECAŞ,,35,350,2,1,5,RO424
3,158323,RECAŞ,307340,35,158314,17,1,5,RO424
3,158332,BAZOŞ,307341,35,158314,19,1,5,RO424
3,158341,HERNEACOVA,307342,35,158314,19,1,5,RO424
3,158350,IZVIN,307343,35,158314,19,1,5,RO424
3,158369,NADĂŞ,307344,35,158314,19,1,5,RO424
3,158378,PETROVASELO,307346,35,158314,19,1,5,RO424
3,158387,STANCIOVA,307347,35,158314,19,1,5,RO424
2,155528,ORAŞ SÂNNICOLAU MARE,,35,350,2,1,5,RO424
3,155537,SÂNNICOLAU MARE,305600,35,155528,17,1,5,RO424
2,155546,BALINŢ,,35,350,3,3,5,RO424
3,155555,BALINŢ,307005,35,155546,22,3,5,RO424
3,155564,BODO,307006,35,155546,23,3,5,RO424
3,155573,FĂDIMAC,307007,35,155546,23,3,5,RO424
3,155582,TÂRGOVIŞTE,307008,35,155546,23,3,5,RO424
2,155591,BANLOC,,35,350,3,3,5,RO424
3,155608,BANLOC,307010,35,155591,22,3,5,RO424
3,155635,OFSENIŢA,307013,35,155591,23,3,5,RO424
3,155644,PARTOŞ,307014,35,155591,23,3,5,RO424
3,155653,SOCA,307016,35,155591,23,3,5,RO424
2,155662,BARA,,35,350,3,3,5,RO424
3,155671,BARA,307020,35,155662,22,3,5,RO424
3,155680,DOBREŞTI,307021,35,155662,23,3,5,RO424
3,155699,LĂPUŞNIC,307022,35,155662,23,3,5,RO424
3,155706,RĂDMĂNEŞTI,307023,35,155662,23,3,5,RO424
3,155715,SPATA,307024,35,155662,23,3,5,RO424
2,155957,BÂRNA,,35,350,3,3,5,RO424
3,155966,BÂRNA,307025,35,155957,22,3,5,RO424
3,155975,BOTEŞTI,307026,35,155957,23,3,5,RO424
3,155984,BOTINEŞTI,307027,35,155957,23,3,5,RO424
3,155993,DRINOVA,307028,35,155957,23,3,5,RO424
3,156008,JUREŞTI,307029,35,155957,23,3,5,RO424
3,156017,POGĂNEŞTI,307031,35,155957,23,3,5,RO424
3,156026,SĂRĂZANI,307032,35,155957,23,3,5,RO424
2,155724,BEBA VECHE,,35,350,3,3,5,RO424
3,155733,BEBA VECHE,307035,35,155724,22,3,5,RO424
3,155742,CHERESTUR,307036,35,155724,23,3,5,RO424
3,155751,PORDEANU,307037,35,155724,23,3,5,RO424
2,155760,BECICHERECU MIC,,35,350,3,3,5,RO424
3,155779,BECICHERECU MIC,307040,35,155760,22,3,5,RO424
2,155797,BELINŢ,,35,350,3,3,5,RO424
3,155804,BELINŢ,307045,35,155797,22,3,5,RO424
3,155813,BABŞA,307046,35,155797,23,3,5,RO424
3,155822,CHIZĂTĂU,307047,35,155797,23,3,5,RO424
3,155831,GRUNI,307048,35,155797,23,3,5,RO424
2,155840,BETHAUSEN,,35,350,3,3,5,RO424
3,155859,BETHAUSEN,307050,35,155840,22,3,5,RO424
3,155868,CLADOVA,307051,35,155840,23,3,5,RO424
3,155877,CLICIOVA,307052,35,155840,23,3,5,RO424
3,155886,CUTINA,307053,35,155840,23,3,5,RO424
3,155895,LEUCUŞEŞTI,307054,35,155840,23,3,5,RO424
3,155902,NEVRINCEA,307056,35,155840,23,3,5,RO424
2,155911,BILED,,35,350,3,3,5,RO424
3,155920,BILED,307060,35,155911,22,3,5,RO424
2,159366,BIRDA,,35,350,3,3,5,RO424
3,157111,BIRDA,307187,35,159366,22,3,5,RO424
3,157102,BERECUŢA,307186,35,159366,23,3,5,RO424
3,157139,MÂNĂSTIRE,307189,35,159366,23,3,5,RO424
3,157166,SÂNGEORGE,307192,35,159366,23,3,5,RO424
2,156035,BOGDA,,35,350,3,3,5,RO424
3,156044,BOGDA,307070,35,156035,22,3,5,RO424
3,156053,ALTRINGEN,307071,35,156035,23,3,5,RO424
3,156062,BUZAD,307072,35,156035,23,3,5,RO424
3,156071,CHARLOTENBURG,307073,35,156035,23,3,5,RO424
3,156080,COMEAT,307074,35,156035,23,3,5,RO424
3,156099,SINTAR,307076,35,156035,23,3,5,RO424
2,156106,BOLDUR,,35,350,3,3,5,RO424
3,156115,BOLDUR,307080,35,156106,22,3,5,RO424
3,156124,JABĂR,307081,35,156106,23,3,5,RO424
3,156133,OHABA-FORGACI,307082,35,156106,23,3,5,RO424
3,156142,SINERSIG,307083,35,156106,23,3,5,RO424
2,156151,BRESTOVĂŢ,,35,350,3,3,5,RO424
3,156160,BRESTOVĂŢ,307085,35,156151,22,3,5,RO424
3,156179,COŞARII,307086,35,156151,23,3,5,RO424
3,156188,HODOŞ,307087,35,156151,23,3,5,RO424
3,156197,LUCAREŢ,307088,35,156151,23,3,5,RO424
3,156204,TEŞ,307089,35,156151,23,3,5,RO424
2,159516,BUCOVĂŢ,,35,350,3,3,5,RO424
3,158421,BUCOVĂŢ,307352,35,159516,22,3,5,RO424
3,158412,BAZOŞU NOU,307351,35,159516,23,3,5,RO424
2,156213,CĂRPINIŞ,,35,350,3,3,5,RO424
3,156222,CĂRPINIŞ,307090,35,156213,22,3,5,RO424
3,156240,IECEA MICĂ,307092,35,156213,23,3,5,RO424
2,156259,CENAD,,35,350,3,3,5,RO424
3,156268,CENAD,307095,35,156259,22,3,5,RO424
2,156277,CENEI,,35,350,3,3,5,RO424
3,156286,CENEI,307100,35,156277,22,3,5,RO424
3,156295,BOBDA,307101,35,156277,23,3,5,RO424
2,159375,CHECEA,,35,350,3,3,5,RO424
3,156302,CHECEA,307102,35,159375,22,3,5,RO424
2,156311,CHEVEREŞU MARE,,35,350,3,3,5,RO424
3,156320,CHEVEREŞU MARE,307105,35,156311,22,3,5,RO424
3,156339,DRAGŞINA,307106,35,156311,23,3,5,RO424
3,156348,VUCOVA,307107,35,156311,23,3,5,RO424
2,156437,COMLOŞU MARE,,35,350,3,3,5,RO424
3,156446,COMLOŞU MARE,307120,35,156437,22,3,5,RO424
3,156455,COMLOŞU MIC,307121,35,156437,23,3,5,RO424
3,156464,LUNGA,307122,35,156437,23,3,5,RO424
2,156473,COŞTEIU,,35,350,3,3,5,RO424
3,156482,COŞTEIU,307125,35,156473,22,3,5,RO424
3,156491,HEZERIŞ,307126,35,156473,23,3,5,RO424
3,156507,PĂRU,307127,35,156473,23,3,5,RO424
3,156516,ŢIPARI,307128,35,156473,23,3,5,RO424
3,156525,VALEA LUNGĂ ROMÂNĂ,307129,35,156473,23,3,5,RO424
2,156534,CRICIOVA,,35,350,3,3,5,RO424
3,156543,CRICIOVA,307130,35,156534,22,3,5,RO424
3,156552,CIREŞU,307131,35,156534,23,3,5,RO424
3,156561,CIREŞU MIC,307132,35,156534,23,3,5,RO424
3,156570,JDIOARA,307133,35,156534,23,3,5,RO424
2,156589,CURTEA,,35,350,3,3,5,RO424
3,156598,CURTEA,307135,35,156589,22,3,5,RO424
3,156605,COŞAVA,307136,35,156589,23,3,5,RO424
3,156614,HOMOJDIA,307137,35,156589,23,3,5,RO424
2,156623,DAROVA,,35,350,3,3,5,RO424
3,156632,DAROVA,307140,35,156623,22,3,5,RO424
3,156641,HODOŞ,307141,35,156623,23,3,5,RO424
3,156650,SACOŞU MARE,307142,35,156623,23,3,5,RO424
2,156669,DENTA,,35,350,3,3,5,RO424
3,156678,DENTA,307145,35,156669,22,3,5,RO424
3,156687,BREŞTEA,307146,35,156669,23,3,5,RO424
3,156696,ROVINIŢA MARE,307147,35,156669,23,3,5,RO424
3,156703,ROVINIŢA MICĂ,307148,35,156669,23,3,5,RO424
2,159384,DUDEŞTII NOI,,35,350,3,3,5,RO424
3,155788,DUDEŞTII NOI,307041,35,159384,22,3,5,RO424
2,156712,DUDEŞTII VECHI,,35,350,3,3,5,RO424
3,156721,DUDEŞTII VECHI,307150,35,156712,22,3,5,RO424
3,156730,CHEGLEVICI,307151,35,156712,23,3,5,RO424
3,156749,COLONIA BULGARĂ,307152,35,156712,23,3,5,RO424
2,156767,DUMBRAVA,,35,350,3,3,5,RO424
3,156776,DUMBRAVA,307155,35,156767,22,3,5,RO424
3,156785,BUCOVĂŢ,307156,35,156767,23,3,5,RO424
3,156794,RĂCHITA,307157,35,156767,23,3,5,RO424
2,155261,DUMBRĂVIŢA,,35,350,3,3,5,RO424
3,155270,DUMBRĂVIŢA,307160,35,155261,22,3,5,RO424
2,156927,FÂRDEA,,35,350,3,3,5,RO424
3,156936,FÂRDEA,307165,35,156927,22,3,5,RO424
3,156945,DRĂGSINEŞTI,307166,35,156927,23,3,5,RO424
3,156954,GLADNA MONTANĂ,307167,35,156927,23,3,5,RO424
3,156963,GLADNA ROMÂNA,307168,35,156927,23,3,5,RO424
3,156972,HĂUZEŞTI,307169,35,156927,23,3,5,RO424
3,156981,MÂTNICU MIC,307171,35,156927,23,3,5,RO424
3,156990,ZOLT,307172,35,156927,23,3,5,RO424
2,159393,FIBIŞ,,35,350,3,3,5,RO424
3,157718,FIBIŞ,307272,35,159393,22,3,5,RO424
2,157004,FOENI,,35,350,3,3,5,RO424
3,157013,FOENI,307175,35,157004,22,3,5,RO424
3,157022,CRUCENI,307176,35,157004,23,3,5,RO424
2,157031,GAVOJDIA,,35,350,3,3,5,RO424
3,157040,GAVOJDIA,307180,35,157031,22,3,5,RO424
3,157059,JENA,307181,35,157031,23,3,5,RO424
3,157068,LUGOJEL,307182,35,157031,23,3,5,RO424
3,157077,SĂLBĂGEL,307183,35,157031,23,3,5,RO424
2,159400,GHILAD,,35,350,3,3,5,RO424
3,156393,GHILAD,307113,35,159400,22,3,5,RO424
3,156384,GAD,307112,35,159400,23,3,5,RO424
2,155289,GHIRODA,,35,350,3,3,5,RO424
3,155298,GHIRODA,307200,35,155289,22,3,5,RO424
3,155305,GIARMATA-VII,307201,35,155289,23,3,5,RO424
2,157193,GHIZELA,,35,350,3,3,5,RO424
3,157200,GHIZELA,307205,35,157193,22,3,5,RO424
3,157219,HISIAŞ,307206,35,157193,23,3,5,RO424
3,157228,PANIOVA,307207,35,157193,23,3,5,RO424
3,157237,ŞANOVIŢA,307208,35,157193,23,3,5,RO424
2,157246,GIARMATA,,35,350,3,3,5,RO424
3,157255,GIARMATA,307210,35,157246,22,3,5,RO424
3,157264,CERNETEAZ,307211,35,157246,23,3,5,RO424
2,157273,GIERA,,35,350,3,3,5,RO424
3,157282,GIERA,307215,35,157273,22,3,5,RO424
3,157291,GRĂNICERII,307216,35,157273,23,3,5,RO424
3,157308,TOAGER,307217,35,157273,23,3,5,RO424
2,155314,GIROC,,35,350,3,3,5,RO424
3,155323,GIROC,307220,35,155314,22,3,5,RO424
3,155332,CHIŞODA,307221,35,155314,23,3,5,RO424
2,157317,GIULVĂZ,,35,350,3,3,5,RO424
3,157326,GIULVĂZ,307225,35,157317,22,3,5,RO424
3,157335,CRAI NOU,307226,35,157317,23,3,5,RO424
3,157344,IVANDA,307227,35,157317,23,3,5,RO424
3,157353,RUDNA,307228,35,157317,23,3,5,RO424
2,159419,GOTTLOB,,35,350,3,3,5,RO424
3,157558,GOTTLOB,307251,35,159419,22,3,5,RO424
3,157576,VIZEJDIA,307252,35,159419,23,3,5,RO424
2,159428,IECEA MARE,,35,350,3,3,5,RO424
3,156231,IECEA MARE,307091,35,159428,22,3,5,RO424
2,157362,JAMU MARE,,35,350,3,3,5,RO424
3,157371,JAMU MARE,307230,35,157362,22,3,5,RO424
3,157380,CLOPODIA,307231,35,157362,23,3,5,RO424
3,157399,FERENDIA,307232,35,157362,23,3,5,RO424
3,157406,GHERMAN,307233,35,157362,23,3,5,RO424
3,157415,LĂŢUNAŞ,307234,35,157362,23,3,5,RO424
2,157424,JEBEL,,35,350,3,3,5,RO424
3,157433,JEBEL,307235,35,157424,22,3,5,RO424
2,157451,LENAUHEIM,,35,350,3,3,5,RO424
3,157460,LENAUHEIM,307240,35,157451,22,3,5,RO424
3,157479,BULGĂRUŞ,307241,35,157451,23,3,5,RO424
3,157488,GRABĂŢ,307242,35,157451,23,3,5,RO424
2,157497,LIEBLING,,35,350,3,3,5,RO424
3,157503,LIEBLING,307245,35,157497,22,3,5,RO424
3,157512,CERNA,307246,35,157497,23,3,5,RO424
3,157521,IOSIF,307247,35,157497,23,3,5,RO424
2,159491,LIVEZILE,,35,350,3,3,5,RO424
3,155626,LIVEZILE,307012,35,159491,22,3,5,RO424
3,155617,DOLAŢ,307011,35,159491,23,3,5,RO424
2,157530,LOVRIN,,35,350,3,3,5,RO424
3,157549,LOVRIN,307250,35,157530,22,3,5,RO424
2,157585,MARGINA,,35,350,3,3,5,RO424
3,157594,MARGINA,307260,35,157585,22,3,5,RO424
3,157601,BREAZOVA,307261,35,157585,23,3,5,RO424
3,157610,BULZA,307262,35,157585,23,3,5,RO424
3,157629,COŞEVIŢA,307263,35,157585,23,3,5,RO424
3,157638,COŞTEIU DE SUS,307264,35,157585,23,3,5,RO424
3,157647,GROŞI,307266,35,157585,23,3,5,RO424
3,157656,NEMEŞEŞTI,307267,35,157585,23,3,5,RO424
3,157665,SINTEŞTI,307268,35,157585,23,3,5,RO424
3,157674,ZORANI,307269,35,157585,23,3,5,RO424
2,157683,MAŞLOC,,35,350,3,3,5,RO424
3,157692,MAŞLOC,307270,35,157683,22,3,5,RO424
3,157709,ALIOŞ,307271,35,157683,23,3,5,RO424
3,157727,REMETEA MICĂ,307273,35,157683,23,3,5,RO424
2,157736,MĂNĂŞTIUR,,35,350,3,3,5,RO424
3,157745,MĂNĂŞTIUR,307275,35,157736,22,3,5,RO424
3,157754,PĂDURANI,307276,35,157736,23,3,5,RO424
3,157763,REMETEA-LUNCĂ,307277,35,157736,23,3,5,RO424
3,157772,TOPLA,307278,35,157736,23,3,5,RO424
2,157781,MORAVIŢA,,35,350,3,3,5,RO424
3,157790,MORAVIŢA,307280,35,157781,22,3,5,RO424
3,157807,DEJAN,307281,35,157781,23,3,5,RO424
3,157816,GAIU MIC,307282,35,157781,23,3,5,RO424
3,157825,STAMORA GERMANĂ,307283,35,157781,23,3,5,RO424
2,157834,MOŞNIŢA NOUĂ,,35,350,3,3,5,RO424
3,157843,MOŞNIŢA NOUĂ,307285,35,157834,22,3,5,RO424
3,157852,ALBINA,307286,35,157834,23,3,5,RO424
3,157861,MOŞNIŢA VECHE,307287,35,157834,23,3,5,RO424
3,157870,RUDICICA,307288,35,157834,23,3,5,RO424
3,157889,URSENI,307289,35,157834,23,3,5,RO424
2,157898,NĂDRAG,,35,350,3,3,5,RO424
3,157905,NĂDRAG,307290,35,157898,22,3,5,RO424
3,157914,CRIVINA,307291,35,157898,23,3,5,RO424
2,157923,NIŢCHIDORF,,35,350,3,3,5,RO424
3,157932,NIŢCHIDORF,307295,35,157923,22,3,5,RO424
3,157941,BLAJOVA,307296,35,157923,23,3,5,RO424
3,157950,DUBOZ,307297,35,157923,23,3,5,RO424
2,157969,OHABA LUNGĂ,,35,350,3,3,5,RO424
3,157978,OHABA LUNGĂ,307300,35,157969,22,3,5,RO424
3,157987,DUBEŞTI,307301,35,157969,23,3,5,RO424
3,157996,IERŞNIC,307302,35,157969,23,3,5,RO424
3,158001,OHABA ROMÂNĂ,307303,35,157969,23,3,5,RO424
2,158010,ORŢIŞOARA,,35,350,3,3,5,RO424
3,158029,ORŢIŞOARA,307305,35,158010,22,3,5,RO424
3,158038,CĂLACEA,307306,35,158010,23,3,5,RO424
3,158047,CORNEŞTI,307307,35,158010,23,3,5,RO424
3,158056,SECEANI,307308,35,158010,23,3,5,RO424
2,159525,OTELEC,,35,350,3,3,5,RO424
3,159179,OTELEC,307447,35,159525,22,3,5,RO424
3,159160,IOHANISFELD,307446,35,159525,23,3,5,RO424
2,159437,PARŢA,,35,350,3,3,5,RO424
3,158797,PARŢA,307396,35,159437,22,3,5,RO424
2,159446,PĂDURENI,,35,350,3,3,5,RO424
3,157442,PĂDURENI,307236,35,159446,22,3,5,RO424
2,158065,PECIU NOU,,35,350,3,3,5,RO424
3,158074,PECIU NOU,307310,35,158065,22,3,5,RO424
3,158083,DINIAŞ,307311,35,158065,23,3,5,RO424
3,158092,SÂNMARTINU SÂRBESC,307312,35,158065,23,3,5,RO424
2,158109,PERIAM,,35,350,3,3,5,RO424
3,158118,PERIAM,307315,35,158109,22,3,5,RO424
2,159507,PESAC,,35,350,3,3,5,RO424
3,158127,PESAC,307316,35,159507,22,3,5,RO424
2,158136,PIETROASA,,35,350,3,3,5,RO424
3,158145,PIETROASA,307320,35,158136,22,3,5,RO424
3,158154,CRIVINA DE SUS,307321,35,158136,23,3,5,RO424
3,158163,FĂRĂŞEŞTI,307322,35,158136,23,3,5,RO424
3,158172,POIENI,307323,35,158136,23,3,5,RO424
2,158181,PIŞCHIA,,35,350,3,3,5,RO424
3,158190,PIŞCHIA,307325,35,158181,22,3,5,RO424
3,158207,BENCECU DE JOS,307326,35,158181,23,3,5,RO424
3,158216,BENCECU DE SUS,307327,35,158181,23,3,5,RO424
3,158225,MURANI,307328,35,158181,23,3,5,RO424
3,158234,SĂLCIUA NOUĂ,307329,35,158181,23,3,5,RO424
2,158243,RACOVIŢA,,35,350,3,3,5,RO424
3,158252,RACOVIŢA,307330,35,158243,22,3,5,RO424
3,158261,CĂPĂT,307331,35,158243,23,3,5,RO424
3,158270,DRĂGOIEŞTI,307332,35,158243,23,3,5,RO424
3,158289,FICĂTAR,307333,35,158243,23,3,5,RO424
3,158298,HITIAŞ,307334,35,158243,23,3,5,RO424
3,158305,SÂRBOVA,307336,35,158243,23,3,5,RO424
2,158396,REMETEA MARE,,35,350,3,3,5,RO424
3,158403,REMETEA MARE,307350,35,158396,22,3,5,RO424
3,158430,IANOVA,307353,35,158396,23,3,5,RO424
2,158449,SACOŞU TURCESC,,35,350,3,3,5,RO424
3,158458,SACOŞU TURCESC,307355,35,158449,22,3,5,RO424
3,158467,BERINI,307356,35,158449,23,3,5,RO424
3,158476,ICLODA,307357,35,158449,23,3,5,RO424
3,158485,OTVEŞTI,307358,35,158449,23,3,5,RO424
3,158494,STAMORA ROMÂNĂ,307359,35,158449,23,3,5,RO424
3,158500,ULIUC,307361,35,158449,23,3,5,RO424
3,158519,UNIP,307362,35,158449,23,3,5,RO424
2,159455,SARAVALE,,35,350,3,3,5,RO424
3,158760,SARAVALE,307387,35,159455,22,3,5,RO424
2,158528,SATCHINEZ,,35,350,3,3,5,RO424
3,158537,SATCHINEZ,307365,35,158528,22,3,5,RO424
3,158546,BĂRĂTEAZ,307366,35,158528,23,3,5,RO424
3,158555,HODONI,307367,35,158528,23,3,5,RO424
2,158564,SĂCĂLAZ,,35,350,3,3,5,RO424
3,158573,SĂCĂLAZ,307370,35,158564,22,3,5,RO424
3,158582,BEREGSĂU MARE,307371,35,158564,23,3,5,RO424
3,158591,BEREGSĂU MIC,307372,35,158564,23,3,5,RO424
2,158653,SÂNANDREI,,35,350,3,3,5,RO424
3,158662,SÂNANDREI,307375,35,158653,22,3,5,RO424
3,158671,CARANI,307376,35,158653,23,3,5,RO424
3,158680,COVACI,307377,35,158653,23,3,5,RO424
2,158699,SÂNMIHAIU ROMÂN,,35,350,3,3,5,RO424
3,158706,SÂNMIHAIU ROMÂN,307380,35,158699,22,3,5,RO424
3,158715,SÂNMIHAIU GERMAN,307381,35,158699,23,3,5,RO424
3,158724,UTVIN,307382,35,158699,23,3,5,RO424
2,158733,SÂNPETRU MARE,,35,350,3,3,5,RO424
3,158742,SÂNPETRU MARE,307385,35,158733,22,3,5,RO424
3,158751,IGRIŞ,307386,35,158733,23,3,5,RO424
2,158608,SECAŞ,,35,350,3,3,5,RO424
3,158617,SECAŞ,307390,35,158608,22,3,5,RO424
3,158626,CHECHEŞ,307391,35,158608,23,3,5,RO424
3,158635,CRIVOBARA,307392,35,158608,23,3,5,RO424
3,158644,VIZMA,307393,35,158608,23,3,5,RO424
2,158779,ŞAG,,35,350,3,3,5,RO424
3,158788,ŞAG,307395,35,158779,22,3,5,RO424
2,159464,ŞANDRA,,35,350,3,3,5,RO424
3,155939,ŞANDRA,307065,35,159464,22,3,5,RO424
3,155948,UIHEI,307061,35,159464,23,3,5,RO424
2,158804,ŞTIUCA,,35,350,3,3,5,RO424
3,158813,ŞTIUCA,307400,35,158804,22,3,5,RO424
3,158822,DRAGOMIREŞTI,307401,35,158804,23,3,5,RO424
3,158831,OLOŞAG,307402,35,158804,23,3,5,RO424
3,158840,ZGRIBEŞTI,307403,35,158804,23,3,5,RO424
2,158859,TEREMIA MARE,,35,350,3,3,5,RO424
3,158868,TEREMIA MARE,307405,35,158859,22,3,5,RO424
3,158877,NERĂU,307406,35,158859,23,3,5,RO424
3,158886,TEREMIA MICĂ,307407,35,158859,23,3,5,RO424
2,158895,TOMEŞTI,,35,350,3,3,5,RO424
3,158902,TOMEŞTI,307410,35,158895,22,3,5,RO424
3,158911,BALOŞEŞTI,307411,35,158895,23,3,5,RO424
3,158920,COLONIA FABRICII,307412,35,158895,23,3,5,RO424
3,158939,LUNCANII DE JOS,307413,35,158895,23,3,5,RO424
3,158948,LUNCANII DE SUS,307414,35,158895,23,3,5,RO424
3,158957,ROMÂNEŞTI,307416,35,158895,23,3,5,RO424
2,159473,TOMNATIC,,35,350,3,3,5,RO424
3,157567,TOMNATIC,307255,35,159473,22,3,5,RO424
2,158966,TOPOLOVĂŢU MARE,,35,350,3,3,5,RO424
3,158975,TOPOLOVĂŢU MARE,307420,35,158966,22,3,5,RO424
3,158984,CRALOVĂŢ,307421,35,158966,23,3,5,RO424
3,158993,ICTAR-BUDINŢI,307422,35,158966,23,3,5,RO424
3,159008,IOSIFALĂU,307423,35,158966,23,3,5,RO424
3,159017,SUŞTRA,307424,35,158966,23,3,5,RO424
3,159026,TOPOLOVĂŢU MIC,307426,35,158966,23,3,5,RO424
2,159035,TORMAC,,35,350,3,3,5,RO424
3,159044,TORMAC,307430,35,159035,22,3,5,RO424
3,159053,CADAR,307431,35,159035,23,3,5,RO424
3,159062,ŞIPET,307432,35,159035,23,3,5,RO424
2,159071,TRAIAN VUIA,,35,350,3,3,5,RO424
3,159080,SUDRIAŞ,307438,35,159071,22,3,5,RO424
3,159099,JUPANI,307436,35,159071,23,3,5,RO424
3,159106,SĂCENI,307437,35,159071,23,3,5,RO424
3,159115,SURDUCU MIC,307439,35,159071,23,3,5,RO424
3,159124,SUSANI,307441,35,159071,23,3,5,RO424
3,159133,TRAIAN VUIA,307435,35,159071,23,3,5,RO424
2,159142,UIVAR,,35,350,3,3,5,RO424
3,159151,UIVAR,307445,35,159142,22,3,5,RO424
3,159188,PUSTINIŞ,307448,35,159142,23,3,5,RO424
3,159197,RĂUŢI,307449,35,159142,23,3,5,RO424
3,159204,SÂNMARTINU MAGHIAR,307451,35,159142,23,3,5,RO424
2,159213,VARIAŞ,,35,350,3,3,5,RO424
3,159222,VARIAŞ,307455,35,159213,22,3,5,RO424
3,159231,GELU,307456,35,159213,23,3,5,RO424
3,159240,SÂNPETRU MIC,307457,35,159213,23,3,5,RO424
2,159482,VĂLCANI,,35,350,3,3,5,RO424
3,156758,VĂLCANI,307153,35,159482,22,3,5,RO424
2,159259,VICTOR VLAD DELAMARINA,,35,350,3,3,5,RO424
3,159268,VICTOR VLAD DELAMARINA,307460,35,159259,22,3,5,RO424
3,159277,HERENDEŞTI,307461,35,159259,23,3,5,RO424
3,159286,HONORICI,307462,35,159259,23,3,5,RO424
3,159295,PĂDURENI,307463,35,159259,23,3,5,RO424
3,159302,PETROASA MARE,307464,35,159259,23,3,5,RO424
3,159311,PINI,307466,35,159259,23,3,5,RO424
3,159320,VIŞAG,307467,35,159259,23,3,5,RO424
2,159339,VOITEG,,35,350,3,3,5,RO424
3,159348,VOITEG,307470,35,159339,22,3,5,RO424
3,159357,FOLEA,307471,35,159339,23,3,5,RO424
1,369,JUDEŢUL TULCEA,,36,1,40,0,2,RO225
2,159614,MUNICIPIUL TULCEA,,36,369,1,1,2,RO225
3,159623,TULCEA,820009,36,159614,9,1,2,RO225
3,159632,TUDOR VLADIMIRESCU,820001,36,159614,10,1,2,RO225
2,159650,ORAŞ BABADAG,,36,369,2,1,2,RO225
3,159669,BABADAG,825100,36,159650,17,1,2,RO225
2,159687,ORAŞ ISACCEA,,36,369,2,1,2,RO225
3,159696,ISACCEA,825200,36,159687,17,1,2,RO225
3,159712,REVĂRSAREA,825201,36,159687,18,1,2,RO225
3,159703,TICHILEŞTI,825202,36,159687,18,1,2,RO225
2,159730,ORAŞ MĂCIN,,36,369,2,1,2,RO225
3,159749,MĂCIN,825300,36,159730,17,1,2,RO225
2,159767,ORAŞ SULINA,,36,369,2,1,2,RO225
3,159776,SULINA,825400,36,159767,17,1,2,RO225
2,159785,BAIA,,36,369,3,3,2,RO225
3,159794,BAIA,827005,36,159785,22,3,2,RO225
3,159801,CAMENA,827006,36,159785,23,3,2,RO225
3,159810,CAUGAGIA,827007,36,159785,23,3,2,RO225
3,159829,CEAMURLIA DE SUS,827008,36,159785,23,3,2,RO225
3,159838,PANDURU,827009,36,159785,23,3,2,RO225
2,159847,BEIDAUD,,36,369,3,3,2,RO225
3,159856,BEIDAUD,827010,36,159847,22,3,2,RO225
3,159865,NEATÂRNAREA,827011,36,159847,23,3,2,RO225
3,159874,SARIGHIOL DE DEAL,827012,36,159847,23,3,2,RO225
2,161552,BEŞTEPE,,36,369,3,3,2,RO225
3,160760,BEŞTEPE,827133,36,161552,22,3,2,RO225
3,160742,BĂLTENII DE JOS,827131,36,161552,23,3,2,RO225
3,160751,BĂLTENII DE SUS,827132,36,161552,23,3,2,RO225
2,159883,C.A.ROSETTI,,36,369,3,3,2,RO225
3,159892,C.A.ROSETTI,827015,36,159883,22,3,2,RO225
3,159909,CARDON,827016,36,159883,23,3,2,RO225
3,159918,LETEA,827017,36,159883,23,3,2,RO225
3,159927,PERIPRAVA,827018,36,159883,23,3,2,RO225
3,159936,SFIŞTOFCA,827019,36,159883,23,3,2,RO225
2,159945,CARCALIU,,36,369,3,3,2,RO225
3,159954,CARCALIU,827020,36,159945,22,3,2,RO225
2,159963,CASIMCEA,,36,369,3,3,2,RO225
3,159972,CASIMCEA,827025,36,159963,22,3,2,RO225
3,159981,CIŞMEAUA NOUĂ,827026,36,159963,23,3,2,RO225
3,159990,CORUGEA,827027,36,159963,23,3,2,RO225
3,160001,HAIDAR,827028,36,159963,23,3,2,RO225
3,160010,RAHMAN,827029,36,159963,23,3,2,RO225
3,160029,RĂZBOIENI,827031,36,159963,23,3,2,RO225
3,160038,STÂNCA,827032,36,159963,23,3,2,RO225
2,160092,CEAMURLIA DE JOS,,36,369,3,3,2,RO225
3,160109,CEAMURLIA DE JOS,827035,36,160092,22,3,2,RO225
3,160118,LUNCA,827036,36,160092,23,3,2,RO225
2,160047,CEATALCHIOI,,36,369,3,3,2,RO225
3,160056,CEATALCHIOI,827040,36,160047,22,3,2,RO225
3,160065,PĂTLĂGEANCA,827041,36,160047,23,3,2,RO225
3,160074,PLAURU,827042,36,160047,23,3,2,RO225
3,160083,SĂLCENI,827043,36,160047,23,3,2,RO225
2,160127,CERNA,,36,369,3,3,2,RO225
3,160136,CERNA,827045,36,160127,22,3,2,RO225
3,160145,GENERAL PRAPORGESCU,827046,36,160127,23,3,2,RO225
3,160154,MIRCEA VODĂ,827047,36,160127,23,3,2,RO225
3,160163,TRAIAN,827048,36,160127,23,3,2,RO225
2,160172,CHILIA VECHE,,36,369,3,3,2,RO225
3,160181,CHILIA VECHE,827050,36,160172,22,3,2,RO225
3,160190,CÂŞLIŢA,827051,36,160172,23,3,2,RO225
3,160207,OSTROVU TĂTARU,827052,36,160172,23,3,2,RO225
3,160216,TATANIR,827053,36,160172,23,3,2,RO225
2,160225,CIUCUROVA,,36,369,3,3,2,RO225
3,160234,CIUCUROVA,827055,36,160225,22,3,2,RO225
3,160243,ATMAGEA,827056,36,160225,23,3,2,RO225
3,160252,FÂNTÂNA MARE,827057,36,160225,23,3,2,RO225
2,160261,CRIŞAN,,36,369,3,3,2,RO225
3,160270,CRIŞAN,827060,36,160261,22,3,2,RO225
3,160289,CARAORMAN,827061,36,160261,23,3,2,RO225
3,160298,MILA 23,827062,36,160261,23,3,2,RO225
2,160305,DĂENI,,36,369,3,3,2,RO225
3,160314,DĂENI,827065,36,160305,22,3,2,RO225
2,160323,DOROBANŢU,,36,369,3,3,2,RO225
3,160332,DOROBANŢU,827070,36,160323,22,3,2,RO225
3,160341,ARDEALU,827071,36,160323,23,3,2,RO225
3,160350,CÂRJELARI,827072,36,160323,23,3,2,RO225
3,160369,FÂNTÂNA OILOR,827073,36,160323,23,3,2,RO225
3,160378,MEŞTERU,827074,36,160323,23,3,2,RO225
2,160387,FRECĂŢEI,,36,369,3,3,2,RO225
3,160396,FRECĂŢEI,827075,36,160387,22,3,2,RO225
3,160403,CATALOI,827076,36,160387,23,3,2,RO225
3,160412,POŞTA,827077,36,160387,23,3,2,RO225
3,160421,TELIŢA,827078,36,160387,23,3,2,RO225
2,160430,GRECI,,36,369,3,3,2,RO225
3,160449,GRECI,827080,36,160430,22,3,2,RO225
2,160458,GRINDU,,36,369,3,3,2,RO225
3,160467,GRINDU,827085,36,160458,22,3,2,RO225
2,160476,HAMCEARCA,,36,369,3,3,2,RO225
3,160485,HAMCEARCA,827090,36,160476,22,3,2,RO225
3,160494,BALABANCEA,827091,36,160476,23,3,2,RO225
3,160500,CĂPRIOARA,827092,36,160476,23,3,2,RO225
3,160519,NIFON,827093,36,160476,23,3,2,RO225
2,160528,HORIA,,36,369,3,3,2,RO225
3,160537,HORIA,827095,36,160528,22,3,2,RO225
3,160546,CLOŞCA,827096,36,160528,23,3,2,RO225
3,160555,FLOREŞTI,827097,36,160528,23,3,2,RO225
2,161525,I.C.BRĂTIANU,,36,369,3,3,2,RO225
3,161534,I.C.BRĂTIANU,827100,36,161525,22,3,2,RO225
2,160564,IZVOARELE,,36,369,3,3,2,RO225
3,160573,IZVOARELE,827105,36,160564,22,3,2,RO225
3,160582,ALBA,827106,36,160564,23,3,2,RO225
3,160591,IULIA,827107,36,160564,23,3,2,RO225
2,160617,JIJILA,,36,369,3,3,2,RO225
3,160626,JIJILA,827110,36,160617,22,3,2,RO225
3,160635,GARVĂN,827111,36,160617,23,3,2,RO225
2,160644,JURILOVCA,,36,369,3,3,2,RO225
3,160653,JURILOVCA,827115,36,160644,22,3,2,RO225
3,160671,SĂLCIOARA,827116,36,160644,23,3,2,RO225
3,160662,VIŞINA,827117,36,160644,23,3,2,RO225
2,160680,LUNCAVIŢA,,36,369,3,3,2,RO225
3,160699,LUNCAVIŢA,827120,36,160680,22,3,2,RO225
3,160706,RACHELU,827121,36,160680,23,3,2,RO225
2,160724,MAHMUDIA,,36,369,3,3,2,RO225
3,160733,MAHMUDIA,827130,36,160724,22,3,2,RO225
2,160779,MALIUC,,36,369,3,3,2,RO225
3,160788,MALIUC,827135,36,160779,22,3,2,RO225
3,160804,GORGOVA,827136,36,160779,23,3,2,RO225
3,160797,ILGANII DE SUS,827137,36,160779,23,3,2,RO225
3,160813,PARTIZANI,827138,36,160779,23,3,2,RO225
3,160822,VULTURU,827139,36,160779,23,3,2,RO225
2,160831,MIHAI BRAVU,,36,369,3,3,2,RO225
3,160840,MIHAI BRAVU,827140,36,160831,22,3,2,RO225
3,160859,SATU NOU,827141,36,160831,23,3,2,RO225
3,160868,TURDA,827142,36,160831,23,3,2,RO225
2,160877,MIHAIL KOGĂLNICEANU,,36,369,3,3,2,RO225
3,160886,MIHAIL KOGĂLNICEANU,827145,36,160877,22,3,2,RO225
3,160895,LĂSTUNI,827146,36,160877,23,3,2,RO225
3,160902,RÂNDUNICA,827147,36,160877,23,3,2,RO225
2,160911,MURIGHIOL,,36,369,3,3,2,RO225
3,160920,MURIGHIOL,827150,36,160911,22,3,2,RO225
3,160939,COLINA,827151,36,160911,23,3,2,RO225
3,160948,DUNAVĂŢU DE JOS,827152,36,160911,23,3,2,RO225
3,160957,DUNAVĂŢU DE SUS,827153,36,160911,23,3,2,RO225
3,160966,PLOPUL,827154,36,160911,23,3,2,RO225
3,160975,SARINASUF,827156,36,160911,23,3,2,RO225
3,160984,UZLINA,827157,36,160911,23,3,2,RO225
2,160993,NALBANT,,36,369,3,3,2,RO225
3,161008,NALBANT,827160,36,160993,22,3,2,RO225
3,161017,NICOLAE BĂLCESCU,827161,36,160993,23,3,2,RO225
3,161026,TRESTENIC,827162,36,160993,23,3,2,RO225
2,161035,NICULIŢEL,,36,369,3,3,2,RO225
3,161044,NICULIŢEL,827165,36,161035,22,3,2,RO225
2,161053,NUFĂRU,,36,369,3,3,2,RO225
3,161062,NUFĂRU,827170,36,161053,22,3,2,RO225
3,161071,ILGANII DE JOS,827171,36,161053,23,3,2,RO225
3,161080,MALCOCI,827172,36,161053,23,3,2,RO225
3,161099,VICTORIA,827173,36,161053,23,3,2,RO225
2,161106,OSTROV,,36,369,3,3,2,RO225
3,161115,OSTROV,827175,36,161106,22,3,2,RO225
3,161124,PIATRA,827176,36,161106,23,3,2,RO225
2,161133,PARDINA,,36,369,3,3,2,RO225
3,161142,PARDINA,827180,36,161133,22,3,2,RO225
2,161151,PECENEAGA,,36,369,3,3,2,RO225
3,161160,PECENEAGA,827185,36,161151,22,3,2,RO225
2,161179,SARICHIOI,,36,369,3,3,2,RO225
3,161188,SARICHIOI,827190,36,161179,22,3,2,RO225
3,161197,ENISALA,827191,36,161179,23,3,2,RO225
3,161204,SABANGIA,827192,36,161179,23,3,2,RO225
3,161213,VISTERNA,827193,36,161179,23,3,2,RO225
3,161222,ZEBIL,827194,36,161179,23,3,2,RO225
2,161231,SFÂNTU GHEORGHE,,36,369,3,3,2,RO225
3,161240,SFÂNTU GHEORGHE,827195,36,161231,22,3,2,RO225
2,161259,SLAVA CERCHEZĂ,,36,369,3,3,2,RO225
3,161268,SLAVA CERCHEZĂ,827200,36,161259,22,3,2,RO225
3,161277,SLAVA RUSĂ,827201,36,161259,23,3,2,RO225
2,161286,SMÂRDAN,,36,369,3,3,2,RO225
3,161295,SMÂRDAN,827205,36,161286,22,3,2,RO225
2,161302,SOMOVA,,36,369,3,3,2,RO225
3,161311,SOMOVA,827210,36,161302,22,3,2,RO225
3,161320,MINERI,827211,36,161302,23,3,2,RO225
3,161339,PARCHEŞ,827212,36,161302,23,3,2,RO225
2,161348,STEJARU,,36,369,3,3,2,RO225
3,161357,STEJARU,827215,36,161348,22,3,2,RO225
3,161366,MINA ALTÂN TEPE,827216,36,161348,23,3,2,RO225
3,161375,VASILE ALECSANDRI,827217,36,161348,23,3,2,RO225
2,161384,TOPOLOG,,36,369,3,3,2,RO225
3,161393,TOPOLOG,827220,36,161384,22,3,2,RO225
3,161400,CALFA,827221,36,161384,23,3,2,RO225
3,161419,CERBU,827222,36,161384,23,3,2,RO225
3,161428,FĂGĂRAŞU NOU,827223,36,161384,23,3,2,RO225
3,161437,LUMINIŢA,827224,36,161384,23,3,2,RO225
3,161446,MĂGURELE,827226,36,161384,23,3,2,RO225
3,161455,SÂMBĂTA NOUĂ,827227,36,161384,23,3,2,RO225
2,161464,TURCOAIA,,36,369,3,3,2,RO225
3,161473,TURCOAIA,827230,36,161464,22,3,2,RO225
2,161482,VALEA NUCARILOR,,36,369,3,3,2,RO225
3,161491,VALEA NUCARILOR,827235,36,161482,22,3,2,RO225
3,161507,AGIGHIOL,827236,36,161482,23,3,2,RO225
3,161516,IAZURILE,827237,36,161482,23,3,2,RO225
2,161561,VALEA TEILOR,,36,369,3,3,2,RO225
3,160608,VALEA TEILOR,827108,36,161561,22,3,2,RO225
2,161543,VĂCĂRENI,,36,369,3,3,2,RO225
3,160715,VĂCĂRENI,827125,36,161543,22,3,2,RO225
1,378,JUDEŢUL VASLUI,,37,1,40,0,1,RO216
2,161945,MUNICIPIUL VASLUI,,37,378,1,1,1,RO216
3,161954,VASLUI,730040,37,161945,9,1,1,RO216
3,161963,BAHNARI,730001,37,161945,10,1,1,RO216
3,161972,BRODOC,730002,37,161945,10,1,1,RO216
3,161981,MOARA GRECILOR,730003,37,161945,10,1,1,RO216
3,161990,REDIU,730004,37,161945,10,1,1,RO216
3,162005,VIIŞOARA,730005,37,161945,10,1,1,RO216
2,161794,MUNICIPIUL BÂRLAD,,37,378,4,1,1,RO216
3,161801,BÂRLAD,731184,37,161794,9,1,1,RO216
2,161829,MUNICIPIUL HUŞI,,37,378,4,1,1,RO216
3,161838,HUŞI,735100,37,161829,9,1,1,RO216
2,164981,ORAŞ MURGENI,,37,378,2,1,1,RO216
3,164990,MURGENI,737370,37,164981,17,1,1,RO216
3,165005,CÂRJA,737371,37,164981,18,1,1,RO216
3,165050,FLORENI,737372,37,164981,18,1,1,RO216
3,165014,LĂŢEŞTI,737373,37,164981,18,1,1,RO216
3,165041,RAIU,737374,37,164981,18,1,1,RO216
3,165023,SĂRĂŢENI,737376,37,164981,18,1,1,RO216
3,165032,SCHINENI,737377,37,164981,18,1,1,RO216
2,161856,ORAŞ NEGREŞTI,,37,378,2,1,1,RO216
3,161865,NEGREŞTI,735200,37,161856,17,1,1,RO216
3,161874,CĂZĂNEŞTI,735201,37,161856,19,1,1,RO216
3,161883,CIOATELE,735202,37,161856,19,1,1,RO216
3,161892,GLODENI,735203,37,161856,19,1,1,RO216
3,161909,PARPANIŢA,735204,37,161856,19,1,1,RO216
3,161918,POIANA,735205,37,161856,19,1,1,RO216
3,161927,VALEA MARE,735206,37,161856,19,1,1,RO216
2,162014,ALBEŞTI,,37,378,3,3,1,RO216
3,162023,ALBEŞTI,737005,37,162014,22,3,1,RO216
3,162032,CORNI-ALBEŞTI,737006,37,162014,23,3,1,RO216
3,162041,CRASNA,737007,37,162014,23,3,1,RO216
3,162050,GURA ALBEŞTI,737008,37,162014,23,3,1,RO216
2,162069,ALEXANDRU VLAHUŢĂ,,37,378,3,3,1,RO216
3,162078,ALEXANDRU VLAHUŢĂ,737010,37,162069,22,3,1,RO216
3,162087,BUDA,737011,37,162069,23,3,1,RO216
3,162096,GHICANI,737012,37,162069,23,3,1,RO216
3,162121,MORĂRENI,737016,37,162069,23,3,1,RO216
2,162149,ARSURA,,37,378,3,3,1,RO216
3,162158,ARSURA,737020,37,162149,22,3,1,RO216
3,162167,FUNDĂTURA,737021,37,162149,23,3,1,RO216
3,162176,MIHAIL KOGĂLNICEANU,737022,37,162149,23,3,1,RO216
3,162185,PÂHNEŞTI,737023,37,162149,23,3,1,RO216
2,162194,BANCA,,37,378,3,3,1,RO216
3,162201,GARA BANCA,737027,37,162194,22,3,1,RO216
3,162318,1 DECEMBRIE,737026,37,162194,23,3,1,RO216
3,162210,BANCA,737025,37,162194,23,3,1,RO216
3,162229,GHERMĂNEŞTI,737028,37,162194,23,3,1,RO216
3,162238,MICLEŞTI,737029,37,162194,23,3,1,RO216
3,162247,MITOC,737031,37,162194,23,3,1,RO216
3,162256,SATU NOU,737032,37,162194,23,3,1,RO216
3,162265,SĂLCIOARA,737033,37,162194,23,3,1,RO216
3,162274,SÂRBI,737034,37,162194,23,3,1,RO216
3,162283,STOIŞEŞTI,737036,37,162194,23,3,1,RO216
3,162292,STRÂMTURA-MITOC,737037,37,162194,23,3,1,RO216
3,162309,ŢIFU,737038,37,162194,23,3,1,RO216
2,162327,BĂCANI,,37,378,3,3,1,RO216
3,162336,BĂCANI,737045,37,162327,22,3,1,RO216
3,162345,BĂLTĂŢENI,737046,37,162327,23,3,1,RO216
3,162354,DRUJEŞTI,737047,37,162327,23,3,1,RO216
3,162363,SUSENI,737048,37,162327,23,3,1,RO216
3,162372,VULPĂŞENI,737049,37,162327,23,3,1,RO216
2,162381,BĂCEŞTI,,37,378,3,3,1,RO216
3,162390,BĂCEŞTI,737050,37,162381,22,3,1,RO216
3,162407,ARMĂŞENI,737051,37,162381,23,3,1,RO216
3,162416,BĂBUŞA,737052,37,162381,23,3,1,RO216
3,162425,PĂLTINIŞ,737053,37,162381,23,3,1,RO216
3,162434,ŢIBĂNEŞTII BUHLII,737054,37,162381,23,3,1,RO216
3,162443,VOVRIEŞTI,737056,37,162381,23,3,1,RO216
2,162452,BĂLTENI,,37,378,3,3,1,RO216
3,162461,BĂLTENI,737060,37,162452,22,3,1,RO216
3,162470,BĂLTENI-DEAL,737061,37,162452,23,3,1,RO216
3,162489,CHETREŞTI,737062,37,162452,23,3,1,RO216
2,162498,BEREZENI,,37,378,3,3,1,RO216
3,162504,BEREZENI,737065,37,162498,22,3,1,RO216
3,162513,MUŞATA,737066,37,162498,23,3,1,RO216
3,162522,RÂNCENI,737067,37,162498,23,3,1,RO216
3,162531,SATU NOU,737068,37,162498,23,3,1,RO216
3,162540,STUHULEŢ,737069,37,162498,23,3,1,RO216
2,162559,BLĂGEŞTI,,37,378,3,3,1,RO216
3,162568,BLĂGEŞTI,737070,37,162559,22,3,1,RO216
3,162577,IGEŞTI,737071,37,162559,23,3,1,RO216
3,162586,SIPENI,737072,37,162559,23,3,1,RO216
2,162595,BOGDANA,,37,378,3,3,1,RO216
3,162602,BOGDANA,737075,37,162595,22,3,1,RO216
3,162611,ARŞIŢA,737076,37,162595,23,3,1,RO216
3,162620,FÂNTÂNA BLĂNARULUI,737077,37,162595,23,3,1,RO216
3,162639,GĂVANU,737078,37,162595,23,3,1,RO216
3,162648,LACU BABEI,737079,37,162595,23,3,1,RO216
3,162657,PLOPENI,737081,37,162595,23,3,1,RO216
3,162666,SIMILIŞOARA,737082,37,162595,23,3,1,RO216
3,162675,SUCEVENI,737083,37,162595,23,3,1,RO216
3,162684,VERDEŞ,737084,37,162595,23,3,1,RO216
2,162693,BOGDĂNEŞTI,,37,378,3,3,1,RO216
3,162700,BOGDĂNEŞTI,737085,37,162693,22,3,1,RO216
3,162719,BUDA,737086,37,162693,23,3,1,RO216
3,162728,HOROIATA,737087,37,162693,23,3,1,RO216
3,162737,HUPCA,737088,37,162693,23,3,1,RO216
3,162746,ORGOIEŞTI,737089,37,162693,23,3,1,RO216
3,162755,ULEA,737091,37,162693,23,3,1,RO216
3,162764,UNŢEŞTI,737092,37,162693,23,3,1,RO216
3,162773,VIŞINARI,737093,37,162693,23,3,1,RO216
3,162782,VLĂDEŞTI,737094,37,162693,23,3,1,RO216
2,162791,BOGDĂNIŢA,,37,378,3,3,1,RO216
3,162808,BOGDĂNIŢA,737095,37,162791,22,3,1,RO216
3,162826,CÂRŢIBAŞI,737096,37,162791,23,3,1,RO216
3,162817,CEPEŞTI,737097,37,162791,23,3,1,RO216
3,162835,COROIEŞTI,737098,37,162791,23,3,1,RO216
3,162844,RĂDĂEŞTI,737099,37,162791,23,3,1,RO216
3,162853,SCHITU,737101,37,162791,23,3,1,RO216
3,162862,TUNSEŞTI,737102,37,162791,23,3,1,RO216
2,162871,BOŢEŞTI,,37,378,3,3,1,RO216
3,162880,BOŢEŞTI,737105,37,162871,22,3,1,RO216
3,162899,GĂNEŞTI,737106,37,162871,23,3,1,RO216
3,162906,GUGEŞTI,737107,37,162871,23,3,1,RO216
3,162915,TĂLPIGENI,737108,37,162871,23,3,1,RO216
2,162924,BUNEŞTI-AVEREŞTI,,37,378,3,3,1,RO216
3,162933,AVEREŞTI,737115,37,162924,22,3,1,RO216
3,162942,ARMĂŞENI,737111,37,162924,23,3,1,RO216
3,162951,BUNEŞTI,737112,37,162924,23,3,1,RO216
3,162960,PLOPI,737113,37,162924,23,3,1,RO216
3,162979,PODU OPRII,737114,37,162924,23,3,1,RO216
3,162988,ROŞIORI,737116,37,162924,23,3,1,RO216
3,162997,TĂBĂLĂEŞTI,737117,37,162924,23,3,1,RO216
2,167268,CIOCANI,,37,378,3,3,1,RO216
3,165292,CIOCANI,737406,37,167268,22,3,1,RO216
3,165309,CRÂNG,737407,37,167268,23,3,1,RO216
3,165318,CRÂNGU NOU,737408,37,167268,23,3,1,RO216
3,165327,PODU PETRIŞ,737409,37,167268,23,3,1,RO216
2,163002,CODĂEŞTI,,37,378,3,3,1,RO216
3,163011,CODĂEŞTI,737130,37,163002,22,3,1,RO216
3,163020,GHERGHELEU,737131,37,163002,23,3,1,RO216
3,163039,PRIBEŞTI,737132,37,163002,23,3,1,RO216
3,163048,REDIU GALIAN,737133,37,163002,23,3,1,RO216
2,163057,COROIEŞTI,,37,378,3,3,1,RO216
3,163066,COROIEŞTI,737135,37,163057,22,3,1,RO216
3,163075,CHILIENI,737136,37,163057,23,3,1,RO216
3,163084,COROIEŞTII DE SUS,737137,37,163057,23,3,1,RO216
3,163093,HREASCA,737138,37,163057,23,3,1,RO216
3,163100,MIRENI,737139,37,163057,23,3,1,RO216
3,163119,MOVILENI,737141,37,163057,23,3,1,RO216
3,163128,PĂCURĂREŞTI,737142,37,163057,23,3,1,RO216
2,163137,COSTEŞTI,,37,378,3,3,1,RO216
3,163146,COSTEŞTI,737145,37,163137,22,3,1,RO216
3,163155,CHIŢCANI,737146,37,163137,23,3,1,RO216
3,163164,DINGA,737147,37,163137,23,3,1,RO216
3,163173,PÂRVEŞTI,737148,37,163137,23,3,1,RO216
3,163182,PUNTIŞENI,737149,37,163137,23,3,1,RO216
3,163191,RĂDEŞTI,737151,37,163137,23,3,1,RO216
2,167277,COZMEŞTI,,37,378,3,3,1,RO216
3,163404,BĂLEŞTI,737177,37,167277,22,3,1,RO216
3,163413,COZMEŞTI,737178,37,167277,23,3,1,RO216
3,163422,FÂSTÂCI,737179,37,167277,23,3,1,RO216
3,163459,HORDILEŞTI,737183,37,167277,23,3,1,RO216
2,163208,CREŢEŞTI,,37,378,3,3,1,RO216
3,163217,CREŢEŞTI,737155,37,163208,22,3,1,RO216
3,163226,BUDEŞTI,737156,37,163208,23,3,1,RO216
3,163235,CREŢEŞTII DE SUS,737157,37,163208,23,3,1,RO216
3,163244,SATU NOU,737158,37,163208,23,3,1,RO216
2,163253,DĂNEŞTI,,37,378,3,3,1,RO216
3,163262,DĂNEŞTI,737160,37,163253,22,3,1,RO216
3,163271,BEREASA,737161,37,163253,23,3,1,RO216
3,163280,BOŢOAIA,737162,37,163253,23,3,1,RO216
3,163299,EMIL RACOVIŢĂ,737163,37,163253,23,3,1,RO216
3,163306,RĂŞCANI,737164,37,163253,23,3,1,RO216
3,163315,TĂTĂRĂNI,737166,37,163253,23,3,1,RO216
2,163324,DELENI,,37,378,3,3,1,RO216
3,163333,DELENI,737170,37,163324,22,3,1,RO216
3,163342,BULBOACA,737171,37,163324,23,3,1,RO216
3,163351,MORENI,737172,37,163324,23,3,1,RO216
3,163360,ZIZINCA,737173,37,163324,23,3,1,RO216
2,163379,DELEŞTI,,37,378,3,3,1,RO216
3,163388,DELEŞTI,737175,37,163379,22,3,1,RO216
3,163397,ALBEŞTI,737176,37,163379,23,3,1,RO216
3,163431,FUNDĂTURA,737181,37,163379,23,3,1,RO216
3,163440,HÂRSOVA,737182,37,163379,23,3,1,RO216
3,163468,MÂNĂSTIREA,737184,37,163379,23,3,1,RO216
3,163477,RĂDUIEŞTI,737186,37,163379,23,3,1,RO216
2,164277,DIMITRIE CANTEMIR,,37,378,3,3,1,RO216
3,164286,HURDUGI,737193,37,164277,22,3,1,RO216
3,164295,GRUMEZOAIA,737191,37,164277,23,3,1,RO216
3,164302,GUŞIŢEI,737192,37,164277,23,3,1,RO216
3,164311,PLOTONEŞTI,737194,37,164277,23,3,1,RO216
3,164320,URLAŢI,737196,37,164277,23,3,1,RO216
2,167286,DODEŞTI,,37,378,3,3,1,RO216
3,166725,DODEŞTI,737576,37,167286,22,3,1,RO216
3,166743,URDEŞTI,737578,37,167286,23,3,1,RO216
2,163486,DRAGOMIREŞTI,,37,378,3,3,1,RO216
3,163495,DRAGOMIREŞTI,737200,37,163486,22,3,1,RO216
3,163501,BĂBUŢA,737201,37,163486,23,3,1,RO216
3,163510,BELZENI,737202,37,163486,23,3,1,RO216
3,163529,BOTOI,737203,37,163486,23,3,1,RO216
3,163538,CIUPERCA,737204,37,163486,23,3,1,RO216
3,163547,DOAGELE,737206,37,163486,23,3,1,RO216
3,163556,POIANA PIETREI,737207,37,163486,23,3,1,RO216
3,163565,POPEŞTI,737208,37,163486,23,3,1,RO216
3,163574,RĂDENI,737209,37,163486,23,3,1,RO216
3,163583,SEMENEA,737211,37,163486,23,3,1,RO216
3,163592,TULEŞTI,737212,37,163486,23,3,1,RO216
3,163609,VLADIA,737213,37,163486,23,3,1,RO216
2,163618,DRÂNCENI,,37,378,3,3,1,RO216
3,163654,GHERMĂNEŞTI,737223,37,163618,22,3,1,RO216
3,163636,ALBIŢA,737221,37,163618,23,3,1,RO216
3,163645,BĂILE DRÂNCENI,737222,37,163618,23,3,1,RO216
3,163627,DRÂNCENI,737220,37,163618,23,3,1,RO216
3,163663,RÂŞEŞTI,737224,37,163618,23,3,1,RO216
3,163672,ŞOPÂRLENI,737226,37,163618,23,3,1,RO216
2,163681,DUDA-EPURENI,,37,378,3,3,1,RO216
3,163690,EPURENI,737240,37,163681,22,3,1,RO216
3,163707,BOBEŞTI,737231,37,163681,23,3,1,RO216
3,163716,DUDA,737232,37,163681,23,3,1,RO216
3,163725,VALEA GRECULUI,737234,37,163681,23,3,1,RO216
2,163734,DUMEŞTI,,37,378,3,3,1,RO216
3,163743,DUMEŞTI,737235,37,163734,22,3,1,RO216
3,163752,DUMEŞTII VECHI,737236,37,163734,23,3,1,RO216
3,163761,SCHINETEA,737237,37,163734,23,3,1,RO216
3,163770,VALEA MARE,737238,37,163734,23,3,1,RO216
2,163789,EPURENI,,37,378,3,3,1,RO216
3,163798,EPURENI,737240,37,163789,22,3,1,RO216
3,163805,BÂRLĂLEŞTI,737241,37,163789,23,3,1,RO216
3,163814,BURSUCI,737242,37,163789,23,3,1,RO216
3,163823,HORGA,737243,37,163789,23,3,1,RO216
2,163832,FĂLCIU,,37,378,3,3,1,RO216
3,163841,FĂLCIU,737245,37,163832,22,3,1,RO216
3,163850,BOGDĂNEŞTI,737246,37,163832,23,3,1,RO216
3,163869,BOZIA,737247,37,163832,23,3,1,RO216
3,163878,COPĂCEANA,737248,37,163832,23,3,1,RO216
3,163887,ODAIA BOGDANA,737249,37,163832,23,3,1,RO216
3,163896,RÂNZEŞTI,737251,37,163832,23,3,1,RO216
2,167295,FEREŞTI,,37,378,3,3,1,RO216
3,166654,FEREŞTI,737566,37,167295,22,3,1,RO216
2,167231,FRUNTIŞENI,,37,378,3,3,1,RO216
3,164151,FRUNTIŞENI,737281,37,167231,22,3,1,RO216
3,164160,GRĂJDENI,737282,37,167231,23,3,1,RO216
2,163903,GĂGEŞTI,,37,378,3,3,1,RO216
3,163912,GĂGEŞTI,737255,37,163903,22,3,1,RO216
3,163921,GIURCANI,737256,37,163903,23,3,1,RO216
3,163930,PEICANI,737257,37,163903,23,3,1,RO216
3,163949,POPENI,737258,37,163903,23,3,1,RO216
3,163958,TUPILAŢI,737259,37,163903,23,3,1,RO216
2,164062,GÂRCENI,,37,378,3,3,1,RO216
3,164071,GÂRCENI,737260,37,164062,22,3,1,RO216
3,164080,DUMBRĂVENI,737261,37,164062,23,3,1,RO216
3,164099,RACOVA,737262,37,164062,23,3,1,RO216
3,164106,RACOVIŢA,737263,37,164062,23,3,1,RO216
3,164115,SLOBOZIA,737264,37,164062,23,3,1,RO216
3,164124,TROHAN,737266,37,164062,23,3,1,RO216
2,163967,GHERGHEŞTI,,37,378,3,3,1,RO216
3,163976,GHERGHEŞTI,737270,37,163967,22,3,1,RO216
3,163985,CHETROSU,737271,37,163967,23,3,1,RO216
3,163994,CORODEŞTI,737272,37,163967,23,3,1,RO216
3,164008,DRAGOMĂNEŞTI,737273,37,163967,23,3,1,RO216
3,164017,DRĂXENI,737274,37,163967,23,3,1,RO216
3,164026,LAZU,737276,37,163967,23,3,1,RO216
3,164035,LUNCA,737277,37,163967,23,3,1,RO216
3,164044,SOCI,737278,37,163967,23,3,1,RO216
3,164053,VALEA LUPULUI,737279,37,163967,23,3,1,RO216
2,164133,GRIVIŢA,,37,378,3,3,1,RO216
3,164142,GRIVIŢA,737280,37,164133,22,3,1,RO216
3,164179,ODAIA BURSUCANI,737283,37,164133,23,3,1,RO216
3,164188,TRESTIANA,737284,37,164133,23,3,1,RO216
2,164197,HOCENI,,37,378,3,3,1,RO216
3,164204,HOCENI,737285,37,164197,22,3,1,RO216
3,164213,BARBOŞI,737286,37,164197,23,3,1,RO216
3,164222,DELENI,737287,37,164197,23,3,1,RO216
3,164231,OŢELENI,737288,37,164197,23,3,1,RO216
3,164240,REDIU,737289,37,164197,23,3,1,RO216
3,164259,ŞIŞCANI,737291,37,164197,23,3,1,RO216
3,164268,TOMŞA,737292,37,164197,23,3,1,RO216
2,164339,IANA,,37,378,3,3,1,RO216
3,164348,IANA,737295,37,164339,22,3,1,RO216
3,164357,HĂLĂREŞTI,737296,37,164339,23,3,1,RO216
3,164366,RECEA,737297,37,164339,23,3,1,RO216
3,164375,SILIŞTEA,737298,37,164339,23,3,1,RO216
3,164384,VADURILE,737299,37,164339,23,3,1,RO216
2,167222,IBĂNEŞTI,,37,378,3,3,1,RO216
3,162103,IBĂNEŞTI,737013,37,167222,22,3,1,RO216
3,162112,MÂNZAŢI,737014,37,167222,23,3,1,RO216
3,162130,PUŢU OLARULUI,737017,37,167222,23,3,1,RO216
2,164393,IVĂNEŞTI,,37,378,3,3,1,RO216
3,164400,IVĂNEŞTI,737300,37,164393,22,3,1,RO216
3,164419,ALBINA,737301,37,164393,23,3,1,RO216
3,164428,BLEŞCA,737302,37,164393,23,3,1,RO216
3,164437,BROŞTENI,737303,37,164393,23,3,1,RO216
3,164446,BUSCATA,737304,37,164393,23,3,1,RO216
3,164455,COŞCA,737306,37,164393,23,3,1,RO216
3,164464,COŞEŞTI,737307,37,164393,23,3,1,RO216
3,164473,FUNDĂTURA MARE,737308,37,164393,23,3,1,RO216
3,164482,FUNDĂTURA MICĂ,737309,37,164393,23,3,1,RO216
3,164491,HÂRŞOVENI,737311,37,164393,23,3,1,RO216
3,164507,IEZEREL,737312,37,164393,23,3,1,RO216
3,164516,URSOAIA,737313,37,164393,23,3,1,RO216
3,164525,VALEA MARE,737314,37,164393,23,3,1,RO216
3,164534,VALEA OANEI,737316,37,164393,23,3,1,RO216
2,164543,IVEŞTI,,37,378,3,3,1,RO216
3,164552,IVEŞTI,737320,37,164543,22,3,1,RO216
2,164598,LAZA,,37,378,3,3,1,RO216
3,164605,LAZA,737325,37,164598,22,3,1,RO216
3,164614,BEJENEŞTI,737326,37,164598,23,3,1,RO216
3,164641,RÂŞNIŢA,737329,37,164598,23,3,1,RO216
3,164650,SAUCA,737331,37,164598,23,3,1,RO216
2,164687,LIPOVĂŢ,,37,378,3,3,1,RO216
3,164696,LIPOVĂŢ,737335,37,164687,22,3,1,RO216
3,164703,CĂPUŞNENI,737336,37,164687,23,3,1,RO216
3,164712,CHIŢOC,737337,37,164687,23,3,1,RO216
3,164721,CORBU,737338,37,164687,23,3,1,RO216
3,164730,FUNDU VĂII,737339,37,164687,23,3,1,RO216
2,164749,LUNCA BANULUI,,37,378,3,3,1,RO216
3,164758,LUNCA BANULUI,737340,37,164749,22,3,1,RO216
3,164767,BROSCOŞEŞTI,737341,37,164749,23,3,1,RO216
3,164776,CONDREA,737342,37,164749,23,3,1,RO216
3,164785,FOCŞA,737343,37,164749,23,3,1,RO216
3,164794,LUNCA VECHE,737344,37,164749,23,3,1,RO216
3,164801,OŢETOAIA,737346,37,164749,23,3,1,RO216
3,164810,RĂDUCANI,737347,37,164749,23,3,1,RO216
2,164829,MĂLUŞTENI,,37,378,3,3,1,RO216
3,164838,MĂLUŞTENI,737350,37,164829,22,3,1,RO216
3,164847,GHIREASCA,737351,37,164829,23,3,1,RO216
3,164856,LUPEŞTI,737352,37,164829,23,3,1,RO216
3,164865,MÂNĂSTIREA,737353,37,164829,23,3,1,RO216
3,164874,MÂNZĂTEŞTI,737354,37,164829,23,3,1,RO216
3,164883,ŢUŢCANI,737356,37,164829,23,3,1,RO216
2,164892,MICLEŞTI,,37,378,3,3,1,RO216
3,164909,MICLEŞTI,737360,37,164892,22,3,1,RO216
3,164918,CHIRCEŞTI,737361,37,164892,23,3,1,RO216
3,164927,POPEŞTI,737362,37,164892,23,3,1,RO216
2,164936,MUNTENII DE JOS,,37,378,3,3,1,RO216
3,164945,MUNTENII DE JOS,737365,37,164936,22,3,1,RO216
3,164954,BĂCĂOANI,737366,37,164936,23,3,1,RO216
3,164963,MÂNJEŞTI,737367,37,164936,23,3,1,RO216
3,164972,SECUIA,737368,37,164936,23,3,1,RO216
2,167302,MUNTENII DE SUS,,37,378,3,3,1,RO216
3,166217,MUNTENII DE SUS,737512,37,167302,22,3,1,RO216
3,166226,SATU NOU,737513,37,167302,23,3,1,RO216
2,165069,OLTENEŞTI,,37,378,3,3,1,RO216
3,165078,OLTENEŞTI,737380,37,165069,22,3,1,RO216
3,165087,CURTENI,737381,37,165069,23,3,1,RO216
3,165096,PÂHNA,737382,37,165069,23,3,1,RO216
3,165103,TÂRZII,737383,37,165069,23,3,1,RO216
3,165112,VINEŢEŞTI,737384,37,165069,23,3,1,RO216
3,165121,ZGURA,737386,37,165069,23,3,1,RO216
2,165130,OŞEŞTI,,37,378,3,3,1,RO216
3,165149,OŞEŞTI,737390,37,165130,22,3,1,RO216
3,165158,BUDA,737391,37,165130,23,3,1,RO216
3,165167,PĂDURENI,737392,37,165130,23,3,1,RO216
3,165176,VÂLCELE,737393,37,165130,23,3,1,RO216
2,165185,PĂDURENI,,37,378,3,3,1,RO216
3,165194,PĂDURENI,737395,37,165185,22,3,1,RO216
3,165201,CĂPOTEŞTI,737396,37,165185,23,3,1,RO216
3,165210,DAVIDEŞTI,737397,37,165185,23,3,1,RO216
3,165229,IVĂNEŞTI,737398,37,165185,23,3,1,RO216
3,165238,LEOŞTI,737399,37,165185,23,3,1,RO216
3,165247,RUSCA,737401,37,165185,23,3,1,RO216
3,165256,TODIRENI,737402,37,165185,23,3,1,RO216
3,165265,VĂLENI,737403,37,165185,23,3,1,RO216
2,165274,PERIENI,,37,378,3,3,1,RO216
3,165283,PERIENI,737405,37,165274,22,3,1,RO216
2,167311,POCHIDIA,,37,378,3,3,1,RO216
3,166592,POCHIDIA,737557,37,167311,22,3,1,RO216
3,166556,BORODEŞTI,737552,37,167311,23,3,1,RO216
3,166609,SATU NOU,737558,37,167311,23,3,1,RO216
3,166618,SĂLCENI,737559,37,167311,23,3,1,RO216
2,165416,POGANA,,37,378,3,3,1,RO216
3,165425,POGANA,737410,37,165416,22,3,1,RO216
3,165434,BOGEŞTI,737411,37,165416,23,3,1,RO216
3,165443,CÂRJOANI,737412,37,165416,23,3,1,RO216
3,165452,MĂSCUREI,737413,37,165416,23,3,1,RO216
3,165461,TOMEŞTI,737414,37,165416,23,3,1,RO216
2,167259,POGONEŞTI,,37,378,3,3,1,RO216
3,164570,POGONEŞTI,737322,37,167259,22,3,1,RO216
3,164561,BELCEŞTI,737321,37,167259,23,3,1,RO216
3,164589,POLOCIN,737323,37,167259,23,3,1,RO216
2,165336,POIENEŞTI,,37,378,3,3,1,RO216
3,165345,POIENEŞTI,737415,37,165336,22,3,1,RO216
3,165354,DEALU SECĂRII,737416,37,165336,23,3,1,RO216
3,165363,FLOREŞTI,737417,37,165336,23,3,1,RO216
3,165372,FRASINU,737418,37,165336,23,3,1,RO216
3,165381,FUNDU VĂII,737419,37,165336,23,3,1,RO216
3,165390,OPRIŞIŢA,737421,37,165336,23,3,1,RO216
3,165407,POIENEŞTI-DEAL,737422,37,165336,23,3,1,RO216
2,165470,PUIEŞTI,,37,378,3,3,1,RO216
3,165489,PUIEŞTI,737425,37,165470,22,3,1,RO216
3,165498,BĂRTĂLUŞ-MOCANI,737426,37,165470,23,3,1,RO216
3,165504,BĂRTĂLUŞ-RĂZEŞI,737427,37,165470,23,3,1,RO216
3,165513,CĂLIMĂNEŞTI,737428,37,165470,23,3,1,RO216
3,165522,CETĂŢUIA,737429,37,165470,23,3,1,RO216
3,165531,CRISTEŞTI,737431,37,165470,23,3,1,RO216
3,165540,FÂNTÂNELE,737432,37,165470,23,3,1,RO216
3,165559,FULGU,737433,37,165470,23,3,1,RO216
3,165568,GÂLŢEŞTI,737434,37,165470,23,3,1,RO216
3,165577,IEZER,737436,37,165470,23,3,1,RO216
3,165586,LĂLEŞTI,737437,37,165470,23,3,1,RO216
3,165595,ROTARI,737438,37,165470,23,3,1,RO216
3,165602,RUŞI,737439,37,165470,23,3,1,RO216
2,165611,PUNGEŞTI,,37,378,3,3,1,RO216
3,165620,PUNGEŞTI,737445,37,165611,22,3,1,RO216
3,165639,ARMĂŞOAIA,737446,37,165611,23,3,1,RO216
3,165648,CURSEŞTI-DEAL,737447,37,165611,23,3,1,RO216
3,165657,CURSEŞTI-VALE,737448,37,165611,23,3,1,RO216
3,165666,HORDILA,737449,37,165611,23,3,1,RO216
3,165675,RAPŞA,737451,37,165611,23,3,1,RO216
3,165684,SILIŞTEA,737452,37,165611,23,3,1,RO216
3,165693,STEJARU,737453,37,165611,23,3,1,RO216
3,165700,TOPORĂŞTI,737454,37,165611,23,3,1,RO216
2,167320,PUŞCAŞI,,37,378,3,3,1,RO216
3,164632,PUŞCAŞI,737328,37,167320,22,3,1,RO216
3,164623,POIANA LUI ALEXA,737327,37,167320,23,3,1,RO216
3,164669,TEIŞORU,737332,37,167320,23,3,1,RO216
3,164678,VALEA TÂRGULUI,737333,37,167320,23,3,1,RO216
2,167240,RAFAILA,,37,378,3,3,1,RO216
3,166477,RAFAILA,737541,37,167240,22,3,1,RO216
2,165719,REBRICEA,,37,378,3,3,1,RO216
3,165728,REBRICEA,737455,37,165719,22,3,1,RO216
3,165737,BOLAŢI,737456,37,165719,23,3,1,RO216
3,165746,CRĂCIUNEŞTI,737457,37,165719,23,3,1,RO216
3,165755,DRAXENI,737458,37,165719,23,3,1,RO216
3,165764,MĂCREŞTI,737459,37,165719,23,3,1,RO216
3,165773,RATEŞU CUZEI,737461,37,165719,23,3,1,RO216
3,165782,SASOVA,737462,37,165719,23,3,1,RO216
3,165791,TATOMIREŞTI,737463,37,165719,23,3,1,RO216
3,165808,TUFEŞTII DE JOS,737464,37,165719,23,3,1,RO216
2,165817,ROŞIEŞTI,,37,378,3,3,1,RO216
3,165826,ROŞIEŞTI,737465,37,165817,22,3,1,RO216
3,165835,CODRENI,737466,37,165817,23,3,1,RO216
3,165844,GARA ROŞIEŞTI,737467,37,165817,23,3,1,RO216
3,165853,GURA IDRICI,737468,37,165817,23,3,1,RO216
3,165862,IDRICI,737469,37,165817,23,3,1,RO216
3,165871,REDIU,737471,37,165817,23,3,1,RO216
3,165880,VALEA LUI DARIE,737472,37,165817,23,3,1,RO216
2,165899,SOLEŞTI,,37,378,3,3,1,RO216
3,165906,SOLEŞTI,737475,37,165899,22,3,1,RO216
3,165915,BOUŞORI,737476,37,165899,23,3,1,RO216
3,165924,IAZ,737477,37,165899,23,3,1,RO216
3,165933,SATU NOU,737478,37,165899,23,3,1,RO216
3,165942,ŞERBOTEŞTI,737479,37,165899,23,3,1,RO216
3,165951,ŞTIOBORĂNI,737481,37,165899,23,3,1,RO216
3,165960,VALEA SILIŞTEI,737482,37,165899,23,3,1,RO216
2,165979,STĂNILEŞTI,,37,378,3,3,1,RO216
3,165988,STĂNILEŞTI,737485,37,165979,22,3,1,RO216
3,165997,BOGDANA-VOLOSENI,737486,37,165979,23,3,1,RO216
3,166002,BUDU CANTEMIR,737487,37,165979,23,3,1,RO216
3,166011,CHERSĂCOSU,737488,37,165979,23,3,1,RO216
3,166020,GURA VĂII,737489,37,165979,23,3,1,RO216
3,166039,POGĂNEŞTI,737491,37,165979,23,3,1,RO216
3,166048,SĂRATU,737492,37,165979,23,3,1,RO216
2,166057,ŞTEFAN CEL MARE,,37,378,3,3,1,RO216
3,166066,ŞTEFAN CEL MARE,737495,37,166057,22,3,1,RO216
3,166075,BÂRZEŞTI,737496,37,166057,23,3,1,RO216
3,166084,BRĂHĂŞOAIA,737497,37,166057,23,3,1,RO216
3,166093,CĂLUGĂRENI,737498,37,166057,23,3,1,RO216
3,166100,CĂNŢĂLĂREŞTI,737499,37,166057,23,3,1,RO216
3,166119,MĂRĂŞENI,737501,37,166057,23,3,1,RO216
3,166128,MUNTENEŞTI,737502,37,166057,23,3,1,RO216
2,166137,ŞULETEA,,37,378,3,3,1,RO216
3,166146,ŞULETEA,737505,37,166137,22,3,1,RO216
3,166155,FEDEŞTI,737506,37,166137,23,3,1,RO216
3,166164,JIGĂLIA,737507,37,166137,23,3,1,RO216
3,166173,RĂŞCANI,737508,37,166137,23,3,1,RO216
2,166182,TANACU,,37,378,3,3,1,RO216
3,166191,TANACU,737510,37,166182,22,3,1,RO216
3,166208,BENEŞTI,737511,37,166182,23,3,1,RO216
2,166235,TĂCUTA,,37,378,3,3,1,RO216
3,166244,TĂCUTA,737515,37,166235,22,3,1,RO216
3,166253,CUJBA,737516,37,166235,23,3,1,RO216
3,166262,DUMASCA,737517,37,166235,23,3,1,RO216
3,166271,FOCŞEAŞCA,737518,37,166235,23,3,1,RO216
3,166280,MIRCEŞTI,737519,37,166235,23,3,1,RO216
3,166299,PROTOPOPEŞTI,737521,37,166235,23,3,1,RO216
3,166306,SOFIENI,737522,37,166235,23,3,1,RO216
2,166315,TĂTĂRĂNI,,37,378,3,3,1,RO216
3,166324,TĂTĂRĂNI,737525,37,166315,22,3,1,RO216
3,166333,BĂLŢAŢI,737526,37,166315,23,3,1,RO216
3,166342,CRĂSNĂŞENI,737527,37,166315,23,3,1,RO216
3,166351,GIURGEŞTI,737528,37,166315,23,3,1,RO216
3,166360,LEOŞTI,737529,37,166315,23,3,1,RO216
3,166379,MANTU,737531,37,166315,23,3,1,RO216
3,166388,STROIEŞTI,737532,37,166315,23,3,1,RO216
3,166397,VALEA LUI BOSIE,737534,37,166315,23,3,1,RO216
3,166404,VALEA SEACĂ,737533,37,166315,23,3,1,RO216
2,166413,TODIREŞTI,,37,378,3,3,1,RO216
3,166422,TODIREŞTI,737535,37,166413,22,3,1,RO216
3,166431,COTIC,737536,37,166413,23,3,1,RO216
3,166440,DRĂGEŞTI,737537,37,166413,23,3,1,RO216
3,166459,HUC,737538,37,166413,23,3,1,RO216
3,166468,PLOPOASA,737539,37,166413,23,3,1,RO216
3,166486,SILIŞTEA,737542,37,166413,23,3,1,RO216
3,166495,SOFRONEŞTI,737543,37,166413,23,3,1,RO216
3,166501,VALEA POPII,737544,37,166413,23,3,1,RO216
3,166510,VIIŞOARA,737546,37,166413,23,3,1,RO216
2,166529,TUTOVA,,37,378,3,3,1,RO216
3,166538,TUTOVA,737550,37,166529,22,3,1,RO216
3,166547,BĂDEANA,737551,37,166529,23,3,1,RO216
3,166565,CIORTOLOM,737553,37,166529,23,3,1,RO216
3,166574,COROIU,737554,37,166529,23,3,1,RO216
3,166583,CRIVEŞTI,737556,37,166529,23,3,1,RO216
3,166627,VIZURENI,737561,37,166529,23,3,1,RO216
2,166636,VĂLENI,,37,378,3,3,1,RO216
3,166645,VĂLENI,737565,37,166636,22,3,1,RO216
3,166663,MOARA DOMNEASCĂ,737567,37,166636,23,3,1,RO216
2,166672,VETRIŞOAIA,,37,378,3,3,1,RO216
3,166681,VETRIŞOAIA,737570,37,166672,22,3,1,RO216
3,166690,BUMBĂTA,737571,37,166672,23,3,1,RO216
2,166707,VIIŞOARA,,37,378,3,3,1,RO216
3,166716,VIIŞOARA,737575,37,166707,22,3,1,RO216
3,166734,HALTA DODEŞTI,737577,37,166707,23,3,1,RO216
3,166752,VĂLENI,737579,37,166707,23,3,1,RO216
3,166761,VILTOTEŞTI,737581,37,166707,23,3,1,RO216
2,166770,VINDEREI,,37,378,3,3,1,RO216
3,166789,VINDEREI,737585,37,166770,22,3,1,RO216
3,166798,BRĂDEŞTI,737586,37,166770,23,3,1,RO216
3,166805,DOCANI,737587,37,166770,23,3,1,RO216
3,166814,DOCĂNEASA,737588,37,166770,23,3,1,RO216
3,166823,GARA DOCĂNEASA,737589,37,166770,23,3,1,RO216
3,166832,GARA TĂLĂŞMAN,737591,37,166770,23,3,1,RO216
3,166841,OBÂRŞENI,737592,37,166770,23,3,1,RO216
3,166850,VALEA LUNGĂ,737593,37,166770,23,3,1,RO216
2,166869,VOINEŞTI,,37,378,3,3,1,RO216
3,166878,VOINEŞTI,737595,37,166869,22,3,1,RO216
3,166887,AVRĂMEŞTI,737596,37,166869,23,3,1,RO216
3,166896,BĂNCEŞTI,737597,37,166869,23,3,1,RO216
3,166903,COROBĂNEŞTI,737598,37,166869,23,3,1,RO216
3,166912,GÂRDEŞTI,737599,37,166869,23,3,1,RO216
3,166921,MĂRĂŞEŞTI,737601,37,166869,23,3,1,RO216
3,166930,OBÂRŞENI,737602,37,166869,23,3,1,RO216
3,166949,OBÂRŞENII LINGURARI,737603,37,166869,23,3,1,RO216
3,166958,RUGĂRIA,737604,37,166869,23,3,1,RO216
3,166967,STÂNCĂŞENI,737606,37,166869,23,3,1,RO216
3,166976,URICARI,737607,37,166869,23,3,1,RO216
2,166985,VULTUREŞTI,,37,378,3,3,1,RO216
3,166994,VULTUREŞTI,737615,37,166985,22,3,1,RO216
3,167008,BUHĂIEŞTI,737616,37,166985,23,3,1,RO216
3,167017,PODENI,737617,37,166985,23,3,1,RO216
3,167026,VOINEŞTI,737618,37,166985,23,3,1,RO216
2,167035,VUTCANI,,37,378,3,3,1,RO216
3,167044,VUTCANI,737620,37,167035,22,3,1,RO216
3,167053,MĂLĂIEŞTI,737621,37,167035,23,3,1,RO216
3,167062,POŞTA ELAN,737622,37,167035,23,3,1,RO216
2,167071,ZĂPODENI,,37,378,3,3,1,RO216
3,167080,ZĂPODENI,737625,37,167071,22,3,1,RO216
3,167099,BUTUCĂRIA,737626,37,167071,23,3,1,RO216
3,167106,CIOFENI,737627,37,167071,23,3,1,RO216
3,167115,DELEA,737628,37,167071,23,3,1,RO216
3,167124,DOBROSLOVEŞTI,737629,37,167071,23,3,1,RO216
3,167133,MĂCREŞTI,737631,37,167071,23,3,1,RO216
3,167142,PORTARI,737632,37,167071,23,3,1,RO216
3,167151,TELEJNA,737633,37,167071,23,3,1,RO216
3,167160,UNCEŞTI,737634,37,167071,23,3,1,RO216
2,167179,ZORLENI,,37,378,3,3,1,RO216
3,167188,ZORLENI,737635,37,167179,22,3,1,RO216
3,167197,DEALU MARE,737636,37,167179,23,3,1,RO216
3,167204,POPENI,737637,37,167179,23,3,1,RO216
3,167213,SIMILA,737638,37,167179,23,3,1,RO216
1,387,JUDEŢUL VÂLCEA,,38,1,40,0,4,RO415
2,167473,MUNICIPIUL RÂMNICU VÂLCEA,,38,387,1,1,4,RO415
3,167482,RÂMNICU VÂLCEA,240011,38,167473,9,1,4,RO415
3,167491,ARANGHEL,240001,38,167473,10,1,4,RO415
3,167507,CĂZĂNEŞTI,240002,38,167473,10,1,4,RO415
3,167516,COPĂCELU,240003,38,167473,10,1,4,RO415
3,167525,DEALU MALULUI,240004,38,167473,10,1,4,RO415
3,167605,FEŢENI,240299,38,167473,11,1,4,RO415
3,167598,GORANU,240440,38,167473,11,1,4,RO415
3,167614,LESPEZI,240292,38,167473,11,1,4,RO415
3,167534,POENARI,240005,38,167473,10,1,4,RO415
3,167543,PRIBA,240006,38,167473,10,1,4,RO415
3,167552,RÂURENI,240050,38,167473,10,1,4,RO415
3,167623,SĂLIŞTEA,240644,38,167473,11,1,4,RO415
3,167561,STOLNICENI,240007,38,167473,10,1,4,RO415
3,167570,TROIAN,240008,38,167473,10,1,4,RO415
2,167981,MUNICIPIUL DRĂGĂŞANI,,38,387,4,1,4,RO415
3,167990,DRĂGĂŞANI,245700,38,167981,9,1,4,RO415
3,168005,VALEA CASELOR,245701,38,167981,10,1,4,RO415
3,168014,ZĂRNENI,245702,38,167981,10,1,4,RO415
3,168023,ZLĂTĂREI,245703,38,167981,10,1,4,RO415
2,168372,ORAŞ BĂBENI,,38,387,2,1,4,RO415
3,168381,BĂBENI,245100,38,168372,17,1,4,RO415
3,168390,BONCIU,245101,38,168372,19,1,4,RO415
3,168407,CAPU DEALULUI,245102,38,168372,19,1,4,RO415
3,168416,PĂDUREŢU,245103,38,168372,19,1,4,RO415
3,168425,ROMÂNI,245104,38,168372,19,1,4,RO415
3,168434,TĂTĂRANI,245105,38,168372,19,1,4,RO415
3,168443,VALEA MARE,245106,38,168372,19,1,4,RO415
2,167641,ORAŞ BĂILE GOVORA,,38,387,2,1,4,RO415
3,167678,PRAJILA,245203,38,167641,17,1,4,RO415
3,167650,CURĂTURILE,245201,38,167641,18,1,4,RO415
3,167669,GĂTEJEŞTI,245202,38,167641,18,1,4,RO415
2,167696,ORAŞ BĂILE OLĂNEŞTI,,38,387,2,1,4,RO415
3,167730,LIVADIA,245304,38,167696,17,1,4,RO415
3,167703,CHEIA,245301,38,167696,18,1,4,RO415
3,167712,COMANCA,245302,38,167696,18,1,4,RO415
3,167721,GURGUIATA,245303,38,167696,18,1,4,RO415
3,167749,MOŞOROAŞA,245305,38,167696,18,1,4,RO415
3,167758,OLĂNEŞTI,245306,38,167696,18,1,4,RO415
3,167767,PIETRIŞU,245307,38,167696,18,1,4,RO415
3,167776,TISA,245308,38,167696,18,1,4,RO415
2,168452,ORAŞ BĂLCEŞTI,,38,387,2,1,4,RO415
3,168461,BĂLCEŞTI,245400,38,168452,17,1,4,RO415
3,168470,BENEŞTI,245401,38,168452,19,1,4,RO415
3,168498,CÂRLOGANI,245402,38,168452,19,1,4,RO415
3,168489,CHIRCULEŞTI,245403,38,168452,19,1,4,RO415
3,168504,GORUNEŞTI,245404,38,168452,19,1,4,RO415
3,168513,IRIMEŞTI,245405,38,168452,19,1,4,RO415
3,168522,OTETELIŞU,245406,38,168452,19,1,4,RO415
3,168531,PREOTEŞTI,245407,38,168452,19,1,4,RO415
3,168540,SATU POIENI,245408,38,168452,19,1,4,RO415
2,168602,ORAŞ BERBEŞTI,,38,387,2,1,4,RO415
3,168611,BERBEŞTI,247030,38,168602,17,1,4,RO415
3,168620,DĂMŢENI,247031,38,168602,18,1,4,RO415
3,168639,DEALU ALUNIŞ,247032,38,168602,18,1,4,RO415
3,168648,ROŞIOARA,247033,38,168602,18,1,4,RO415
3,168657,TÂRGU GÂNGULEŞTI,247034,38,168602,18,1,4,RO415
3,168666,VALEA MARE,247036,38,168602,18,1,4,RO415
2,167794,ORAŞ BREZOI,,38,387,2,1,4,RO415
3,167801,BREZOI,245500,38,167794,17,1,4,RO415
3,167810,CĂLINEŞTI,245501,38,167794,19,1,4,RO415
3,167829,CORBU,245502,38,167794,19,1,4,RO415
3,167838,DRĂGĂNEŞTI,245503,38,167794,19,1,4,RO415
3,167847,GOLOTRENI,245504,38,167794,19,1,4,RO415
3,167856,PĂSCOAIA,245505,38,167794,19,1,4,RO415
3,167865,PROIENI,245506,38,167794,19,1,4,RO415
3,167874,VALEA LUI STAN,245507,38,167794,19,1,4,RO415
3,167883,VĂRATICA,245508,38,167794,19,1,4,RO415
2,167909,ORAŞ CĂLIMĂNEŞTI,,38,387,2,1,4,RO415
3,167918,CĂLIMĂNEŞTI,245600,38,167909,17,1,4,RO415
3,167927,CĂCIULATA,245601,38,167909,18,1,4,RO415
3,167936,JIBLEA NOUĂ,245602,38,167909,18,1,4,RO415
3,167945,JIBLEA VECHE,245603,38,167909,18,1,4,RO415
3,167954,PĂUŞA,245604,38,167909,18,1,4,RO415
3,167963,SEACA,245605,38,167909,18,1,4,RO415
2,168041,ORAŞ HOREZU,,38,387,2,1,4,RO415
3,168050,HOREZU,245800,38,168041,17,1,4,RO415
3,168069,IFRIMEŞTI,245801,38,168041,19,1,4,RO415
3,168078,RÂMEŞTI,245802,38,168041,19,1,4,RO415
3,168087,ROMANII DE JOS,245803,38,168041,19,1,4,RO415
3,168096,ROMANII DE SUS,245804,38,168041,19,1,4,RO415
3,168103,TĂNĂSEŞTI,245805,38,168041,19,1,4,RO415
3,168112,URŞANI,245806,38,168041,19,1,4,RO415
2,168130,ORAŞ OCNELE MARI,,38,387,2,1,4,RO415
3,168176,GURA SUHAŞULUI,245904,38,168130,17,1,4,RO415
3,168149,BUDA,245901,38,168130,18,1,4,RO415
3,168158,COSOTA,245902,38,168130,18,1,4,RO415
3,168167,FĂCĂI,245903,38,168130,18,1,4,RO415
3,168185,LUNCA,245905,38,168130,18,1,4,RO415
3,168194,OCNIŢA,245906,38,168130,18,1,4,RO415
3,168201,SLĂTIOARELE,245907,38,168130,18,1,4,RO415
3,168210,ŢEICA,245908,38,168130,18,1,4,RO415
2,168229,ALUNU,,38,387,3,3,4,RO415
3,168238,ALUNU,247005,38,168229,22,3,4,RO415
3,168247,BODEŞTI,247006,38,168229,23,3,4,RO415
3,168256,COLTEŞTI,247007,38,168229,23,3,4,RO415
3,168265,IGOIU,247008,38,168229,23,3,4,RO415
3,168274,ILACIU,247009,38,168229,23,3,4,RO415
3,168283,OCRACU,247011,38,168229,23,3,4,RO415
3,168292,ROŞIA,247012,38,168229,23,3,4,RO415
2,168309,AMĂRĂŞTI,,38,387,3,3,4,RO415
3,168318,AMĂRĂŞTI,247015,38,168309,22,3,4,RO415
3,168327,MEREŞEŞTI,247016,38,168309,23,3,4,RO415
3,168336,NEMOIU,247017,38,168309,23,3,4,RO415
3,168345,PADINA,247018,38,168309,23,3,4,RO415
3,168354,PALANGA,247019,38,168309,23,3,4,RO415
3,168363,TEIUL,247021,38,168309,23,3,4,RO415
2,168559,BĂRBĂTEŞTI,,38,387,3,3,4,RO415
3,168568,BODEŞTI,247027,38,168559,22,3,4,RO415
3,168577,BĂRBĂTEŞTI,247025,38,168559,23,3,4,RO415
3,168586,BÂRZEŞTI,247026,38,168559,23,3,4,RO415
3,168595,NEGRULEŞTI,247028,38,168559,23,3,4,RO415
2,168675,BERISLĂVEŞTI,,38,387,3,3,4,RO415
3,168684,STOENEŞTI,247047,38,168675,22,3,4,RO415
3,168693,BERISLĂVEŞTI,247040,38,168675,23,3,4,RO415
3,168700,BRĂDIŞOR,247041,38,168675,23,3,4,RO415
3,168719,DÂNGEŞTI,247042,38,168675,23,3,4,RO415
3,168728,RĂDĂCINEŞTI,247043,38,168675,23,3,4,RO415
3,168737,ROBAIA,247044,38,168675,23,3,4,RO415
3,168746,SCĂUENI,247046,38,168675,23,3,4,RO415
2,168755,BOIŞOARA,,38,387,3,3,4,RO415
3,168764,BOIŞOARA,247050,38,168755,22,3,4,RO415
3,168773,BUMBUEŞTI,247051,38,168755,23,3,4,RO415
3,168782,GĂUJANI,247052,38,168755,23,3,4,RO415
2,168791,BUDEŞTI,,38,387,3,3,4,RO415
3,168808,BUDEŞTI,247055,38,168791,22,3,4,RO415
3,168817,BARZA,247056,38,168791,23,3,4,RO415
3,168835,BÂRSEŞTI,247057,38,168791,23,3,4,RO415
3,168826,BERCIOIU,247058,38,168791,23,3,4,RO415
3,168844,LINIA,247059,38,168791,23,3,4,RO415
3,168853,PISCU PIETREI,247061,38,168791,23,3,4,RO415
3,168862,RACOVIŢA,247062,38,168791,23,3,4,RO415
3,168871,RUDA,247063,38,168791,23,3,4,RO415
2,168880,BUJORENI,,38,387,3,3,4,RO415
3,168899,OLTENI,247072,38,168880,22,3,4,RO415
3,168906,BOGDĂNEŞTI,247066,38,168880,23,3,4,RO415
3,168915,BUJORENI,247065,38,168880,23,3,4,RO415
3,168924,GURA VĂII,247067,38,168880,23,3,4,RO415
3,168933,LUNCA,247068,38,168880,23,3,4,RO415
3,168942,MALU ALB,247069,38,168880,23,3,4,RO415
3,168951,MALU VÂRTOP,247071,38,168880,23,3,4,RO415
2,168960,BUNEŞTI,,38,387,3,3,4,RO415
3,168979,BUNEŞTI,247075,38,168960,22,3,4,RO415
3,168988,COASTA MARE,247076,38,168960,23,3,4,RO415
3,168997,FIREŞTI,247077,38,168960,23,3,4,RO415
3,169002,RÂPĂNEŞTI,247078,38,168960,23,3,4,RO415
3,169011,TEIUŞU,247079,38,168960,23,3,4,RO415
3,169020,TITIRECI,247081,38,168960,23,3,4,RO415
2,169119,CÂINENI,,38,387,3,3,4,RO415
3,169128,CÂINENII MICI,247087,38,169119,22,3,4,RO415
3,169137,CÂINENII MARI,247086,38,169119,23,3,4,RO415
3,169146,GREBLEŞTI,247088,38,169119,23,3,4,RO415
3,169155,PRILOAGE,247089,38,169119,23,3,4,RO415
3,169164,RÂU VADULUI,247091,38,169119,23,3,4,RO415
3,169173,ROBEŞTI,247092,38,169119,23,3,4,RO415
2,169039,CERNIŞOARA,,38,387,3,3,4,RO415
3,169048,ARMĂŞEŞTI,247096,38,169039,22,3,4,RO415
3,169057,CERNIŞOARA,247095,38,169039,23,3,4,RO415
3,169066,GROŞI,247097,38,169039,23,3,4,RO415
3,169075,MĂDULARI,247098,38,169039,23,3,4,RO415
3,169084,MODOIA,247099,38,169039,23,3,4,RO415
3,169093,OBÂRŞIA,247101,38,169039,23,3,4,RO415
3,169100,SĂRSĂNEŞTI,247102,38,169039,23,3,4,RO415
2,169182,COPĂCENI,,38,387,3,3,4,RO415
3,169191,ULMETU,247109,38,169182,22,3,4,RO415
3,169208,BĂLTENI,247106,38,169182,23,3,4,RO415
3,169217,BONDOCI,247107,38,169182,23,3,4,RO415
3,169226,COPĂCENI,247105,38,169182,23,3,4,RO415
3,169235,HOTĂRASA,247108,38,169182,23,3,4,RO415
3,169244,VEŢELU,247111,38,169182,23,3,4,RO415
2,169253,COSTEŞTI,,38,387,3,3,4,RO415
3,169262,COSTEŞTI,247115,38,169253,22,3,4,RO415
3,169271,BISTRIŢA,247116,38,169253,23,3,4,RO415
3,169280,PIETRENI,247117,38,169253,23,3,4,RO415
3,169299,VĂRATICI,247118,38,169253,23,3,4,RO415
2,169306,CREŢENI,,38,387,3,3,4,RO415
3,169315,CREŢENI,247120,38,169306,22,3,4,RO415
3,169324,IZVORU,247121,38,169306,23,3,4,RO415
3,169333,MRENEŞTI,247122,38,169306,23,3,4,RO415
3,169342,STREMINOASA,247123,38,169306,23,3,4,RO415
2,169351,DĂEŞTI,,38,387,3,3,4,RO415
3,169360,DĂEŞTI,247125,38,169351,22,3,4,RO415
3,169379,BĂBUEŞTI,247126,38,169351,23,3,4,RO415
3,169388,FEDELEŞOIU,247127,38,169351,23,3,4,RO415
3,169397,SÂNBOTIN,247128,38,169351,23,3,4,RO415
2,169404,DĂNICEI,,38,387,3,3,4,RO415
3,169413,DEALU LĂUNELE,247134,38,169404,22,3,4,RO415
3,169422,BĂDENI,247131,38,169404,23,3,4,RO415
3,169431,CERETU,247132,38,169404,23,3,4,RO415
3,169440,CIREŞUL,247133,38,169404,23,3,4,RO415
3,169459,DEALU SCHEIULUI,247136,38,169404,23,3,4,RO415
3,169468,DOBREŞTI,247137,38,169404,23,3,4,RO415
3,169477,DRĂGULEŞTI,247138,38,169404,23,3,4,RO415
3,169486,GLODU,247139,38,169404,23,3,4,RO415
3,169495,GURA CRUCILOR,247141,38,169404,23,3,4,RO415
3,169501,LĂUNELE DE JOS,247142,38,169404,23,3,4,RO415
3,169510,LINIA PE VALE,247143,38,169404,23,3,4,RO415
3,169529,UDREŞTI,247144,38,169404,23,3,4,RO415
3,169538,VALEA SCHEIULUI,247146,38,169404,23,3,4,RO415
2,174502,DICULEŞTI,,38,387,3,3,4,RO415
3,169609,BĂBENI-OLTEŢU,247156,38,174502,22,3,4,RO415
3,169618,BUDEŞTI,247157,38,174502,23,3,4,RO415
3,169636,COLELIA,247159,38,174502,23,3,4,RO415
3,169645,DICULEŞTI,247161,38,174502,23,3,4,RO415
2,169547,DRĂGOEŞTI,,38,387,3,3,4,RO415
3,169556,DRĂGOEŞTI,247150,38,169547,22,3,4,RO415
3,169565,BUCIUMENI,247151,38,169547,23,3,4,RO415
3,169574,GEAMĂNA,247152,38,169547,23,3,4,RO415
2,169583,FĂUREŞTI,,38,387,3,3,4,RO415
3,169592,MILEŞTI,247164,38,169583,22,3,4,RO415
3,169627,BUNGEŢANI,247158,38,169583,23,3,4,RO415
3,169654,FĂUREŞTI,247155,38,169583,23,3,4,RO415
3,169663,GĂINEŞTI,247162,38,169583,23,3,4,RO415
3,169672,MĂRCUŞU,247163,38,169583,23,3,4,RO415
2,169681,FÂRTĂŢEŞTI,,38,387,3,3,4,RO415
3,169690,FÂRTĂŢEŞTI,247165,38,169681,22,3,4,RO415
3,169707,AFÂNATA,247166,38,169681,23,3,4,RO415
3,169716,BECŞANI,247167,38,169681,23,3,4,RO415
3,169725,CĂŢETU,247168,38,169681,23,3,4,RO415
3,169734,CUCI,247169,38,169681,23,3,4,RO415
3,169743,DĂNCĂI,247171,38,169681,23,3,4,RO415
3,169752,DEJOI,247172,38,169681,23,3,4,RO415
3,169761,DOZEŞTI,247173,38,169681,23,3,4,RO415
3,169798,GÂRNICET,247174,38,169681,23,3,4,RO415
3,169770,GIULEŞTI,247176,38,169681,23,3,4,RO415
3,169789,GIULEŞTII DE SUS,247177,38,169681,23,3,4,RO415
3,169805,MĂRICEŞTI,247178,38,169681,23,3,4,RO415
3,169814,NISIPI,247179,38,169681,23,3,4,RO415
3,169823,POPEŞTI,247181,38,169681,23,3,4,RO415
3,169832,RUSĂNEŞTI,247182,38,169681,23,3,4,RO415
3,169841,SECIU,247183,38,169681,23,3,4,RO415
3,169850,STĂNCULEŞTI,247184,38,169681,23,3,4,RO415
3,169869,ŞOTANI,247186,38,169681,23,3,4,RO415
3,169878,TANISLAVI,247187,38,169681,23,3,4,RO415
3,169887,VALEA URSULUI,247188,38,169681,23,3,4,RO415
2,169896,FRÂNCEŞTI,,38,387,3,3,4,RO415
3,169903,FRÂNCEŞTI,247195,38,169896,22,3,4,RO415
3,169912,BĂLUŢOAIA,247196,38,169896,23,3,4,RO415
3,169921,COŞANI,247197,38,169896,23,3,4,RO415
3,169930,DEZROBIŢI,247198,38,169896,23,3,4,RO415
3,169949,GENUNENI,247199,38,169896,23,3,4,RO415
3,169958,MĂNĂILEŞTI,247201,38,169896,23,3,4,RO415
3,169967,MOŞTENI,247202,38,169896,23,3,4,RO415
3,169976,SURPATELE,247203,38,169896,23,3,4,RO415
3,169985,VIIŞOARA,247204,38,169896,23,3,4,RO415
2,169994,GALICEA,,38,387,3,3,4,RO415
3,170006,GALICEA,247205,38,169994,22,3,4,RO415
3,170015,BRATIA DIN DEAL,247206,38,169994,23,3,4,RO415
3,170024,BRATIA DIN VALE,247207,38,169994,23,3,4,RO415
3,170033,COCORU,247208,38,169994,23,3,4,RO415
3,170042,CREMENARI,247209,38,169994,23,3,4,RO415
3,170051,DEALU MARE,247211,38,169994,23,3,4,RO415
3,170060,OSTROVENI,247212,38,169994,23,3,4,RO415
3,170079,TEIU,247213,38,169994,23,3,4,RO415
3,170088,VALEA RÂULUI,247214,38,169994,23,3,4,RO415
2,170097,GHIOROIU,,38,387,3,3,4,RO415
3,170104,GHIOROIU,247215,38,170097,22,3,4,RO415
3,170113,CĂZĂNEŞTI,247216,38,170097,23,3,4,RO415
3,170122,HERĂŞTI,247217,38,170097,23,3,4,RO415
3,170131,MIEREA,247218,38,170097,23,3,4,RO415
3,170140,POIENARI,247219,38,170097,23,3,4,RO415
3,170159,ŞTIRBEŞTI,247221,38,170097,23,3,4,RO415
2,170168,GLĂVILE,,38,387,3,3,4,RO415
3,170177,GLĂVILE,247225,38,170168,22,3,4,RO415
3,170186,ANINOASA,247226,38,170168,23,3,4,RO415
3,170195,JAROŞTEA,247227,38,170168,23,3,4,RO415
3,170202,OLTEANCA,247228,38,170168,23,3,4,RO415
3,170211,VOICULEASA,247229,38,170168,23,3,4,RO415
2,170220,GOLEŞTI,,38,387,3,3,4,RO415
3,170239,POPEŞTI,247241,38,170220,22,3,4,RO415
3,170248,ALDEŞTI,247231,38,170220,23,3,4,RO415
3,170257,BLIDARI,247232,38,170220,23,3,4,RO415
3,170266,COASTA,247233,38,170220,23,3,4,RO415
3,170275,DRĂGĂNEŞTI,247234,38,170220,23,3,4,RO415
3,170284,GIBEŞTI,247236,38,170220,23,3,4,RO415
3,170293,GIURGIUVENI,247237,38,170220,23,3,4,RO415
3,170300,OPĂTEŞTI,247238,38,170220,23,3,4,RO415
3,170319,POENIŢA,247239,38,170220,23,3,4,RO415
3,170328,TULEI-CÂMPENI,247242,38,170220,23,3,4,RO415
3,170337,VĂTĂŞEŞTI,247243,38,170220,23,3,4,RO415
2,170346,GRĂDIŞTEA,,38,387,3,3,4,RO415
3,170355,GRĂDIŞTEA,247250,38,170346,22,3,4,RO415
3,170364,DIACONEŞTI,247251,38,170346,23,3,4,RO415
3,170373,DOBRICEA,247252,38,170346,23,3,4,RO415
3,170382,LINIA,247253,38,170346,23,3,4,RO415
3,170391,OBISLAVU,247254,38,170346,23,3,4,RO415
3,170408,STRĂCHINEŞTI,247256,38,170346,23,3,4,RO415
3,170417,TURBUREA,247257,38,170346,23,3,4,RO415
3,170426,ŢUŢURU,247258,38,170346,23,3,4,RO415
3,170435,VALEA GRĂDIŞTEI,247259,38,170346,23,3,4,RO415
2,170444,GUŞOENI,,38,387,3,3,4,RO415
3,170453,GUŞOENI,247260,38,170444,22,3,4,RO415
3,170462,BURDĂLEŞTI,247261,38,170444,23,3,4,RO415
3,170471,DEALU MARE,247262,38,170444,23,3,4,RO415
3,170480,GUŞOIANCA,247263,38,170444,23,3,4,RO415
3,170499,MĂGURENI,247264,38,170444,23,3,4,RO415
3,170505,SPÂRLENI,247266,38,170444,23,3,4,RO415
2,170514,IONEŞTI,,38,387,3,3,4,RO415
3,170523,IONEŞTI,247270,38,170514,22,3,4,RO415
3,170532,BUCŞANI,247271,38,170514,23,3,4,RO415
3,170541,DEALU MARE,247272,38,170514,23,3,4,RO415
3,170550,DELURENI,247273,38,170514,23,3,4,RO415
3,170569,FIŞCĂLIA,247274,38,170514,23,3,4,RO415
3,170578,FOTEŞTI,247276,38,170514,23,3,4,RO415
3,170587,GUGUIANCA,247277,38,170514,23,3,4,RO415
3,170596,MARCEA,247278,38,170514,23,3,4,RO415
3,170603,PRODĂNEŞTI,247279,38,170514,23,3,4,RO415
2,170612,LALOŞU,,38,387,3,3,4,RO415
3,170621,LALOŞU,247280,38,170612,22,3,4,RO415
3,170630,BERBEŞTI,247281,38,170612,23,3,4,RO415
3,170649,GHINDARI,247282,38,170612,23,3,4,RO415
3,170658,MOLOGEŞTI,247283,38,170612,23,3,4,RO415
3,170667,OLTEŢANI,247284,38,170612,23,3,4,RO415
3,170676,PORTĂREŞTI,247286,38,170612,23,3,4,RO415
2,174511,LĂCUSTENI,,38,387,3,3,4,RO415
3,174334,CONTEA,247758,38,174511,22,3,4,RO415
3,174370,GĂNEŞTI,247763,38,174511,23,3,4,RO415
3,174389,LĂCUSTENI,247764,38,174511,23,3,4,RO415
3,174398,LĂCUSTENII DE JOS,247766,38,174511,23,3,4,RO415
3,174405,LĂCUSTENII DE SUS,247767,38,174511,23,3,4,RO415
2,170685,LĂDEŞTI,,38,387,3,3,4,RO415
3,170694,LĂDEŞTI,247290,38,170685,22,3,4,RO415
3,170701,CERMEGEŞTI,247291,38,170685,23,3,4,RO415
3,170710,CHIRICEŞTI,247292,38,170685,23,3,4,RO415
3,170729,CIUMAGI,247293,38,170685,23,3,4,RO415
3,170738,DEALU CORNI,247294,38,170685,23,3,4,RO415
3,170747,GĂGENI,247296,38,170685,23,3,4,RO415
3,170756,MĂLDĂREŞTI,247297,38,170685,23,3,4,RO415
3,170765,OLTEANCA,247298,38,170685,23,3,4,RO415
3,170774,PĂSCULEŞTI,247299,38,170685,23,3,4,RO415
3,170783,POPEŞTI,247301,38,170685,23,3,4,RO415
2,170792,LĂPUŞATA,,38,387,3,3,4,RO415
3,170809,SĂRULEŞTI,247309,38,170792,22,3,4,RO415
3,170818,BEREŞTI,247306,38,170792,23,3,4,RO415
3,170827,BROŞTENI,247307,38,170792,23,3,4,RO415
3,170836,MIJAŢI,247308,38,170792,23,3,4,RO415
3,170845,SCORUŞU,247311,38,170792,23,3,4,RO415
3,170854,ŞERBĂNEŞTI,247312,38,170792,23,3,4,RO415
3,170863,ZĂRNEŞTI,247313,38,170792,23,3,4,RO415
2,170872,LIVEZI,,38,387,3,3,4,RO415
3,170881,LIVEZI,247315,38,170872,22,3,4,RO415
3,170890,PĂRĂUŞANI,247316,38,170872,23,3,4,RO415
3,170907,PÂRÂIENII DE JOS,247317,38,170872,23,3,4,RO415
3,170916,PÂRÂIENII DE MIJLOC,247318,38,170872,23,3,4,RO415
3,170925,PÂRÂIENII DE SUS,247319,38,170872,23,3,4,RO415
3,170934,PLEŞOIU,247321,38,170872,23,3,4,RO415
3,170943,TINA,247322,38,170872,23,3,4,RO415
2,170952,LUNGEŞTI,,38,387,3,3,4,RO415
3,170961,LUNGEŞTI,247325,38,170952,22,3,4,RO415
3,170970,CARCADIEŞTI,247326,38,170952,23,3,4,RO415
3,170989,DUMBRAVA,247327,38,170952,23,3,4,RO415
3,170998,FUMURENI,247328,38,170952,23,3,4,RO415
3,171003,GĂNŢULEI,247329,38,170952,23,3,4,RO415
3,171012,STĂNEŞTI-LUNCA,247331,38,170952,23,3,4,RO415
2,171021,MALAIA,,38,387,3,3,4,RO415
3,171030,MALAIA,247335,38,171021,22,3,4,RO415
3,171049,CIUNGETU,247336,38,171021,23,3,4,RO415
3,171058,SĂLIŞTEA,247337,38,171021,23,3,4,RO415
2,171067,MATEEŞTI,,38,387,3,3,4,RO415
3,171076,MATEEŞTI,247340,38,171067,22,3,4,RO415
3,171085,GRECI,247341,38,171067,23,3,4,RO415
3,171094,TURCEŞTI,247342,38,171067,23,3,4,RO415
2,171101,MĂCIUCA,,38,387,3,3,4,RO415
3,171110,OVESELU,247352,38,171101,22,3,4,RO415
3,171129,BOCŞA,247346,38,171101,23,3,4,RO415
3,171138,BOTORANI,247347,38,171101,23,3,4,RO415
3,171147,CIOCĂNARI,247348,38,171101,23,3,4,RO415
3,171156,MĂCIUCENI,247349,38,171101,23,3,4,RO415
3,171165,MĂLDĂREŞTI,247351,38,171101,23,3,4,RO415
3,171174,POPEŞTI,247353,38,171101,23,3,4,RO415
3,171183,ŞTEFĂNEŞTI,247354,38,171101,23,3,4,RO415
3,171192,ZĂVOIENI,247356,38,171101,23,3,4,RO415
2,171209,MĂDULARI,,38,387,3,3,4,RO415
3,171218,MĂDULARI,247360,38,171209,22,3,4,RO415
3,171227,BĂLŞOARA,247361,38,171209,23,3,4,RO415
3,171236,BĂNŢEŞTI,247362,38,171209,23,3,4,RO415
3,171245,DIMULEŞTI,247363,38,171209,23,3,4,RO415
3,171254,IACOVILE,247364,38,171209,23,3,4,RO415
3,171263,MAMU,247366,38,171209,23,3,4,RO415
2,171272,MĂLDĂREŞTI,,38,387,3,3,4,RO415
3,171281,MĂLDĂREŞTI,247370,38,171272,22,3,4,RO415
3,171290,MĂLDĂREŞTII DE JOS,247371,38,171272,23,3,4,RO415
3,171307,ROŞOVENI,247372,38,171272,23,3,4,RO415
3,171316,TELECHEŞTI,247373,38,171272,23,3,4,RO415
2,171325,MIHĂEŞTI,,38,387,3,3,4,RO415
3,171334,BULETA,247378,38,171325,22,3,4,RO415
3,171343,ARSANCA,247376,38,171325,23,3,4,RO415
3,171352,BÂRSEŞTI,247377,38,171325,23,3,4,RO415
3,171361,GOVORA,247379,38,171325,23,3,4,RO415
3,171370,GURIŞOARA,247381,38,171325,23,3,4,RO415
3,171389,MĂGURA,247382,38,171325,23,3,4,RO415
3,171398,MIHĂEŞTI,247375,38,171325,23,3,4,RO415
3,171405,MUNTENI,247383,38,171325,23,3,4,RO415
3,171414,NEGRENI,247384,38,171325,23,3,4,RO415
3,171423,RUGETU,247386,38,171325,23,3,4,RO415
3,171432,SCĂRIŞOARA,247387,38,171325,23,3,4,RO415
3,171441,STUPĂREI,247388,38,171325,23,3,4,RO415
3,171450,VULPUEŞTI,247389,38,171325,23,3,4,RO415
2,171469,MILCOIU,,38,387,3,3,4,RO415
3,171478,MILCOIU,247395,38,171469,22,3,4,RO415
3,171487,CĂZĂNEŞTI,247396,38,171469,23,3,4,RO415
3,171496,CIUTEŞTI,247397,38,171469,23,3,4,RO415
3,171502,IZBĂSEŞTI,247398,38,171469,23,3,4,RO415
3,171511,ŞURICARU,247399,38,171469,23,3,4,RO415
3,171520,TEPŞENARI,247401,38,171469,23,3,4,RO415
2,174520,MITROFANI,,38,387,3,3,4,RO415
3,173659,MITROFANI,247676,38,174520,22,3,4,RO415
3,173622,CETĂŢEAUA,247672,38,174520,23,3,4,RO415
3,173631,IZVORAŞU,247673,38,174520,23,3,4,RO415
3,173668,RACU,247677,38,174520,23,3,4,RO415
2,171539,MUEREASCA,,38,387,3,3,4,RO415
3,171548,MUEREASCA,247405,38,171539,22,3,4,RO415
3,171557,ANDREIEŞTI,247406,38,171539,23,3,4,RO415
3,171566,FRÂNCEŞTI-COASTA,247407,38,171539,23,3,4,RO415
3,171575,GĂVĂNEŞTI,247408,38,171539,23,3,4,RO415
3,171584,HOTARELE,247409,38,171539,23,3,4,RO415
3,171593,MUEREASCA DE SUS,247411,38,171539,23,3,4,RO415
3,171600,PRIPOARA,247412,38,171539,23,3,4,RO415
3,171619,ŞUTA,247413,38,171539,23,3,4,RO415
2,171628,NICOLAE BĂLCESCU,,38,387,3,3,4,RO415
3,171637,ROTĂRĂŞTI,247429,38,171628,22,3,4,RO415
3,171646,BĂNEŞTI,247416,38,171628,23,3,4,RO415
3,171655,CORBII DIN VALE,247417,38,171628,23,3,4,RO415
3,171664,DOSU RÂULUI,247418,38,171628,23,3,4,RO415
3,171682,GÂLTOFANI,247419,38,171628,23,3,4,RO415
3,171673,GINERICA,247421,38,171628,23,3,4,RO415
3,171691,LINIA HANULUI,247422,38,171628,23,3,4,RO415
3,171708,MĂZĂRARU,247423,38,171628,23,3,4,RO415
3,171717,MÂNGURENI,247424,38,171628,23,3,4,RO415
3,171726,PLEŞOIU,247426,38,171628,23,3,4,RO415
3,171735,POPEŞTI,247427,38,171628,23,3,4,RO415
3,171744,PREDEŞTI,247428,38,171628,23,3,4,RO415
3,171753,SCHITU,247431,38,171628,23,3,4,RO415
3,171762,ŞERBĂNEASA,247432,38,171628,23,3,4,RO415
3,171771,TUFANII,247433,38,171628,23,3,4,RO415
3,171780,VALEA BĂLCEASCĂ,247434,38,171628,23,3,4,RO415
3,171799,VALEA VIEI,247436,38,171628,23,3,4,RO415
2,171806,OLANU,,38,387,3,3,4,RO415
3,171815,OLANU,247440,38,171806,22,3,4,RO415
3,171824,CASA VECHE,247441,38,171806,23,3,4,RO415
3,171833,CIOBOŢI,247442,38,171806,23,3,4,RO415
3,171842,DRĂGIOIU,247443,38,171806,23,3,4,RO415
3,171851,NICOLEŞTI,247444,38,171806,23,3,4,RO415
3,171860,STOICĂNEŞTI,247446,38,171806,23,3,4,RO415
2,171879,ORLEŞTI,,38,387,3,3,4,RO415
3,171888,ORLEŞTI,247450,38,171879,22,3,4,RO415
3,171897,AUREŞTI,247451,38,171879,23,3,4,RO415
3,171904,PROCOPOAIA,247452,38,171879,23,3,4,RO415
3,171913,SCAIOŞI,247453,38,171879,23,3,4,RO415
3,171922,SILEA,247454,38,171879,23,3,4,RO415
2,171931,OTEŞANI,,38,387,3,3,4,RO415
3,171940,OTEŞANI,247455,38,171931,22,3,4,RO415
3,171959,BOGDĂNEŞTI,247456,38,171931,23,3,4,RO415
3,171968,CÂRSTĂNEŞTI,247457,38,171931,23,3,4,RO415
3,171977,CUCEŞTI,247458,38,171931,23,3,4,RO415
3,171986,SUB DEAL,247459,38,171931,23,3,4,RO415
2,171995,PĂUŞEŞTI,,38,387,3,3,4,RO415
3,172000,PĂUŞEŞTI,247460,38,171995,22,3,4,RO415
3,172019,BARCANELE,247461,38,171995,23,3,4,RO415
3,172028,BUZDUGAN,247462,38,171995,23,3,4,RO415
3,172037,CERNELELE,247463,38,171995,23,3,4,RO415
3,172046,PĂUSEŞTI-OTĂSĂU,247464,38,171995,23,3,4,RO415
3,172055,ŞERBĂNEŞTI,247466,38,171995,23,3,4,RO415
3,172064,ŞOLICEŞTI,247467,38,171995,23,3,4,RO415
3,172073,VĂLENI,247468,38,171995,23,3,4,RO415
2,172082,PĂUŞEŞTI-MĂGLAŞI,,38,387,3,3,4,RO415
3,172091,PĂUŞEŞTI-MĂGLAŞI,247470,38,172082,22,3,4,RO415
3,172108,COASTA,247471,38,172082,23,3,4,RO415
3,172117,PIETRARI,247472,38,172082,23,3,4,RO415
3,172126,ULMEŢEL,247473,38,172082,23,3,4,RO415
3,172135,VALEA CHEII,247474,38,172082,23,3,4,RO415
3,172144,VLĂDUCENI,247476,38,172082,23,3,4,RO415
2,172153,PERIŞANI,,38,387,3,3,4,RO415
3,172162,PERIŞANI,247480,38,172153,22,3,4,RO415
3,172171,BĂIAŞU,247481,38,172153,23,3,4,RO415
3,172206,MLĂCENI,247484,38,172153,23,3,4,RO415
3,172215,PODENI,247486,38,172153,23,3,4,RO415
3,172224,POIANA,247487,38,172153,23,3,4,RO415
3,172233,PRIPOARE,247488,38,172153,23,3,4,RO415
3,172242,SPINU,247489,38,172153,23,3,4,RO415
3,172251,SURDOIU,247491,38,172153,23,3,4,RO415
2,172279,PESCEANA,,38,387,3,3,4,RO415
3,172288,PESCEANA,247500,38,172279,22,3,4,RO415
3,172297,CERMEGEŞTI,247501,38,172279,23,3,4,RO415
3,172304,LUPOAIA,247502,38,172279,23,3,4,RO415
3,172313,NEGRAIA,247503,38,172279,23,3,4,RO415
3,172322,ROEŞTI,247504,38,172279,23,3,4,RO415
3,172331,URSOAIA,247506,38,172279,23,3,4,RO415
2,172340,PIETRARI,,38,387,3,3,4,RO415
3,172359,PIETRARI,247510,38,172340,22,3,4,RO415
3,172368,PIETRARII DE SUS,247511,38,172340,23,3,4,RO415
2,172377,POPEŞTI,,38,387,3,3,4,RO415
3,172386,POPEŞTI,247515,38,172377,22,3,4,RO415
3,172395,CURTEA,247516,38,172377,23,3,4,RO415
3,172402,DĂEŞTI,247517,38,172377,23,3,4,RO415
3,172411,FIRIJBA,247518,38,172377,23,3,4,RO415
3,172420,MEIENI,247519,38,172377,23,3,4,RO415
3,172439,URŞI,247521,38,172377,23,3,4,RO415
3,172448,VALEA CASELOR,247522,38,172377,23,3,4,RO415
2,172457,PRUNDENI,,38,387,3,3,4,RO415
3,172466,PRUNDENI,247525,38,172457,22,3,4,RO415
3,172475,BĂRBUCENI,247526,38,172457,23,3,4,RO415
3,172484,CĂLINA,247527,38,172457,23,3,4,RO415
3,172493,ZĂVIDENI,247528,38,172457,23,3,4,RO415
2,172509,RACOVIŢA,,38,387,3,3,4,RO415
3,172518,RACOVIŢA,247530,38,172509,22,3,4,RO415
3,172527,BALOTA,247531,38,172509,23,3,4,RO415
3,172536,BLĂNOIU,247532,38,172509,23,3,4,RO415
3,172545,BRADU-CLOCOTICI,247533,38,172509,23,3,4,RO415
3,172554,COPĂCENI,247534,38,172509,23,3,4,RO415
3,172563,GRUIU LUPULUI,247536,38,172509,23,3,4,RO415
3,172572,TUŢULEŞTI,247537,38,172509,23,3,4,RO415
2,172581,ROEŞTI,,38,387,3,3,4,RO415
3,172590,ROEŞTI,247540,38,172581,22,3,4,RO415
3,172607,BĂIAŞA,247541,38,172581,23,3,4,RO415
3,172616,BĂJENARI,247542,38,172581,23,3,4,RO415
3,172625,BĂRBĂRIGENI,247543,38,172581,23,3,4,RO415
3,172634,CIOCÂLTEI,247544,38,172581,23,3,4,RO415
3,172643,CUENI,247546,38,172581,23,3,4,RO415
3,172652,FRĂSINA,247547,38,172581,23,3,4,RO415
3,172661,PISCU SCOARŢEI,247548,38,172581,23,3,4,RO415
3,172670,RÂPA CĂRĂMIZII,247549,38,172581,23,3,4,RO415
3,172689,SAIOCI,247551,38,172581,23,3,4,RO415
2,172698,ROŞIILE,,38,387,3,3,4,RO415
3,172705,ROŞIILE,247555,38,172698,22,3,4,RO415
3,172714,BALACIU,247556,38,172698,23,3,4,RO415
3,172723,CHERĂŞTI,247557,38,172698,23,3,4,RO415
3,172732,HOTĂROAIA,247558,38,172698,23,3,4,RO415
3,172741,LUPUIEŞTI,247559,38,172698,23,3,4,RO415
3,172750,PĂSĂREI,247561,38,172698,23,3,4,RO415
3,172769,PERTEŞTI,247562,38,172698,23,3,4,RO415
3,172778,PLESEŞTI,247563,38,172698,23,3,4,RO415
3,172787,RĂŢĂLEŞTI,247564,38,172698,23,3,4,RO415
3,172796,ROMÂNEŞTI,247566,38,172698,23,3,4,RO415
3,172803,ZGUBEA,247567,38,172698,23,3,4,RO415
2,172812,RUNCU,,38,387,3,3,4,RO415
3,172821,RUNCU,247575,38,172812,22,3,4,RO415
3,172830,CĂLIGI,247576,38,172812,23,3,4,RO415
3,172849,GROPENI,247577,38,172812,23,3,4,RO415
3,172858,SNAMĂNA,247578,38,172812,23,3,4,RO415
3,172867,SURPAŢI,247579,38,172812,23,3,4,RO415
3,172876,VALEA BABEI,247581,38,172812,23,3,4,RO415
3,172885,VĂRATECI,247582,38,172812,23,3,4,RO415
2,172894,SĂLĂTRUCEL,,38,387,3,3,4,RO415
3,172901,SĂLĂTRUCEL,247585,38,172894,22,3,4,RO415
3,172910,PĂTEŞTI,247586,38,172894,23,3,4,RO415
3,172929,SEACA,247587,38,172894,23,3,4,RO415
3,172938,ŞERBĂNEŞTI,247588,38,172894,23,3,4,RO415
2,172947,SCUNDU,,38,387,3,3,4,RO415
3,172956,SCUNDU,247590,38,172947,22,3,4,RO415
3,172965,AVRĂMEŞTI,247591,38,172947,23,3,4,RO415
3,172974,BLEJANI,247592,38,172947,23,3,4,RO415
3,172983,CRÂNGU,247593,38,172947,23,3,4,RO415
2,172992,SINEŞTI,,38,387,3,3,4,RO415
3,173007,SINEŞTI,247595,38,172992,22,3,4,RO415
3,173016,CIUCHEŢI,247596,38,172992,23,3,4,RO415
3,173025,DEALU BISERICII,247597,38,172992,23,3,4,RO415
3,173034,MIJLOCU,247598,38,172992,23,3,4,RO415
3,173043,POPEŞTI,247599,38,172992,23,3,4,RO415
3,173052,URZICA,247601,38,172992,23,3,4,RO415
2,173061,SLĂTIOARA,,38,387,3,3,4,RO415
3,173114,MOGEŞTI,247609,38,173061,22,3,4,RO415
3,173089,COASTA CERBULUI,247606,38,173061,23,3,4,RO415
3,173098,GORUNEŞTI,247607,38,173061,23,3,4,RO415
3,173105,MILOSTEA,247608,38,173061,23,3,4,RO415
3,173123,RUGETU,247611,38,173061,23,3,4,RO415
3,173070,SLĂTIOARA,247605,38,173061,23,3,4,RO415
2,173132,STĂNEŞTI,,38,387,3,3,4,RO415
3,173141,STĂNEŞTI,247615,38,173132,22,3,4,RO415
3,173150,BĂRCĂNEŞTI,247616,38,173132,23,3,4,RO415
3,173169,CIOPONEŞTI,247617,38,173132,23,3,4,RO415
3,173178,CUCULEŞTI,247618,38,173132,23,3,4,RO415
3,173187,GÂRNICETU,247619,38,173132,23,3,4,RO415
3,173196,LINIA DEALULUI,247621,38,173132,23,3,4,RO415
3,173203,SUIEŞTI,247622,38,173132,23,3,4,RO415
3,173212,VALEA LUNGĂ,247623,38,173132,23,3,4,RO415
3,173221,VÂRLENI,247624,38,173132,23,3,4,RO415
2,173230,STOENEŞTI,,38,387,3,3,4,RO415
3,173249,STOENEŞTI,247625,38,173230,22,3,4,RO415
3,173258,BÂRLOGU,247626,38,173230,23,3,4,RO415
3,173267,BUDURĂŞTI,247627,38,173230,23,3,4,RO415
3,173276,DELENI,247628,38,173230,23,3,4,RO415
3,173285,DOBRICENI,247629,38,173230,23,3,4,RO415
3,173301,GRUIERI,247631,38,173230,23,3,4,RO415
3,173294,GRUIU,247632,38,173230,23,3,4,RO415
3,173310,MOGOŞEŞTI,247633,38,173230,23,3,4,RO415
3,173329,NEGHINEŞTI,247634,38,173230,23,3,4,RO415
3,173338,PISCU MARE,247636,38,173230,23,3,4,RO415
3,173347,POPEŞTI,247637,38,173230,23,3,4,RO415
3,173356,SUSENI,247638,38,173230,23,3,4,RO415
3,173365,ZMEURĂTU,247639,38,173230,23,3,4,RO415
2,173374,STOILEŞTI,,38,387,3,3,4,RO415
3,173383,STOILEŞTI,247645,38,173374,22,3,4,RO415
3,173392,BALOMIREASA,247646,38,173374,23,3,4,RO415
3,173409,BÂRSOIU,247647,38,173374,23,3,4,RO415
3,173418,BULAGEI,247648,38,173374,23,3,4,RO415
3,173427,DELURENI,247649,38,173374,23,3,4,RO415
3,173436,GEAMĂNA,247651,38,173374,23,3,4,RO415
3,173445,GHIOBEŞTI,247652,38,173374,23,3,4,RO415
3,173454,GIUROIU,247653,38,173374,23,3,4,RO415
3,173463,IZVORU RECE,247654,38,173374,23,3,4,RO415
3,173472,MALU,247656,38,173374,23,3,4,RO415
3,173481,NEŢEŞTI,247657,38,173374,23,3,4,RO415
3,173490,OBOGENI,247658,38,173374,23,3,4,RO415
3,173506,STĂNEŞTI,247659,38,173374,23,3,4,RO415
3,173515,URŞI,247661,38,173374,23,3,4,RO415
3,173524,VLĂDULEŞTI,247662,38,173374,23,3,4,RO415
2,173533,STROEŞTI,,38,387,3,3,4,RO415
3,173542,STROEŞTI,247665,38,173533,22,3,4,RO415
3,173551,CIREŞU,247666,38,173533,23,3,4,RO415
3,173560,DIANU,247667,38,173533,23,3,4,RO415
3,173579,OBROCEŞTI,247668,38,173533,23,3,4,RO415
3,173588,POJOGI-CERNA,247669,38,173533,23,3,4,RO415
2,173597,SUTEŞTI,,38,387,3,3,4,RO415
3,173604,SUTEŞTI,247670,38,173597,22,3,4,RO415
3,173613,BOROŞEŞTI,247671,38,173597,23,3,4,RO415
3,173640,MĂZILI,247674,38,173597,23,3,4,RO415
3,173677,VERDEA,247678,38,173597,23,3,4,RO415
2,173686,ŞIRINEASA,,38,387,3,3,4,RO415
3,173695,ŞIRINEASA,247680,38,173686,22,3,4,RO415
3,173702,ARICIOAIA,247681,38,173686,23,3,4,RO415
3,173711,CIORĂŞTI,247682,38,173686,23,3,4,RO415
3,173720,SLĂVITEŞTI,247683,38,173686,23,3,4,RO415
3,173739,VALEA ALUNIŞULUI,247684,38,173686,23,3,4,RO415
2,173748,ŞTEFĂNEŞTI,,38,387,3,3,4,RO415
3,173757,ŞTEFĂNEŞTI,247685,38,173748,22,3,4,RO415
3,173766,CONDOIEŞTI,247686,38,173748,23,3,4,RO415
3,173775,DOBRUŞA,247687,38,173748,23,3,4,RO415
3,173784,ŞERBĂNEŞTI,247688,38,173748,23,3,4,RO415
2,173793,ŞUŞANI,,38,387,3,3,4,RO415
3,173800,ŞUŞANI,247690,38,173793,22,3,4,RO415
3,173819,RÂMEŞTI,247691,38,173793,23,3,4,RO415
3,173828,SÂRBI,247692,38,173793,23,3,4,RO415
3,173837,STOICULEŞTI,247693,38,173793,23,3,4,RO415
3,173846,UŞUREI,247694,38,173793,23,3,4,RO415
2,173855,TETOIU,,38,387,3,3,4,RO415
3,173864,TETOIU,247695,38,173855,22,3,4,RO415
3,173873,BĂROIU,247696,38,173855,23,3,4,RO415
3,173882,BUDELE,247697,38,173855,23,3,4,RO415
3,173891,MĂNEASA,247698,38,173855,23,3,4,RO415
3,173908,NENCIULEŞTI,247699,38,173855,23,3,4,RO415
3,173917,POPEŞTI,247701,38,173855,23,3,4,RO415
3,173926,ŢEPEŞTI,247702,38,173855,23,3,4,RO415
2,174496,TITEŞTI,,38,387,3,3,4,RO415
3,172260,TITEŞTI,247492,38,174496,22,3,4,RO415
3,172180,BRATOVEŞTI,247482,38,174496,23,3,4,RO415
3,172199,CUCOIU,247483,38,174496,23,3,4,RO415
2,173935,TOMŞANI,,38,387,3,3,4,RO415
3,173944,TOMŞANI,247705,38,173935,22,3,4,RO415
3,173953,BĂLTĂŢENI,247706,38,173935,23,3,4,RO415
3,173962,BOGDĂNEŞTI,247707,38,173935,23,3,4,RO415
3,173971,CHICENI,247708,38,173935,23,3,4,RO415
3,173980,DUMBRĂVEŞTI,247709,38,173935,23,3,4,RO415
3,173999,FOLEŞTII DE JOS,247711,38,173935,23,3,4,RO415
3,174003,FOLEŞTII DE SUS,247715,38,173935,23,3,4,RO415
3,174012,MIREŞTI,247712,38,173935,23,3,4,RO415
2,174021,VAIDEENI,,38,387,3,3,4,RO415
3,174030,VAIDEENI,247725,38,174021,22,3,4,RO415
3,174049,CERNA,247726,38,174021,23,3,4,RO415
3,174058,CORNET,247727,38,174021,23,3,4,RO415
3,174067,IZVORU RECE,247728,38,174021,23,3,4,RO415
3,174076,MARIŢA,247729,38,174021,23,3,4,RO415
2,174085,VALEA MARE,,38,387,3,3,4,RO415
3,174094,VALEA MARE,247730,38,174085,22,3,4,RO415
3,174101,BĂTĂŞANI,247731,38,174085,23,3,4,RO415
3,174110,DELURENI,247732,38,174085,23,3,4,RO415
3,174129,DRĂGANU,247733,38,174085,23,3,4,RO415
3,174138,MĂRGINENI,247734,38,174085,23,3,4,RO415
3,174147,PIETROASA,247736,38,174085,23,3,4,RO415
2,174156,VLĂDEŞTI,,38,387,3,3,4,RO415
3,174165,VLĂDEŞTI,247740,38,174156,22,3,4,RO415
3,174174,FUNDĂTURA,247741,38,174156,23,3,4,RO415
3,174183,PLEAŞA,247742,38,174156,23,3,4,RO415
3,174192,PRIPORU,247743,38,174156,23,3,4,RO415
3,174209,TRUNDIN,247744,38,174156,23,3,4,RO415
2,174218,VOICEŞTI,,38,387,3,3,4,RO415
3,174227,VOICEŞTI,247745,38,174218,22,3,4,RO415
3,174236,TIGHINA,247746,38,174218,23,3,4,RO415
3,174245,VOICEŞTII DIN VALE,247747,38,174218,23,3,4,RO415
2,174254,VOINEASA,,38,387,3,3,4,RO415
3,174263,VOINEASA,247750,38,174254,22,3,4,RO415
3,174272,VALEA MĂCEŞULUI,247751,38,174254,23,3,4,RO415
3,174281,VOINEŞIŢA,247752,38,174254,23,3,4,RO415
2,174290,ZĂTRENI,,38,387,3,3,4,RO415
3,174307,ZĂTRENI,247755,38,174290,22,3,4,RO415
3,174316,BUTANU,247756,38,174290,23,3,4,RO415
3,174325,CIORTEŞTI,247757,38,174290,23,3,4,RO415
3,174343,DEALU GLĂMEIA,247759,38,174290,23,3,4,RO415
3,174352,DEALU VĂLENI,247761,38,174290,23,3,4,RO415
3,174361,FĂUREŞTI,247762,38,174290,23,3,4,RO415
3,174414,MĂNICEA,247768,38,174290,23,3,4,RO415
3,174423,MECEA,247769,38,174290,23,3,4,RO415
3,174432,OLTEŢU,247771,38,174290,23,3,4,RO415
3,174441,SĂŞCIOARA,247772,38,174290,23,3,4,RO415
3,174450,STANOMIRU,247773,38,174290,23,3,4,RO415
3,174469,VALEA VĂLENI,247774,38,174290,23,3,4,RO415
3,174478,VĂLENI,247776,38,174290,23,3,4,RO415
3,174487,ZĂTRENII DE SUS,247777,38,174290,23,3,4,RO415
1,396,JUDEŢUL VRANCEA,,39,1,40,0,2,RO226
2,174744,MUNICIPIUL FOCŞANI,,39,396,1,1,2,RO226
3,174753,FOCŞANI,620003,39,174744,9,1,2,RO226
3,174762,MÂNDREŞTI-MOLDOVA,620001,39,174744,10,1,2,RO226
3,174771,MÂNDREŞTI-MUNTENI,620002,39,174744,10,1,2,RO226
2,174860,MUNICIPIUL  ADJUD,,39,396,4,1,2,RO226
3,174879,ADJUD,625100,39,174860,9,1,2,RO226
3,174897,ADJUDU VECHI,625101,39,174860,11,1,2,RO226
3,174888,BURCIOAIA,625102,39,174860,10,1,2,RO226
3,174904,ŞIŞCANI,625103,39,174860,11,1,2,RO226
2,174922,ORAŞ MĂRĂŞEŞTI,,39,396,2,1,2,RO226
3,174931,MĂRĂŞEŞTI,625200,39,174922,17,1,2,RO226
3,174977,CĂLIMĂNEŞTI,625201,39,174922,19,1,2,RO226
3,174968,HARET,625202,39,174922,19,1,2,RO226
3,174986,MODRUZENI,625203,39,174922,19,1,2,RO226
3,174995,PĂDURENI,625204,39,174922,19,1,2,RO226
3,174940,SIRETU,625205,39,174922,18,1,2,RO226
3,174959,TIŞIŢA,625206,39,174922,18,1,2,RO226
2,175019,ORAŞ ODOBEŞTI,,39,396,2,1,2,RO226
3,175028,ODOBEŞTI,625300,39,175019,17,1,2,RO226
3,175037,UNIREA,625301,39,175019,19,1,2,RO226
2,175055,ORAŞ PANCIU,,39,396,2,1,2,RO226
3,175064,PANCIU,625400,39,175055,17,1,2,RO226
3,175073,CRUCEA DE JOS,625401,39,175055,18,1,2,RO226
3,175082,CRUCEA DE SUS,625402,39,175055,18,1,2,RO226
3,175091,DUMBRAVA,625403,39,175055,18,1,2,RO226
3,175108,NEICU,625404,39,175055,18,1,2,RO226
3,175117,SATU NOU,625405,39,175055,18,1,2,RO226
2,175126,ANDREIAŞU DE JOS,,39,396,3,3,2,RO226
3,175135,ANDREIAŞU DE JOS,627005,39,175126,22,3,2,RO226
3,175144,ANDREIAŞU DE SUS,627006,39,175126,23,3,2,RO226
3,175153,ARŞIŢA,627007,39,175126,23,3,2,RO226
3,175162,FETIG,627008,39,175126,23,3,2,RO226
3,175171,HOTARU,627009,39,175126,23,3,2,RO226
3,175180,RĂCHITAŞU,627011,39,175126,23,3,2,RO226
3,175199,TITILA,627012,39,175126,23,3,2,RO226
2,175206,BĂLEŞTI,,39,396,3,3,2,RO226
3,175215,BĂLEŞTI,627015,39,175206,22,3,2,RO226
2,175224,BÂRSEŞTI,,39,396,3,3,2,RO226
3,175233,BÂRSEŞTI,627020,39,175224,22,3,2,RO226
3,175251,TOPEŞTI,627022,39,175224,23,3,2,RO226
2,178929,BILIEŞTI,,39,396,3,3,2,RO226
3,177860,BILIEŞTI,627331,39,178929,22,3,2,RO226
2,175260,BOGHEŞTI,,39,396,3,3,2,RO226
3,175279,BOGHEŞTI,627025,39,175260,22,3,2,RO226
3,175288,BICHEŞTI,627026,39,175260,23,3,2,RO226
3,175297,BOGHEŞTII DE SUS,627027,39,175260,23,3,2,RO226
3,175304,CHIŢCANI,627028,39,175260,23,3,2,RO226
3,175313,IUGANI,627029,39,175260,23,3,2,RO226
3,175322,PLĂCINŢENI,627031,39,175260,23,3,2,RO226
3,175331,PLEŞEŞTI,627032,39,175260,23,3,2,RO226
3,175340,PRISECANI,627033,39,175260,23,3,2,RO226
3,175359,TĂBUCEŞTI,627034,39,175260,23,3,2,RO226
2,175368,BOLOTEŞTI,,39,396,3,3,2,RO226
3,175377,BOLOTEŞTI,627035,39,175368,22,3,2,RO226
3,175386,GĂGEŞTI,627036,39,175368,23,3,2,RO226
3,175395,IVĂNCEŞTI,627037,39,175368,23,3,2,RO226
3,175402,PIETROASA,627038,39,175368,23,3,2,RO226
3,175411,PUTNA,627039,39,175368,23,3,2,RO226
3,175420,VITĂNEŞTII DE SUB MĂGURĂ,627041,39,175368,23,3,2,RO226
2,175439,BORDEŞTI,,39,396,3,3,2,RO226
3,175448,BORDEŞTI,627045,39,175439,22,3,2,RO226
3,175457,BORDEŞTII DE JOS,627046,39,175439,23,3,2,RO226
2,175466,BROŞTENI,,39,396,3,3,2,RO226
3,175475,BROŞTENI,627050,39,175466,22,3,2,RO226
3,175484,ARVA,627051,39,175466,23,3,2,RO226
3,175493,PITULUŞA,627052,39,175466,23,3,2,RO226
2,174780,CÂMPINEANCA,,39,396,3,3,2,RO226
3,174799,CÂMPINEANCA,627055,39,174780,22,3,2,RO226
3,174806,PIETROASA,627056,39,174780,23,3,2,RO226
3,174815,VÂLCELE,627057,39,174780,23,3,2,RO226
2,175670,CÂMPURI,,39,396,3,3,2,RO226
3,175689,CÂMPURI,627060,39,175670,22,3,2,RO226
3,175698,FETEŞTI,627061,39,175670,23,3,2,RO226
3,175705,GURA VĂII,627062,39,175670,23,3,2,RO226
3,175714,ROTILEŞTII MARI,627063,39,175670,23,3,2,RO226
3,175723,ROTILEŞTII MICI,627064,39,175670,23,3,2,RO226
2,175732,CÂRLIGELE,,39,396,3,3,2,RO226
3,175741,CÂRLIGELE,627065,39,175732,22,3,2,RO226
3,175750,BLIDARI,627066,39,175732,23,3,2,RO226
3,175769,BONŢEŞTI,627067,39,175732,23,3,2,RO226
3,175778,DĂLHĂUŢI,627068,39,175732,23,3,2,RO226
2,175509,CHIOJDENI,,39,396,3,3,2,RO226
3,175518,CHIOJDENI,627070,39,175509,22,3,2,RO226
3,175527,CĂTĂUŢI,627071,39,175509,23,3,2,RO226
3,175536,LOJNIŢA,627072,39,175509,23,3,2,RO226
3,175545,LUNCILE,627073,39,175509,23,3,2,RO226
3,175554,MĂRĂCINI,627074,39,175509,23,3,2,RO226
3,175563,PODURILE,627076,39,175509,23,3,2,RO226
3,175572,SECIU,627077,39,175509,23,3,2,RO226
3,175581,TULBUREA,627078,39,175509,23,3,2,RO226
2,175590,CIORĂŞTI,,39,396,3,3,2,RO226
3,175607,CIORĂŞTI,627080,39,175590,22,3,2,RO226
3,175616,CODREŞTI,627081,39,175590,23,3,2,RO226
3,175625,MIHĂLCENI,627082,39,175590,23,3,2,RO226
3,175634,SALCIA NOUĂ,627083,39,175590,23,3,2,RO226
3,175643,SALCIA VECHE,627084,39,175590,23,3,2,RO226
3,175652,SATU NOU,627086,39,175590,23,3,2,RO226
3,175661,SPĂTĂREASA,627087,39,175590,23,3,2,RO226
2,175787,CORBIŢA,,39,396,3,3,2,RO226
3,175796,ŞERBĂNEŞTI,627097,39,175787,22,3,2,RO226
3,175803,BUDA,627091,39,175787,23,3,2,RO226
3,175812,CORBIŢA,627090,39,175787,23,3,2,RO226
3,175821,IZVOARELE,627092,39,175787,23,3,2,RO226
3,175830,LĂRGĂŞENI,627093,39,175787,23,3,2,RO226
3,175849,OCHEŞEŞTI,627094,39,175787,23,3,2,RO226
3,175858,RĂDĂCINEŞTI,627096,39,175787,23,3,2,RO226
3,175867,TUŢU,627098,39,175787,23,3,2,RO226
3,175876,VÂLCELELE,627099,39,175787,23,3,2,RO226
2,175885,COTEŞTI,,39,396,3,3,2,RO226
3,175894,COTEŞTI,627100,39,175885,22,3,2,RO226
3,175901,BUDEŞTI,627101,39,175885,23,3,2,RO226
3,175910,GOLEŞTII DE SUS,627102,39,175885,23,3,2,RO226
3,175929,VALEA COTEŞTI,627103,39,175885,23,3,2,RO226
2,175938,DUMBRĂVENI,,39,396,3,3,2,RO226
3,175947,DUMBRĂVENI,627105,39,175938,22,3,2,RO226
3,175956,ALEXANDRU VLAHUŢĂ,627106,39,175938,23,3,2,RO226
3,175965,CÂNDEŞTI,627107,39,175938,23,3,2,RO226
3,175974,DRAGOSLOVENI,627108,39,175938,23,3,2,RO226
2,175983,DUMITREŞTI,,39,396,3,3,2,RO226
3,175992,DUMITREŞTI,627110,39,175983,22,3,2,RO226
3,176007,BICEŞTII DE JOS,627111,39,175983,23,3,2,RO226
3,176016,BICEŞTII DE SUS,627112,39,175983,23,3,2,RO226
3,176025,BLIDARI,627113,39,175983,23,3,2,RO226
3,176043,DUMITREŞTII DE SUS,627114,39,175983,23,3,2,RO226
3,176034,DUMITREŞTII-FAŢĂ,627116,39,175983,23,3,2,RO226
3,176052,GĂLOIEŞTI,627117,39,175983,23,3,2,RO226
3,176061,LĂSTUNI,627118,39,175983,23,3,2,RO226
3,176070,LUPOAIA,627119,39,175983,23,3,2,RO226
3,176089,MOTNĂU,627121,39,175983,23,3,2,RO226
3,176098,POIENIŢA,627122,39,175983,23,3,2,RO226
3,176105,ROŞCARI,627123,39,175983,23,3,2,RO226
3,176114,SIMINOC,627124,39,175983,23,3,2,RO226
3,176123,TINOASA,627126,39,175983,23,3,2,RO226
3,176132,TRESTIA,627127,39,175983,23,3,2,RO226
3,176141,VALEA MICĂ,627128,39,175983,23,3,2,RO226
2,176150,FITIONEŞTI,,39,396,3,3,2,RO226
3,176169,FITIONEŞTI,627135,39,176150,22,3,2,RO226
3,176178,CIOLĂNEŞTI,627136,39,176150,23,3,2,RO226
3,176187,GHIMICEŞTI,627137,39,176150,23,3,2,RO226
3,176196,HOLBĂNEŞTI,627138,39,176150,23,3,2,RO226
3,176203,MĂNĂSTIOARA,627139,39,176150,23,3,2,RO226
2,176212,GAROAFA,,39,396,3,3,2,RO226
3,176221,GAROAFA,627140,39,176212,22,3,2,RO226
3,176230,BIZIGHEŞTI,627141,39,176212,23,3,2,RO226
3,176249,CIUŞLEA,627142,39,176212,23,3,2,RO226
3,176258,DOAGA,627143,39,176212,23,3,2,RO226
3,176267,FĂUREI,627144,39,176212,23,3,2,RO226
3,176276,PRECISTANU,627146,39,176212,23,3,2,RO226
3,176285,RĂCHITOSU,627147,39,176212,23,3,2,RO226
3,176294,STRĂJESCU,627148,39,176212,23,3,2,RO226
2,174824,GOLEŞTI,,39,396,3,3,2,RO226
3,174833,GOLEŞTI,627150,39,174824,22,3,2,RO226
3,174842,CEARDAC,627151,39,174824,23,3,2,RO226
2,178938,GOLOGANU,,39,396,3,3,2,RO226
3,176766,GOLOGANU,627206,39,178938,22,3,2,RO226
2,176301,GUGEŞTI,,39,396,3,3,2,RO226
3,176310,GUGEŞTI,627155,39,176301,22,3,2,RO226
3,176329,OREAVU,627156,39,176301,23,3,2,RO226
2,176338,GURA CALIŢEI,,39,396,3,3,2,RO226
3,176347,GURA CALIŢEI,627160,39,176338,22,3,2,RO226
3,176356,BĂLĂNEŞTI,627161,39,176338,23,3,2,RO226
3,176365,COCOŞARI,627162,39,176338,23,3,2,RO226
3,176374,DEALUL LUNG,627163,39,176338,23,3,2,RO226
3,176383,GROAPA TUFEI,627164,39,176338,23,3,2,RO226
3,176392,LACU LUI BABAN,627166,39,176338,23,3,2,RO226
3,176409,PLOPU,627167,39,176338,23,3,2,RO226
3,176418,POENILE,627168,39,176338,23,3,2,RO226
3,176427,RAŞCA,627169,39,176338,23,3,2,RO226
3,176436,ŞOTÂRCARI,627171,39,176338,23,3,2,RO226
2,176445,HOMOCEA,,39,396,3,3,2,RO226
3,176454,HOMOCEA,627175,39,176445,22,3,2,RO226
3,176472,COSTIŞA,627177,39,176445,23,3,2,RO226
3,176481,LESPEZI,627178,39,176445,23,3,2,RO226
2,176506,JARIŞTEA,,39,396,3,3,2,RO226
3,176515,JARIŞTEA,627180,39,176506,22,3,2,RO226
3,176524,PĂDURENI,627181,39,176506,23,3,2,RO226
3,176533,SCÂNTEIA,627182,39,176506,23,3,2,RO226
3,176542,VĂRSĂTURA,627183,39,176506,23,3,2,RO226
2,176551,JITIA,,39,396,3,3,2,RO226
3,176560,JITIA,627185,39,176551,22,3,2,RO226
3,176579,CERBU,627186,39,176551,23,3,2,RO226
3,176588,DEALU SĂRII,627187,39,176551,23,3,2,RO226
3,176597,JITIA DE JOS,627188,39,176551,23,3,2,RO226
3,176604,MĂGURA,627189,39,176551,23,3,2,RO226
2,176613,MĂICĂNEŞTI,,39,396,3,3,2,RO226
3,176622,MĂICĂNEŞTI,627190,39,176613,22,3,2,RO226
3,176631,BELCIUGELE,627191,39,176613,23,3,2,RO226
3,176640,RÂMNICENI,627192,39,176613,23,3,2,RO226
3,176659,SLOBOZIA BOTEŞTI,627193,39,176613,23,3,2,RO226
3,176668,STUPINA,627194,39,176613,23,3,2,RO226
3,176677,TĂTARU,627196,39,176613,23,3,2,RO226
2,176686,MERA,,39,396,3,3,2,RO226
3,176695,MERA,627200,39,176686,22,3,2,RO226
3,176702,LIVADA,627201,39,176686,23,3,2,RO226
3,176711,MILCOVEL,627202,39,176686,23,3,2,RO226
3,176720,ROŞIOARA,627203,39,176686,23,3,2,RO226
3,176739,VULCĂNEASA,627204,39,176686,23,3,2,RO226
2,176748,MILCOVUL,,39,396,3,3,2,RO226
3,176757,MILCOVUL,627205,39,176748,22,3,2,RO226
3,176775,LĂMOTEŞTI,627207,39,176748,23,3,2,RO226
2,176793,MOVILIŢA,,39,396,3,3,2,RO226
3,176800,MOVILIŢA,627210,39,176793,22,3,2,RO226
3,176819,DIOCHEŢI-REDIU,627211,39,176793,23,3,2,RO226
3,176828,FRECĂŢEI,627212,39,176793,23,3,2,RO226
3,176837,TROTUŞANU,627213,39,176793,23,3,2,RO226
3,176846,VĂLENI,627214,39,176793,23,3,2,RO226
2,176855,NĂNEŞTI,,39,396,3,3,2,RO226
3,176864,NĂNEŞTI,627215,39,176855,22,3,2,RO226
3,176873,CĂLIENII NOI,627216,39,176855,23,3,2,RO226
3,176882,CĂLIENII VECHI,627217,39,176855,23,3,2,RO226
2,176891,NĂRUJA,,39,396,3,3,2,RO226
3,176908,NĂRUJA,627220,39,176891,22,3,2,RO226
3,176917,PODU NĂRUJEI,627221,39,176891,23,3,2,RO226
3,176926,PODU STOICA,627222,39,176891,23,3,2,RO226
3,176935,REBEGARI,627223,39,176891,23,3,2,RO226
2,178885,NEGRILEŞTI,,39,396,3,3,2,RO226
3,175242,NEGRILEŞTI,627021,39,178885,22,3,2,RO226
2,176944,NEREJU,,39,396,3,3,2,RO226
3,176953,NEREJU,627225,39,176944,22,3,2,RO226
3,176962,BRĂDĂCEŞTI,627226,39,176944,23,3,2,RO226
3,176971,CHIRICANI,627227,39,176944,23,3,2,RO226
3,176980,NEREJU MIC,627228,39,176944,23,3,2,RO226
3,176999,SAHASTRU,627229,39,176944,23,3,2,RO226
2,177003,NISTOREŞTI,,39,396,3,3,2,RO226
3,177012,NISTOREŞTI,627230,39,177003,22,3,2,RO226
3,177021,BÂTCARI,627231,39,177003,23,3,2,RO226
3,177030,BRĂDETU,627232,39,177003,23,3,2,RO226
3,177049,FĂGETU,627233,39,177003,23,3,2,RO226
3,177058,PODU ŞCHIOPULUI,627234,39,177003,23,3,2,RO226
3,177067,ROMĂNEŞTI,627236,39,177003,23,3,2,RO226
3,177076,UNGURENI,627237,39,177003,23,3,2,RO226
3,177085,VALEA NEAGRĂ,627238,39,177003,23,3,2,RO226
3,177094,VETREŞTI-HERĂSTRĂU,627239,39,177003,23,3,2,RO226
2,178947,OBREJIŢA,,39,396,3,3,2,RO226
3,178064,OBREJIŢA,627356,39,178947,22,3,2,RO226
2,177101,PALTIN,,39,396,3,3,2,RO226
3,177110,PALTIN,627240,39,177101,22,3,2,RO226
3,177138,GHEBARI,627242,39,177101,23,3,2,RO226
3,177165,PRAHUDA,627246,39,177101,23,3,2,RO226
3,177209,ŢEPA,627251,39,177101,23,3,2,RO226
3,177227,VÂLCANI,627253,39,177101,23,3,2,RO226
2,178910,PĂULEŞTI,,39,396,3,3,2,RO226
3,178171,PĂULEŞTI,627371,39,178910,22,3,2,RO226
3,178153,HĂULIŞCA,627368,39,178910,23,3,2,RO226
2,177236,PĂUNEŞTI,,39,396,3,3,2,RO226
3,177245,PĂUNEŞTI,627260,39,177236,22,3,2,RO226
3,177254,VIIŞOARA,627261,39,177236,23,3,2,RO226
2,178894,PLOSCUŢENI,,39,396,3,3,2,RO226
3,176490,PLOSCUŢENI,627179,39,178894,22,3,2,RO226
3,176463,ARGEA,627176,39,178894,23,3,2,RO226
2,177263,POIANA CRISTEI,,39,396,3,3,2,RO226
3,177272,POIANA CRISTEI,627265,39,177263,22,3,2,RO226
3,177281,DEALU CUCULUI,627266,39,177263,23,3,2,RO226
3,177290,DUMBRAVA,627267,39,177263,23,3,2,RO226
3,177307,MAHRIU,627268,39,177263,23,3,2,RO226
3,177316,ODOBASCA,627269,39,177263,23,3,2,RO226
3,177325,PETREANU,627271,39,177263,23,3,2,RO226
3,177334,PODU LACULUI,627272,39,177263,23,3,2,RO226
3,177343,TÂRÂTU,627273,39,177263,23,3,2,RO226
2,178901,POPEŞTI,,39,396,3,3,2,RO226
3,178297,POPEŞTI,627386,39,178901,22,3,2,RO226
3,178304,TERCHEŞTI,627387,39,178901,23,3,2,RO226
2,177352,PUFEŞTI,,39,396,3,3,2,RO226
3,177361,PUFEŞTI,627275,39,177352,22,3,2,RO226
3,177370,CIORANI,627276,39,177352,23,3,2,RO226
3,177389,DOMNEŞTI-SAT,627277,39,177352,23,3,2,RO226
3,177398,DOMNEŞTI-TÂRG,627278,39,177352,23,3,2,RO226
2,177405,RĂCOASA,,39,396,3,3,2,RO226
3,177414,RĂCOASA,627280,39,177405,22,3,2,RO226
3,177423,GOGOIU,627281,39,177405,23,3,2,RO226
3,177432,MĂRĂŞTI,627282,39,177405,23,3,2,RO226
3,177441,VARNIŢA,627283,39,177405,23,3,2,RO226
3,177450,VERDEA,627284,39,177405,23,3,2,RO226
2,178956,RĂSTOACA,,39,396,3,3,2,RO226
3,176784,RĂSTOACA,627208,39,178956,22,3,2,RO226
2,177469,REGHIU,,39,396,3,3,2,RO226
3,177478,REGHIU,627285,39,177469,22,3,2,RO226
3,177487,FARCAŞ,627286,39,177469,23,3,2,RO226
3,177496,JGHEABURI,627287,39,177469,23,3,2,RO226
3,177502,PISCU REGHIULUI,627288,39,177469,23,3,2,RO226
3,177511,RĂIUŢI,627289,39,177469,23,3,2,RO226
3,177520,ŞINDRILARI,627291,39,177469,23,3,2,RO226
3,177539,URSOAIA,627292,39,177469,23,3,2,RO226
3,177548,VALEA MILCOVULUI,627293,39,177469,23,3,2,RO226
2,177557,RUGINEŞTI,,39,396,3,3,2,RO226
3,177566,RUGINEŞTI,627295,39,177557,22,3,2,RO226
3,177575,ANGHELEŞTI,627296,39,177557,23,3,2,RO226
3,177584,COPĂCEŞTI,627297,39,177557,23,3,2,RO226
3,177593,VĂLENI,627298,39,177557,23,3,2,RO226
2,177600,SIHLEA,,39,396,3,3,2,RO226
3,177619,SIHLEA,627300,39,177600,22,3,2,RO226
3,177628,BOGZA,627301,39,177600,23,3,2,RO226
3,177637,CĂIATA,627302,39,177600,23,3,2,RO226
3,177646,VOETIN,627303,39,177600,23,3,2,RO226
2,177655,SLOBOZIA BRADULUI,,39,396,3,3,2,RO226
3,177664,SLOBOZIA BRADULUI,627305,39,177655,22,3,2,RO226
3,177673,CORNETU,627306,39,177655,23,3,2,RO226
3,177682,COROTENI,627307,39,177655,23,3,2,RO226
3,177691,LIEŞTI,627308,39,177655,23,3,2,RO226
3,177708,OLĂRENI,627309,39,177655,23,3,2,RO226
3,177717,VALEA BECIULUI,627311,39,177655,23,3,2,RO226
2,177726,SLOBOZIA CIORĂŞTI,,39,396,3,3,2,RO226
3,177735,SLOBOZIA CIORĂŞTI,627315,39,177726,22,3,2,RO226
3,177744,ARMENI,627316,39,177726,23,3,2,RO226
3,177753,JILIŞTE,627317,39,177726,23,3,2,RO226
2,177762,SOVEJA,,39,396,3,3,2,RO226
3,177771,DRAGOSLOVENI,627321,39,177762,22,3,2,RO226
3,177780,RUCĂRENI,627322,39,177762,23,3,2,RO226
2,178965,SPULBER,,39,396,3,3,2,RO226
3,177174,SPULBER,627247,39,178965,22,3,2,RO226
3,177129,CARŞOCHEŞTI-CORĂBIŢA,627241,39,178965,23,3,2,RO226
3,177147,MORĂREŞTI,627243,39,178965,23,3,2,RO226
3,177156,PĂVĂLARI,627244,39,178965,23,3,2,RO226
3,177183,TOJANII DE JOS,627248,39,178965,23,3,2,RO226
3,177192,TOJANII DE SUS,627249,39,178965,23,3,2,RO226
3,177218,ŢIPĂU,627252,39,178965,23,3,2,RO226
2,177799,STRĂOANE,,39,396,3,3,2,RO226
3,177806,STRĂOANE,627325,39,177799,22,3,2,RO226
3,177815,MUNCELU,627326,39,177799,23,3,2,RO226
3,177824,REPEDEA,627327,39,177799,23,3,2,RO226
3,177833,VĂLENI,627328,39,177799,23,3,2,RO226
2,177842,SURAIA,,39,396,3,3,2,RO226
3,177851,SURAIA,627330,39,177842,22,3,2,RO226
2,177879,TĂNĂSOAIA,,39,396,3,3,2,RO226
3,177888,TĂNĂSOAIA,627335,39,177879,22,3,2,RO226
3,177897,CĂLIMĂNEASA,627336,39,177879,23,3,2,RO226
3,177904,COSTIŞA,627337,39,177879,23,3,2,RO226
3,177913,COSTIŞA DE SUS,627338,39,177879,23,3,2,RO226
3,177922,COVRAG,627339,39,177879,23,3,2,RO226
3,177931,FELDIOARA,627341,39,177879,23,3,2,RO226
3,177940,GALBENI,627342,39,177879,23,3,2,RO226
3,177959,NĂNEŞTI,627343,39,177879,23,3,2,RO226
3,177968,VLADNICU DE JOS,627344,39,177879,23,3,2,RO226
3,177977,VLADNICU DE SUS,627346,39,177879,23,3,2,RO226
2,177986,TĂTĂRANU,,39,396,3,3,2,RO226
3,177995,TĂTĂRANU,627350,39,177986,22,3,2,RO226
3,178000,BORDEASCA NOUĂ,627351,39,177986,23,3,2,RO226
3,178019,BORDEASCA VECHE,627352,39,177986,23,3,2,RO226
3,178028,MĂRTINEŞTI,627353,39,177986,23,3,2,RO226
3,178037,VÂJÂITOAREA,627354,39,177986,23,3,2,RO226
2,178046,TÂMBOEŞTI,,39,396,3,3,2,RO226
3,178055,TÂMBOEŞTI,627355,39,178046,22,3,2,RO226
3,178073,PĂDURENI,627357,39,178046,23,3,2,RO226
3,178082,PIETROASA,627358,39,178046,23,3,2,RO226
3,178091,SLIMNIC,627359,39,178046,23,3,2,RO226
3,178108,TRESTIENI,627361,39,178046,23,3,2,RO226
2,178117,TULNICI,,39,396,3,3,2,RO226
3,178126,TULNICI,627365,39,178117,22,3,2,RO226
3,178135,COZA,627366,39,178117,23,3,2,RO226
3,178144,GREŞU,627367,39,178117,23,3,2,RO226
3,178162,LEPŞA,627369,39,178117,23,3,2,RO226
2,178180,ŢIFEŞTI,,39,396,3,3,2,RO226
3,178199,ŢIFEŞTI,627375,39,178180,22,3,2,RO226
3,178206,BĂTINEŞTI,627376,39,178180,23,3,2,RO226
3,178215,CLIPICEŞTI,627377,39,178180,23,3,2,RO226
3,178224,IGEŞTI,627378,39,178180,23,3,2,RO226
3,178233,OLEŞEŞTI,627379,39,178180,23,3,2,RO226
3,178242,PĂTRĂŞCANI,627381,39,178180,23,3,2,RO226
3,178251,SÂRBI,627382,39,178180,23,3,2,RO226
3,178260,VITĂNEŞTI,627383,39,178180,23,3,2,RO226
2,178279,URECHEŞTI,,39,396,3,3,2,RO226
3,178288,URECHEŞTI,627385,39,178279,22,3,2,RO226
2,178313,VALEA SĂRII,,39,396,3,3,2,RO226
3,178322,VALEA SĂRII,627390,39,178313,22,3,2,RO226
3,178331,COLACU,627391,39,178313,23,3,2,RO226
3,178340,MĂTĂCINA,627392,39,178313,23,3,2,RO226
3,178359,PODURI,627393,39,178313,23,3,2,RO226
3,178368,PRISACA,627394,39,178313,23,3,2,RO226
2,178607,VÂNĂTORI,,39,396,3,3,2,RO226
3,178616,VÂNĂTORI,627395,39,178607,22,3,2,RO226
3,178625,BALTA RAŢEI,627396,39,178607,23,3,2,RO226
3,178634,JORĂŞTI,627397,39,178607,23,3,2,RO226
3,178643,MIRCEŞTII NOI,627398,39,178607,23,3,2,RO226
3,178652,MIRCEŞTII VECHI,627399,39,178607,23,3,2,RO226
3,178661,PETREŞTI,627401,39,178607,23,3,2,RO226
3,178670,RĂDULEŞTI,627402,39,178607,23,3,2,RO226
2,178689,VÂRTEŞCOIU,,39,396,3,3,2,RO226
3,178698,VÂRTEŞCOIU,627405,39,178689,22,3,2,RO226
3,178705,BECIU,627406,39,178689,23,3,2,RO226
3,178714,FARAOANELE,627407,39,178689,23,3,2,RO226
3,178723,OLTENI,627408,39,178689,23,3,2,RO226
3,178732,PIETROASA,627409,39,178689,23,3,2,RO226
3,178741,RÂMNICEANCA,627411,39,178689,23,3,2,RO226
2,178377,VIDRA,,39,396,3,3,2,RO226
3,178386,VIDRA,627415,39,178377,22,3,2,RO226
3,178395,BURCA,627416,39,178377,23,3,2,RO226
3,178402,IREŞTI,627417,39,178377,23,3,2,RO226
3,178411,RUGET,627418,39,178377,23,3,2,RO226
3,178420,SCAFARI,627419,39,178377,23,3,2,RO226
3,178439,ŞERBEŞTI,627421,39,178377,23,3,2,RO226
3,178448,TICHIRIŞ,627422,39,178377,23,3,2,RO226
3,178457,VIIŞOARA,627423,39,178377,23,3,2,RO226
3,178466,VOLOŞCANI,627424,39,178377,23,3,2,RO226
2,178475,VINTILEASCA,,39,396,3,3,2,RO226
3,178484,VINTILEASCA,627425,39,178475,22,3,2,RO226
3,178493,BAHNELE,627426,39,178475,23,3,2,RO226
3,178509,DUPĂ MĂGURA,627427,39,178475,23,3,2,RO226
3,178518,NECULELE,627428,39,178475,23,3,2,RO226
3,178527,POIANA STOICHII,627429,39,178475,23,3,2,RO226
3,178536,TĂNĂSARI,627431,39,178475,23,3,2,RO226
2,178545,VIZANTEA-LIVEZI,,39,396,3,3,2,RO226
3,178554,LIVEZILE,627436,39,178545,22,3,2,RO226
3,178563,MESTEACĂNU,627437,39,178545,23,3,2,RO226
3,178572,PISCU RADULUI,627438,39,178545,23,3,2,RO226
3,178581,VIZANTEA MĂNĂSTIREASCĂ,627439,39,178545,23,3,2,RO226
3,178590,VIZANTEA RĂZĂŞEASCĂ,627441,39,178545,23,3,2,RO226
2,178750,VRÂNCIOAIA,,39,396,3,3,2,RO226
3,178769,VRÂNCIOAIA,627445,39,178750,22,3,2,RO226
3,178778,BODEŞTI,627446,39,178750,23,3,2,RO226
3,178787,MUNCEI,627447,39,178750,23,3,2,RO226
3,178796,PLOŞTINA,627448,39,178750,23,3,2,RO226
3,178803,POIANA,627449,39,178750,23,3,2,RO226
3,178812,SPINEŞTI,627451,39,178750,23,3,2,RO226
2,178821,VULTURU,,39,396,3,3,2,RO226
3,178830,VULTURU,627455,39,178821,22,3,2,RO226
3,178849,BOŢÂRLĂU,627456,39,178821,23,3,2,RO226
3,178858,HÂNGULEŞTI,627457,39,178821,23,3,2,RO226
3,178867,MALURI,627458,39,178821,23,3,2,RO226
3,178876,VADU ROŞCA,627459,39,178821,23,3,2,RO226
1,403,MUNICIPIUL BUCUREŞTI,,40,1,40,0,8,RO321
2,179132,MUNICIPIUL BUCUREŞTI,,40,403,9,1,8,RO321
3,179141,BUCUREŞTI SECTORUL 1,10013,40,179132,6,1,8,RO321
3,179150,BUCUREŞTI SECTORUL 2,20071,40,179132,6,1,8,RO321
3,179169,BUCUREŞTI SECTORUL 3,32804,40,179132,6,1,8,RO321
3,179178,BUCUREŞTI SECTORUL 4,40671,40,179132,6,1,8,RO321
3,179187,BUCUREŞTI SECTORUL 5,50341,40,179132,6,1,8,RO321
3,179196,BUCUREŞTI SECTORUL 6,60154,40,179132,6,1,8,RO321
